caller_addr,caller_func,call_site_addr,callee_addr,callee_func,call_type
"00112380","FUN_00112380","0011238c","00116c70","FUN_00116c70",direct
"001123a8","FUN_001123a8","001123bc","00114920","FUN_00114920",direct
"001123a8","FUN_001123a8","001123c8","001123a8","FUN_001123a8",tail
"001123a8","FUN_001123a8","001123d0","001123a8","FUN_001123a8",tail
"001123a8","FUN_001123a8","001123ec","001123a8","FUN_001123a8",tail
"001123a8","FUN_001123a8","001123f4","001123a8","FUN_001123a8",tail
"001123a8","FUN_001123a8","00112408","001123a8","FUN_001123a8",tail
"001123a8","FUN_001123a8","0011241c","001123a8","FUN_001123a8",tail
"001123a8","FUN_001123a8","0011243c","001123a8","FUN_001123a8",tail
"001123a8","FUN_001123a8","00112448","001153fc","FUN_001153fc",direct
"00112468","FUN_00112468","00112484","00118e00","FUN_00118e00",direct
"00112468","FUN_00112468","00112494","00112468","FUN_00112468",tail
"00112468","FUN_00112468","001124a0","00112468","FUN_00112468",tail
"001124c0","FUN_001124c0","001124f8","001124c0","FUN_001124c0",tail
"001124c0","FUN_001124c0","0011252c","001124c0","FUN_001124c0",tail
"001124c0","FUN_001124c0","0011253c","001124c0","FUN_001124c0",tail
"001124c0","FUN_001124c0","001125b0","001124c0","FUN_001124c0",tail
"001124c0","FUN_001124c0","001125b8","001124c0","FUN_001124c0",tail
"001124c0","FUN_001124c0","001125c0","001124c0","FUN_001124c0",tail
"001124c0","FUN_001124c0","001125d0","001124c0","FUN_001124c0",tail
"001124c0","FUN_001124c0","001125dc","001124c0","FUN_001124c0",tail
"001124c0","FUN_001124c0","001125ec","00115ce8","FUN_00115ce8",direct
"001124c0","FUN_001124c0","001125f4","001124c0","FUN_001124c0",tail
"001124c0","FUN_001124c0","00112668","001124c0","FUN_001124c0",tail
"001124c0","FUN_001124c0","00112678","001124c0","FUN_001124c0",tail
"001124c0","FUN_001124c0","00112680","001124c0","FUN_001124c0",tail
"001124c0","FUN_001124c0","00112690","001124c0","FUN_001124c0",tail
"001124c0","FUN_001124c0","0011269c","001124c0","FUN_001124c0",tail
"001126d8","FUN_001126d8","00112720","001126d8","FUN_001126d8",tail
"001126d8","FUN_001126d8","00112740","00115578","FUN_00115578",direct
"001126d8","FUN_001126d8","00112758","001126d8","FUN_001126d8",tail
"001126d8","FUN_001126d8","0011279c","001126d8","FUN_001126d8",tail
"001126d8","FUN_001126d8","001127b8","001126d8","FUN_001126d8",tail
"001126d8","FUN_001126d8","001127c4","001126d8","FUN_001126d8",tail
"001126d8","FUN_001126d8","001127d8","001126d8","FUN_001126d8",tail
"001126d8","FUN_001126d8","001127f0","001126d8","FUN_001126d8",tail
"001126d8","FUN_001126d8","001127f8","00120130","FUN_00120130",direct
"001126d8","FUN_001126d8","00112800","001126d8","FUN_001126d8",tail
"001126d8","FUN_001126d8","0011281c","001126d8","FUN_001126d8",tail
"001126d8","FUN_001126d8","00112830","001126d8","FUN_001126d8",tail
"001126d8","FUN_001126d8","00112840","00115ee8","FUN_00115ee8",direct
"001126d8","FUN_001126d8","00112850","001126d8","FUN_001126d8",tail
"001126d8","FUN_001126d8","001128a0","001126d8","FUN_001126d8",tail
"001126d8","FUN_001126d8","001128bc","001126d8","FUN_001126d8",tail
"001126d8","FUN_001126d8","001128dc","001126d8","FUN_001126d8",tail
"001126d8","FUN_001126d8","001128f0","00120180","FUN_00120180",direct
"001126d8","FUN_001126d8","001128f8","001126d8","FUN_001126d8",tail
"001126d8","FUN_001126d8","00112908","0011fb48","FUN_0011fb48",direct
"001126d8","FUN_001126d8","00112948","0011fba0","FUN_0011fba0",direct
"001126d8","FUN_001126d8","00112958","0011fc08","FUN_0011fc08",direct
"001126d8","FUN_001126d8","00112968","0011fb48","FUN_0011fb48",direct
"001126d8","FUN_001126d8","00112974","00120180","FUN_00120180",direct
"001126d8","FUN_001126d8","00112984","0011fc08","FUN_0011fc08",direct
"001126d8","FUN_001126d8","00112990","0011fb48","FUN_0011fb48",direct
"001126d8","FUN_001126d8","0011299c","00120238","FUN_00120238",direct
"001126d8","FUN_001126d8","001129ac","00120130","FUN_00120130",direct
"001126d8","FUN_001126d8","001129b4","001126d8","FUN_001126d8",tail
"001126d8","FUN_001126d8","001129bc","00120180","FUN_00120180",direct
"001126d8","FUN_001126d8","001129c8","00120130","FUN_00120130",direct
"001126d8","FUN_001126d8","001129e4","001126d8","FUN_001126d8",tail
"001126d8","FUN_001126d8","00112a00","00120130","FUN_00120130",direct
"001126d8","FUN_001126d8","00112a20","001126d8","FUN_001126d8",tail
"001126d8","FUN_001126d8","00112a2c","001126d8","FUN_001126d8",tail
"001126d8","FUN_001126d8","00112a3c","001126d8","FUN_001126d8",tail
"001126d8","FUN_001126d8","00112a50","001126d8","FUN_001126d8",tail
"001126d8","FUN_001126d8","00112a84","001126d8","FUN_001126d8",tail
"001126d8","FUN_001126d8","00112aa8","001126d8","FUN_001126d8",tail
"001126d8","FUN_001126d8","00112ac0","001126d8","FUN_001126d8",computed
"001126d8","FUN_001126d8","00112ac0","001126d8","FUN_001126d8",computed
"001126d8","FUN_001126d8","00112ac0","001126d8","FUN_001126d8",computed
"001126d8","FUN_001126d8","00112ac0","001126d8","FUN_001126d8",computed
"001126d8","FUN_001126d8","00112ac0","001126d8","FUN_001126d8",computed
"001126d8","FUN_001126d8","00112adc","001126d8","FUN_001126d8",tail
"001126d8","FUN_001126d8","00112b00","001126d8","FUN_001126d8",tail
"001126d8","FUN_001126d8","00112b34","001126d8","FUN_001126d8",tail
"001126d8","FUN_001126d8","00112b60","001126d8","FUN_001126d8",tail
"001126d8","FUN_001126d8","00112b68","001126d8","FUN_001126d8",tail
"001126d8","FUN_001126d8","00112b7c","001154d0","FUN_001154d0",direct
"001126d8","FUN_001126d8","00112b8c","001126d8","FUN_001126d8",tail
"001126d8","FUN_001126d8","00112b94","001126d8","FUN_001126d8",tail
"001126d8","FUN_001126d8","00112ba8","001126d8","FUN_001126d8",tail
"001126d8","FUN_001126d8","00112bcc","001126d8","FUN_001126d8",tail
"001126d8","FUN_001126d8","00112be4","0011feb0","FUN_0011feb0",direct
"001126d8","FUN_001126d8","00112bf0","001126d8","FUN_001126d8",tail
"001126d8","FUN_001126d8","00112c04","001126d8","FUN_001126d8",tail
"001126d8","FUN_001126d8","00112c10","0011fc08","FUN_0011fc08",direct
"001126d8","FUN_001126d8","00112c20","001126d8","FUN_001126d8",tail
"001126d8","FUN_001126d8","00112c2c","0011feb0","FUN_0011feb0",direct
"001126d8","FUN_001126d8","00112c34","001126d8","FUN_001126d8",tail
"001126d8","FUN_001126d8","00112c40","001126d8","FUN_001126d8",tail
"001126d8","FUN_001126d8","00112c60","0011fc08","FUN_0011fc08",direct
"001126d8","FUN_001126d8","00112c68","001126d8","FUN_001126d8",tail
"001126d8","FUN_001126d8","00112c7c","001126d8","FUN_001126d8",tail
"001126d8","FUN_001126d8","00112c88","0011fc08","FUN_0011fc08",direct
"001126d8","FUN_001126d8","00112c98","001126d8","FUN_001126d8",tail
"001126d8","FUN_001126d8","00112ca4","001126d8","FUN_001126d8",tail
"001126d8","FUN_001126d8","00112cb4","00120130","FUN_00120130",direct
"001126d8","FUN_001126d8","00112cbc","001126d8","FUN_001126d8",tail
"001126d8","FUN_001126d8","00112cc4","001126d8","FUN_001126d8",tail
"001126d8","FUN_001126d8","00112cd0","001126d8","FUN_001126d8",tail
"001126d8","FUN_001126d8","00112cec","0011fc08","FUN_0011fc08",direct
"001126d8","FUN_001126d8","00112cf8","00120180","FUN_00120180",direct
"001126d8","FUN_001126d8","00112d04","0011fc08","FUN_0011fc08",direct
"001126d8","FUN_001126d8","00112d14","0011fb48","FUN_0011fb48",direct
"001126d8","FUN_001126d8","00112d44","001126d8","FUN_001126d8",tail
"001126d8","FUN_001126d8","00112d5c","0011fba0","FUN_0011fba0",direct
"001126d8","FUN_001126d8","00112d6c","00120130","FUN_00120130",direct
"001126d8","FUN_001126d8","00112d74","001126d8","FUN_001126d8",tail
"001126d8","FUN_001126d8","00112d80","0011fba0","FUN_0011fba0",direct
"001126d8","FUN_001126d8","00112d8c","00120130","FUN_00120130",direct
"001126d8","FUN_001126d8","00112d94","001126d8","FUN_001126d8",tail
"001126d8","FUN_001126d8","00112d9c","001126d8","FUN_001126d8",tail
"001126d8","FUN_001126d8","00112da4","001126d8","FUN_001126d8",tail
"001126d8","FUN_001126d8","00112dcc","0011feb0","FUN_0011feb0",direct
"001126d8","FUN_001126d8","00112dd8","0011fba0","FUN_0011fba0",direct
"001126d8","FUN_001126d8","00112de0","001126d8","FUN_001126d8",tail
"001126d8","FUN_001126d8","00112df0","0011fc08","FUN_0011fc08",direct
"001126d8","FUN_001126d8","00112e04","0011fc08","FUN_0011fc08",direct
"001126d8","FUN_001126d8","00112e10","00120238","FUN_00120238",direct
"001126d8","FUN_001126d8","00112e1c","00120180","FUN_00120180",direct
"001126d8","FUN_001126d8","00112e28","0011fba0","FUN_0011fba0",direct
"001126d8","FUN_001126d8","00112e44","00120130","FUN_00120130",direct
"001126d8","FUN_001126d8","00112e4c","001126d8","FUN_001126d8",tail
"001126d8","FUN_001126d8","00112e5c","0011fba0","FUN_0011fba0",direct
"001126d8","FUN_001126d8","00112e68","00120130","FUN_00120130",direct
"001126d8","FUN_001126d8","00112e70","001126d8","FUN_001126d8",tail
"001126d8","FUN_001126d8","00112e80","001126d8","FUN_001126d8",tail
"001126d8","FUN_001126d8","00112e88","001126d8","FUN_001126d8",tail
"001126d8","FUN_001126d8","00112eac","0011fc08","FUN_0011fc08",direct
"001126d8","FUN_001126d8","00112eb4","001126d8","FUN_001126d8",tail
"001126d8","FUN_001126d8","00112ecc","0011fc08","FUN_0011fc08",direct
"001126d8","FUN_001126d8","00112ed8","00120238","FUN_00120238",direct
"001126d8","FUN_001126d8","00112ee4","00120180","FUN_00120180",direct
"001126d8","FUN_001126d8","00112ef0","0011fba0","FUN_0011fba0",direct
"001126d8","FUN_001126d8","00112f08","001126d8","FUN_001126d8",tail
"001126d8","FUN_001126d8","00112f18","0011fb48","FUN_0011fb48",direct
"001126d8","FUN_001126d8","00112f24","00120130","FUN_00120130",direct
"001126d8","FUN_001126d8","00112f2c","001126d8","FUN_001126d8",tail
"001126d8","FUN_001126d8","00112f3c","0011fba0","FUN_0011fba0",direct
"001126d8","FUN_001126d8","00112f48","00120130","FUN_00120130",direct
"001126d8","FUN_001126d8","00112f50","001126d8","FUN_001126d8",tail
"001126d8","FUN_001126d8","00112f74","001126d8","FUN_001126d8",tail
"001126d8","FUN_001126d8","00112f7c","001126d8","FUN_001126d8",tail
"001126d8","FUN_001126d8","00112f9c","001126d8","FUN_001126d8",tail
"001126d8","FUN_001126d8","00112fa4","001126d8","FUN_001126d8",tail
"001126d8","FUN_001126d8","00112fbc","001126d8","FUN_001126d8",tail
"001126d8","FUN_001126d8","00112fc8","001126d8","FUN_001126d8",tail
"001126d8","FUN_001126d8","00112fd4","001126d8","FUN_001126d8",tail
"001126d8","FUN_001126d8","00112fe4","0011fc08","FUN_0011fc08",direct
"001126d8","FUN_001126d8","00112ff0","00120130","FUN_00120130",direct
"001126d8","FUN_001126d8","00112ff8","001126d8","FUN_001126d8",tail
"001126d8","FUN_001126d8","00113000","001126d8","FUN_001126d8",tail
"001126d8","FUN_001126d8","00113010","001126d8","FUN_001126d8",tail
"001126d8","FUN_001126d8","00113020","0011fc08","FUN_0011fc08",direct
"001126d8","FUN_001126d8","00113030","00120130","FUN_00120130",direct
"001126d8","FUN_001126d8","00113038","001126d8","FUN_001126d8",tail
"001126d8","FUN_001126d8","00113044","0011feb0","FUN_0011feb0",direct
"001126d8","FUN_001126d8","0011304c","00120238","FUN_00120238",direct
"001126d8","FUN_001126d8","00113058","00120180","FUN_00120180",direct
"001126d8","FUN_001126d8","00113064","0011fc08","FUN_0011fc08",direct
"001126d8","FUN_001126d8","00113070","0011fba0","FUN_0011fba0",direct
"001126d8","FUN_001126d8","00113088","001126d8","FUN_001126d8",tail
"001126d8","FUN_001126d8","00113090","0011fb48","FUN_0011fb48",direct
"001126d8","FUN_001126d8","001130a0","00120130","FUN_00120130",direct
"001126d8","FUN_001126d8","001130a8","001126d8","FUN_001126d8",tail
"001126d8","FUN_001126d8","001130b4","00120130","FUN_00120130",direct
"001126d8","FUN_001126d8","001130bc","001126d8","FUN_001126d8",tail
"001126d8","FUN_001126d8","001130c4","001126d8","FUN_001126d8",tail
"001126d8","FUN_001126d8","001130cc","001126d8","FUN_001126d8",tail
"001126d8","FUN_001126d8","001130e8","001126d8","FUN_001126d8",tail
"001126d8","FUN_001126d8","001130f4","001126d8","FUN_001126d8",tail
"001126d8","FUN_001126d8","00113110","001126d8","FUN_001126d8",tail
"001126d8","FUN_001126d8","00113128","001126d8","FUN_001126d8",tail
"001126d8","FUN_001126d8","00113138","001126d8","FUN_001126d8",tail
"001126d8","FUN_001126d8","00113140","001126d8","FUN_001126d8",tail
"001126d8","FUN_001126d8","00113150","001126d8","FUN_001126d8",tail
"001126d8","FUN_001126d8","00113168","001126d8","FUN_001126d8",tail
"001126d8","FUN_001126d8","00113170","001126d8","FUN_001126d8",tail
"001126d8","FUN_001126d8","00113198","001126d8","FUN_001126d8",tail
"001126d8","FUN_001126d8","001131b0","00115808","FUN_00115808",direct
"001126d8","FUN_001126d8","001131d0","001126d8","FUN_001126d8",tail
"001126d8","FUN_001126d8","001131e0","001126d8","FUN_001126d8",tail
"001126d8","FUN_001126d8","001131e8","001126d8","FUN_001126d8",tail
"001126d8","FUN_001126d8","00113214","001126d8","FUN_001126d8",tail
"001126d8","FUN_001126d8","0011321c","001126d8","FUN_001126d8",tail
"001126d8","FUN_001126d8","00113224","001126d8","FUN_001126d8",tail
"001126d8","FUN_001126d8","00113230","00115a70","FUN_00115a70",direct
"001126d8","FUN_001126d8","00113244","00115840","FUN_00115840",direct
"001126d8","FUN_001126d8","00113254","00115578","FUN_00115578",direct
"001126d8","FUN_001126d8","00113264","001126d8","FUN_001126d8",tail
"001126d8","FUN_001126d8","00113270","00115a70","FUN_00115a70",direct
"001126d8","FUN_001126d8","00113278","001126d8","FUN_001126d8",tail
"001126d8","FUN_001126d8","00113284","00115a70","FUN_00115a70",direct
"001126d8","FUN_001126d8","00113294","00115808","FUN_00115808",direct
"001126d8","FUN_001126d8","001132a0","001126d8","FUN_001126d8",tail
"001126d8","FUN_001126d8","001132b0","00115a70","FUN_00115a70",direct
"001126d8","FUN_001126d8","001132bc","001126d8","FUN_001126d8",tail
"001126d8","FUN_001126d8","001132d0","001126d8","FUN_001126d8",tail
"001126d8","FUN_001126d8","001132e4","001126d8","FUN_001126d8",tail
"001126d8","FUN_001126d8","00113304","001126d8","FUN_001126d8",tail
"001126d8","FUN_001126d8","00113314","001126d8","FUN_001126d8",tail
"001126d8","FUN_001126d8","0011332c","001156c0","FUN_001156c0",direct
"001126d8","FUN_001126d8","00113338","001126d8","FUN_001126d8",tail
"001126d8","FUN_001126d8","0011334c","001126d8","FUN_001126d8",tail
"001126d8","FUN_001126d8","0011335c","001126d8","FUN_001126d8",tail
"001126d8","FUN_001126d8","00113380","001126d8","FUN_001126d8",tail
"001126d8","FUN_001126d8","00113388","001126d8","FUN_001126d8",tail
"001126d8","FUN_001126d8","001133b0","001126d8","FUN_001126d8",tail
"001126d8","FUN_001126d8","001133bc","00115b70","FUN_00115b70",direct
"001126d8","FUN_001126d8","001133cc","001126d8","FUN_001126d8",tail
"001126d8","FUN_001126d8","001133d8","00115b70","FUN_00115b70",direct
"001126d8","FUN_001126d8","001133e8","001126d8","FUN_001126d8",tail
"001126d8","FUN_001126d8","001133f0","00115ce8","FUN_00115ce8",direct
"001126d8","FUN_001126d8","001133f8","001126d8","FUN_001126d8",tail
"001126d8","FUN_001126d8","0011340c","001155a8","FUN_001155a8",direct
"001126d8","FUN_001126d8","0011341c","001126d8","FUN_001126d8",tail
"001126d8","FUN_001126d8","00113430","001155a8","FUN_001155a8",direct
"001126d8","FUN_001126d8","00113448","001126d8","FUN_001126d8",tail
"001126d8","FUN_001126d8","00113458","001126d8","FUN_001126d8",tail
"001126d8","FUN_001126d8","00113460","001126d8","FUN_001126d8",tail
"001126d8","FUN_001126d8","00113470","001155a8","FUN_001155a8",direct
"001126d8","FUN_001126d8","00113480","00115ce8","FUN_00115ce8",direct
"001126d8","FUN_001126d8","00113488","001126d8","FUN_001126d8",tail
"001126d8","FUN_001126d8","00113498","001126d8","FUN_001126d8",tail
"001126d8","FUN_001126d8","001134ac","001126d8","FUN_001126d8",tail
"001126d8","FUN_001126d8","001134b4","001126d8","FUN_001126d8",tail
"001126d8","FUN_001126d8","001134bc","001126d8","FUN_001126d8",tail
"001126d8","FUN_001126d8","001134c8","00115b70","FUN_00115b70",direct
"001126d8","FUN_001126d8","001134dc","001126d8","FUN_001126d8",tail
"001126d8","FUN_001126d8","001134e8","001154d0","FUN_001154d0",direct
"001126d8","FUN_001126d8","0011350c","00115248","FUN_00115248",direct
"001126d8","FUN_001126d8","0011351c","00115b70","FUN_00115b70",direct
"001126d8","FUN_001126d8","0011352c","001126d8","FUN_001126d8",tail
"001126d8","FUN_001126d8","00113544","001155a8","FUN_001155a8",direct
"001126d8","FUN_001126d8","00113554","001126d8","FUN_001126d8",tail
"001126d8","FUN_001126d8","00113568","001155a8","FUN_001155a8",direct
"001126d8","FUN_001126d8","00113574","001126d8","FUN_001126d8",tail
"001126d8","FUN_001126d8","00113588","001155a8","FUN_001155a8",direct
"001126d8","FUN_001126d8","001135a0","001155a8","FUN_001155a8",direct
"001126d8","FUN_001126d8","001135b4","001124c0","FUN_001124c0",direct
"001126d8","FUN_001126d8","001135c4","00115ce8","FUN_00115ce8",direct
"001126d8","FUN_001126d8","001135d8","00115d50","FUN_00115d50",direct
"001126d8","FUN_001126d8","001135e8","001126d8","FUN_001126d8",tail
"001126d8","FUN_001126d8","001135f4","00115ce8","FUN_00115ce8",direct
"001126d8","FUN_001126d8","00113604","00115578","FUN_00115578",direct
"001126d8","FUN_001126d8","0011360c","001126d8","FUN_001126d8",tail
"001126d8","FUN_001126d8","00113614","001126d8","FUN_001126d8",tail
"001126d8","FUN_001126d8","00113628","001126d8","FUN_001126d8",tail
"001126d8","FUN_001126d8","00113630","001126d8","FUN_001126d8",tail
"001126d8","FUN_001126d8","0011363c","001126d8","FUN_001126d8",tail
"001126d8","FUN_001126d8","00113644","001126d8","FUN_001126d8",tail
"001126d8","FUN_001126d8","0011364c","001126d8","FUN_001126d8",tail
"001126d8","FUN_001126d8","00113654","001126d8","FUN_001126d8",tail
"001126d8","FUN_001126d8","00113668","001126d8","FUN_001126d8",tail
"001126d8","FUN_001126d8","00113670","001126d8","FUN_001126d8",tail
"001126d8","FUN_001126d8","0011367c","00115b70","FUN_00115b70",direct
"001126d8","FUN_001126d8","0011368c","00115ce8","FUN_00115ce8",direct
"001126d8","FUN_001126d8","00113698","001126d8","FUN_001126d8",tail
"001126d8","FUN_001126d8","001136a0","001126d8","FUN_001126d8",tail
"001126d8","FUN_001126d8","001136ac","001126d8","FUN_001126d8",tail
"001126d8","FUN_001126d8","001136bc","001126d8","FUN_001126d8",tail
"001126d8","FUN_001126d8","001136c4","001126d8","FUN_001126d8",tail
"001126d8","FUN_001126d8","001136cc","001126d8","FUN_001126d8",tail
"001126d8","FUN_001126d8","001136d4","001126d8","FUN_001126d8",tail
"001126d8","FUN_001126d8","001136e4","001126d8","FUN_001126d8",tail
"001126d8","FUN_001126d8","001136ec","001126d8","FUN_001126d8",tail
"001126d8","FUN_001126d8","001136fc","001126d8","FUN_001126d8",tail
"001126d8","FUN_001126d8","00113704","001126d8","FUN_001126d8",tail
"001126d8","FUN_001126d8","0011370c","001126d8","FUN_001126d8",tail
"001126d8","FUN_001126d8","00113724","001155a8","FUN_001155a8",direct
"001126d8","FUN_001126d8","00113738","001124c0","FUN_001124c0",direct
"001126d8","FUN_001126d8","00113750","001126d8","FUN_001126d8",tail
"001126d8","FUN_001126d8","00113760","00115b70","FUN_00115b70",direct
"001126d8","FUN_001126d8","00113770","00115ce8","FUN_00115ce8",direct
"001126d8","FUN_001126d8","0011377c","001126d8","FUN_001126d8",tail
"001126d8","FUN_001126d8","00113784","001126d8","FUN_001126d8",tail
"001126d8","FUN_001126d8","00113790","001126d8","FUN_001126d8",tail
"001126d8","FUN_001126d8","0011379c","001126d8","FUN_001126d8",tail
"001126d8","FUN_001126d8","001137ac","001126d8","FUN_001126d8",tail
"001126d8","FUN_001126d8","001137b8","001126d8","FUN_001126d8",tail
"001126d8","FUN_001126d8","001137c4","001126d8","FUN_001126d8",tail
"001126d8","FUN_001126d8","001137dc","001126d8","FUN_001126d8",tail
"001126d8","FUN_001126d8","001137fc","001126d8","FUN_001126d8",tail
"001126d8","FUN_001126d8","0011380c","00115578","FUN_00115578",direct
"001126d8","FUN_001126d8","00113818","001126d8","FUN_001126d8",tail
"001126d8","FUN_001126d8","00113820","001126d8","FUN_001126d8",tail
"001126d8","FUN_001126d8","00113828","001126d8","FUN_001126d8",tail
"001126d8","FUN_001126d8","00113830","00115578","FUN_00115578",direct
"001126d8","FUN_001126d8","0011383c","00115578","FUN_00115578",direct
"001126d8","FUN_001126d8","00113844","001126d8","FUN_001126d8",tail
"001126d8","FUN_001126d8","00113850","00115578","FUN_00115578",direct
"001126d8","FUN_001126d8","00113868","001126d8","FUN_001126d8",tail
"001138b8","FUN_001138b8","001138e0","001138b8","FUN_001138b8",tail
"001138b8","FUN_001138b8","001138f4","001138b8","FUN_001138b8",tail
"001138b8","FUN_001138b8","00113918","001138b8","FUN_001138b8",tail
"001138b8","FUN_001138b8","00113924","001138b8","FUN_001138b8",tail
"001138b8","FUN_001138b8","00113934","001138b8","FUN_001138b8",tail
"001138b8","FUN_001138b8","00113960","0012d8e8","FUN_0012d8e8",direct
"00113968","FUN_00113968","0011397c","00113968","FUN_00113968",tail
"00113968","FUN_00113968","00113990","00114438","FUN_00114438",direct
"00113968","FUN_00113968","00113998","00113968","FUN_00113968",tail
"00113968","FUN_00113968","001139a4","00113968","FUN_00113968",tail
"00113968","FUN_00113968","001139c0","00113968","FUN_00113968",tail
"00113968","FUN_00113968","001139c8","00113ae0","FUN_00113ae0",direct
"00113968","FUN_00113968","001139d8","00113968","FUN_00113968",tail
"00113968","FUN_00113968","001139e4","00113968","FUN_00113968",tail
"00113968","FUN_00113968","001139ec","00113968","FUN_00113968",tail
"00113968","FUN_00113968","00113a00","00113968","FUN_00113968",tail
"00113968","FUN_00113968","00113a14","00113968","FUN_00113968",tail
"00113968","FUN_00113968","00113a20","00113968","FUN_00113968",tail
"00113968","FUN_00113968","00113a40","00113968","FUN_00113968",tail
"00113968","FUN_00113968","00113a48","00113968","FUN_00113968",tail
"00113ae0","FUN_00113ae0","00113b18","00113a70","FUN_00113a70",direct
"00113ae0","FUN_00113ae0","00113b2c","00113a70","FUN_00113a70",direct
"00113ae0","FUN_00113ae0","00113b40","00113a70","FUN_00113a70",direct
"00113b70","FUN_00113b70","00113b84","00113b70","FUN_00113b70",tail
"00113b70","FUN_00113b70","00113b8c","001154c0","FUN_001154c0",direct
"00113b70","FUN_00113b70","00113bc4","00113b70","FUN_00113b70",tail
"00113b70","FUN_00113b70","00113bd0","00113b70","FUN_00113b70",tail
"00113b70","FUN_00113b70","00113c10","00113b70","FUN_00113b70",tail
"00113b70","FUN_00113b70","00113c20","00113e90","FUN_00113e90",direct
"00113b70","FUN_00113b70","00113c38","001154c8","FUN_001154c8",direct
"00113b70","FUN_00113b70","00113c48","00113b70","FUN_00113b70",tail
"00113b70","FUN_00113b70","00113c60","00113b70","FUN_00113b70",tail
"00113b70","FUN_00113b70","00113c68","00113b70","FUN_00113b70",tail
"00113b70","FUN_00113b70","00113c8c","00113b70","FUN_00113b70",tail
"00113b70","FUN_00113b70","00113c94","00113b70","FUN_00113b70",tail
"00113b70","FUN_00113b70","00113ca8","00113b70","FUN_00113b70",tail
"00113b70","FUN_00113b70","00113cc0","00113b70","FUN_00113b70",tail
"00113b70","FUN_00113b70","00113ce8","00113b70","FUN_00113b70",tail
"00113b70","FUN_00113b70","00113cf4","00113b70","FUN_00113b70",tail
"00113b70","FUN_00113b70","00113d48","00113b70","FUN_00113b70",tail
"00113b70","FUN_00113b70","00113d54","00113b70","FUN_00113b70",tail
"00113b70","FUN_00113b70","00113d5c","00113b70","FUN_00113b70",tail
"00113b70","FUN_00113b70","00113d64","00113b70","FUN_00113b70",tail
"00113b70","FUN_00113b70","00113d6c","00113b70","FUN_00113b70",tail
"00113b70","FUN_00113b70","00113d78","00113b70","FUN_00113b70",tail
"00113b70","FUN_00113b70","00113d84","00113b70","FUN_00113b70",tail
"00113b70","FUN_00113b70","00113d8c","00113b70","FUN_00113b70",tail
"00113b70","FUN_00113b70","00113d98","00113b70","FUN_00113b70",tail
"00113b70","FUN_00113b70","00113da0","00113b70","FUN_00113b70",tail
"00113b70","FUN_00113b70","00113dac","00113b70","FUN_00113b70",tail
"00113b70","FUN_00113b70","00113db4","00113b70","FUN_00113b70",tail
"00113b70","FUN_00113b70","00113dd0","00113b70","FUN_00113b70",tail
"00113b70","FUN_00113b70","00113e04","00113b70","FUN_00113b70",tail
"00113b70","FUN_00113b70","00113e1c","00113b70","FUN_00113b70",tail
"00113b70","FUN_00113b70","00113e30","00113b70","FUN_00113b70",tail
"00113b70","FUN_00113b70","00113e44","00113b70","FUN_00113b70",tail
"00113b70","FUN_00113b70","00113e70","001154c8","FUN_001154c8",direct
"00113e90","FUN_00113e90","00113eb0","001154c0","FUN_001154c0",direct
"00113e90","FUN_00113e90","00113eec","0011ec28","FUN_0011ec28",direct
"00113e90","FUN_00113e90","00113ef8","0011ebc8","FUN_0011ebc8",direct
"00113e90","FUN_00113e90","00113f08","00113e90","FUN_00113e90",tail
"00113e90","FUN_00113e90","00113f10","001161e8","FUN_001161e8",direct
"00113e90","FUN_00113e90","00113f28","00113e90","FUN_00113e90",tail
"00113e90","FUN_00113e90","00113f38","001161e8","FUN_001161e8",direct
"00113e90","FUN_00113e90","00113f48","00113e90","FUN_00113e90",tail
"00113e90","FUN_00113e90","00113f54","001161e8","FUN_001161e8",direct
"00113e90","FUN_00113e90","00113f6c","00113e90","FUN_00113e90",tail
"00113e90","FUN_00113e90","00113f98","001154c8","FUN_001154c8",direct
"00113e90","FUN_00113e90","00113fa0","00113e90","FUN_00113e90",tail
"00113e90","FUN_00113e90","00113fd0","001154c8","FUN_001154c8",direct
"00114000","FUN_00114000","00114020","00118ec8","FUN_00118ec8",direct
"00114000","FUN_00114000","00114030","00114000","FUN_00114000",tail
"00114000","FUN_00114000","0011403c","00114000","FUN_00114000",tail
"00114060","FUN_00114060","00114090","00114060","FUN_00114060",tail
"00114060","FUN_00114060","001140a0","00114060","FUN_00114060",tail
"00114060","FUN_00114060","001140ac","00114060","FUN_00114060",tail
"00114060","FUN_00114060","001140b4","00118630","FUN_00118630",direct
"00114060","FUN_00114060","001140bc","00114060","FUN_00114060",tail
"00114060","FUN_00114060","001140d0","00114060","FUN_00114060",tail
"00114060","FUN_00114060","001140e0","00114060","FUN_00114060",tail
"00114060","FUN_00114060","001140fc","00114060","FUN_00114060",tail
"00114060","FUN_00114060","00114104","00114060","FUN_00114060",tail
"00114060","FUN_00114060","00114128","00114060","FUN_00114060",tail
"00114060","FUN_00114060","0011413c","00114060","FUN_00114060",tail
"00114060","FUN_00114060","00114144","00114060","FUN_00114060",tail
"00114060","FUN_00114060","00114150","00114060","FUN_00114060",tail
"00114060","FUN_00114060","00114158","00114060","FUN_00114060",tail
"00114060","FUN_00114060","00114164","00114060","FUN_00114060",tail
"00114060","FUN_00114060","00114184","00114060","FUN_00114060",tail
"00114060","FUN_00114060","0011418c","00114060","FUN_00114060",tail
"00114060","FUN_00114060","0011419c","00114060","FUN_00114060",tail
"00114060","FUN_00114060","001141b0","001152f8","FUN_001152f8",direct
"00114060","FUN_00114060","001141d0","00114060","FUN_00114060",tail
"00114060","FUN_00114060","001141e4","00114060","FUN_00114060",tail
"00114060","FUN_00114060","001141ec","00114060","FUN_00114060",tail
"00114060","FUN_00114060","001141f4","001152f8","FUN_001152f8",direct
"00114060","FUN_00114060","00114208","00113968","FUN_00113968",direct
"00114060","FUN_00114060","00114210","00114060","FUN_00114060",tail
"00114060","FUN_00114060","00114218","00114060","FUN_00114060",tail
"00114060","FUN_00114060","00114228","00114060","FUN_00114060",tail
"00114060","FUN_00114060","00114248","00114060","FUN_00114060",tail
"00114060","FUN_00114060","00114250","00114060","FUN_00114060",tail
"00114060","FUN_00114060","00114260","001152f8","FUN_001152f8",direct
"00114060","FUN_00114060","00114290","00114060","FUN_00114060",tail
"00114060","FUN_00114060","00114298","00114060","FUN_00114060",tail
"00114060","FUN_00114060","001142a0","00114060","FUN_00114060",tail
"00114060","FUN_00114060","001142c4","00114060","FUN_00114060",tail
"00114060","FUN_00114060","001142cc","00114060","FUN_00114060",tail
"00114060","FUN_00114060","001142dc","001150d4","FUN_001150d4",direct
"00114060","FUN_00114060","001142e8","00114060","FUN_00114060",tail
"00114060","FUN_00114060","001142f0","00114060","FUN_00114060",tail
"00114060","FUN_00114060","00114324","00114060","FUN_00114060",tail
"00114060","FUN_00114060","00114330","00114060","FUN_00114060",tail
"00114060","FUN_00114060","0011433c","001152f8","FUN_001152f8",direct
"00114060","FUN_00114060","00114350","00113968","FUN_00113968",direct
"00114060","FUN_00114060","00114358","00114060","FUN_00114060",tail
"00114060","FUN_00114060","00114360","00114060","FUN_00114060",tail
"00114060","FUN_00114060","0011436c","00114060","FUN_00114060",tail
"00114060","FUN_00114060","00114388","00114060","FUN_00114060",tail
"00114060","FUN_00114060","00114390","00114060","FUN_00114060",tail
"00114060","FUN_00114060","001143a0","001152f8","FUN_001152f8",direct
"00114060","FUN_00114060","001143c4","00114060","FUN_00114060",tail
"00114060","FUN_00114060","001143cc","00113968","FUN_00113968",direct
"00114060","FUN_00114060","001143d4","00114060","FUN_00114060",tail
"00114060","FUN_00114060","001143ec","00114060","FUN_00114060",tail
"00114060","FUN_00114060","001143f4","00114060","FUN_00114060",tail
"00114438","FUN_00114438","0011445c","00114438","FUN_00114438",tail
"00114438","FUN_00114438","0011446c","00114438","FUN_00114438",tail
"00114438","FUN_00114438","0011447c","00114438","FUN_00114438",tail
"00114438","FUN_00114438","00114494","00114438","FUN_00114438",tail
"00114438","FUN_00114438","001144a0","00114438","FUN_00114438",tail
"001144f0","FUN_001144f0","00114500","001144d8","FUN_001144d8",direct
"00114518","FUN_00114518","0011453c","00118e08","FUN_00118e08",direct
"00114518","FUN_00114518","0011454c","00114518","FUN_00114518",tail
"00114518","FUN_00114518","00114558","00114518","FUN_00114518",tail
"00114578","FUN_00114578","00114598","00114578","FUN_00114578",tail
"00114578","FUN_00114578","001145ac","00114578","FUN_00114578",tail
"00114578","FUN_00114578","001145b8","00114578","FUN_00114578",tail
"00114578","FUN_00114578","001145c4","00114000","FUN_00114000",direct
"00114578","FUN_00114578","001145cc","00114578","FUN_00114578",tail
"00114578","FUN_00114578","001145e4","00114578","FUN_00114578",tail
"00114578","FUN_00114578","00114600","00114578","FUN_00114578",tail
"00114578","FUN_00114578","00114614","00114578","FUN_00114578",tail
"00114578","FUN_00114578","00114620","00114578","FUN_00114578",tail
"00114578","FUN_00114578","00114638","00114920","FUN_00114920",direct
"00114578","FUN_00114578","00114644","00114578","FUN_00114578",tail
"00114578","FUN_00114578","00114664","00114578","FUN_00114578",tail
"00114578","FUN_00114578","0011468c","00114578","FUN_00114578",tail
"00114578","FUN_00114578","00114694","00118ec0","FUN_00118ec0",direct
"00114578","FUN_00114578","0011469c","00114578","FUN_00114578",tail
"001146c8","FUN_001146c8","00114744","001146c8","FUN_001146c8",tail
"001146c8","FUN_001146c8","0011476c","001161e8","FUN_001161e8",direct
"001146c8","FUN_001146c8","00114778","001146c8","FUN_001146c8",tail
"001146c8","FUN_001146c8","00114780","001146c8","FUN_001146c8",tail
"001146c8","FUN_001146c8","0011478c","001146c8","FUN_001146c8",tail
"001146c8","FUN_001146c8","001147a0","001146c8","FUN_001146c8",tail
"001146c8","FUN_001146c8","001147bc","001146c8","FUN_001146c8",tail
"001146c8","FUN_001146c8","001147c8","001146c8","FUN_001146c8",tail
"001146c8","FUN_001146c8","001147d0","001146c8","FUN_001146c8",tail
"001146c8","FUN_001146c8","001147e8","001146c8","FUN_001146c8",tail
"001146c8","FUN_001146c8","001147f4","001146c8","FUN_001146c8",tail
"001146c8","FUN_001146c8","00114820","001161e8","FUN_001161e8",direct
"001146c8","FUN_001146c8","00114834","001146c8","FUN_001146c8",tail
"001146c8","FUN_001146c8","0011485c","001146c8","FUN_001146c8",tail
"001146c8","FUN_001146c8","00114868","001146c8","FUN_001146c8",tail
"001146c8","FUN_001146c8","00114870","001146c8","FUN_001146c8",tail
"001146c8","FUN_001146c8","001148a8","001146c8","FUN_001146c8",tail
"001146c8","FUN_001146c8","001148b4","00113b70","FUN_00113b70",direct
"001146c8","FUN_001146c8","001148cc","001146c8","FUN_001146c8",tail
"001146c8","FUN_001146c8","001148e4","001146c8","FUN_001146c8",tail
"00114920","FUN_00114920","00114944","00114920","FUN_00114920",tail
"00114920","FUN_00114920","00114954","00114920","FUN_00114920",tail
"00114920","FUN_00114920","00114960","001154c0","FUN_001154c0",direct
"00114920","FUN_00114920","0011496c","00114920","FUN_00114920",tail
"00114920","FUN_00114920","00114980","00114920","FUN_00114920",tail
"00114920","FUN_00114920","001149b8","00114920","FUN_00114920",tail
"00114920","FUN_00114920","001149c0","00114920","FUN_00114920",tail
"00114920","FUN_00114920","001149cc","00114920","FUN_00114920",tail
"00114920","FUN_00114920","001149d4","00114920","FUN_00114920",tail
"00114920","FUN_00114920","001149dc","00114920","FUN_00114920",tail
"00114920","FUN_00114920","001149e4","00114920","FUN_00114920",tail
"00114920","FUN_00114920","001149f0","00114920","FUN_00114920",tail
"00114920","FUN_00114920","001149fc","00114920","FUN_00114920",tail
"00114920","FUN_00114920","00114a04","00114920","FUN_00114920",tail
"00114920","FUN_00114920","00114a10","00114920","FUN_00114920",tail
"00114920","FUN_00114920","00114a18","00114920","FUN_00114920",tail
"00114920","FUN_00114920","00114a24","00114920","FUN_00114920",tail
"00114920","FUN_00114920","00114a2c","00114920","FUN_00114920",tail
"00114920","FUN_00114920","00114a50","00114920","FUN_00114920",tail
"00114920","FUN_00114920","00114a58","00114920","FUN_00114920",tail
"00114920","FUN_00114920","00114a64","00114920","FUN_00114920",tail
"00114920","FUN_00114920","00114a78","00114920","FUN_00114920",tail
"00114920","FUN_00114920","00114a88","00114920","FUN_00114920",tail
"00114920","FUN_00114920","00114aa0","00114920","FUN_00114920",tail
"00114920","FUN_00114920","00114abc","00114920","FUN_00114920",tail
"00114920","FUN_00114920","00114ad8","00114920","FUN_00114920",tail
"00114920","FUN_00114920","00114ae8","00114920","FUN_00114920",tail
"00114920","FUN_00114920","00114b00","00114920","FUN_00114920",tail
"00114920","FUN_00114920","00114b4c","00114920","FUN_00114920",tail
"00114920","FUN_00114920","00114b58","00114920","FUN_00114920",tail
"00114920","FUN_00114920","00114b70","00114920","FUN_00114920",tail
"00114920","FUN_00114920","00114b7c","00114920","FUN_00114920",tail
"00114920","FUN_00114920","00114bd4","00114920","FUN_00114920",tail
"00114920","FUN_00114920","00114be0","00114920","FUN_00114920",tail
"00114920","FUN_00114920","00114be8","00114920","FUN_00114920",tail
"00114920","FUN_00114920","00114bf0","00114920","FUN_00114920",tail
"00114920","FUN_00114920","00114bf8","00114920","FUN_00114920",tail
"00114920","FUN_00114920","00114c04","00114920","FUN_00114920",tail
"00114920","FUN_00114920","00114c10","00114920","FUN_00114920",tail
"00114920","FUN_00114920","00114c18","00114920","FUN_00114920",tail
"00114920","FUN_00114920","00114c24","00114920","FUN_00114920",tail
"00114920","FUN_00114920","00114c2c","00114920","FUN_00114920",tail
"00114920","FUN_00114920","00114c38","00114920","FUN_00114920",tail
"00114920","FUN_00114920","00114c40","00114920","FUN_00114920",tail
"00114920","FUN_00114920","00114c5c","00114920","FUN_00114920",tail
"00114920","FUN_00114920","00114c94","00114920","FUN_00114920",tail
"00114920","FUN_00114920","00114cac","00114920","FUN_00114920",tail
"00114920","FUN_00114920","00114cb8","00114920","FUN_00114920",tail
"00114920","FUN_00114920","00114cd4","00114920","FUN_00114920",tail
"00114920","FUN_00114920","00114cdc","00114920","FUN_00114920",tail
"00114920","FUN_00114920","00114d1c","00114920","FUN_00114920",tail
"00114920","FUN_00114920","00114d28","00114920","FUN_00114920",tail
"00114920","FUN_00114920","00114d40","00114920","FUN_00114920",tail
"00114920","FUN_00114920","00114d64","00114920","FUN_00114920",tail
"00114920","FUN_00114920","00114d90","00114920","FUN_00114920",tail
"00114920","FUN_00114920","00114db0","00114920","FUN_00114920",tail
"00114920","FUN_00114920","00114dc0","00114920","FUN_00114920",tail
"00114920","FUN_00114920","00114dd8","00114920","FUN_00114920",tail
"00114920","FUN_00114920","00114de0","00114920","FUN_00114920",tail
"00114920","FUN_00114920","00114dec","00114920","FUN_00114920",tail
"00114920","FUN_00114920","00114df8","00114920","FUN_00114920",tail
"00114920","FUN_00114920","00114e10","00114920","FUN_00114920",tail
"00114920","FUN_00114920","00114e24","00114920","FUN_00114920",tail
"00114920","FUN_00114920","00114e30","00114920","FUN_00114920",tail
"00114920","FUN_00114920","00114e44","00114920","FUN_00114920",tail
"00114920","FUN_00114920","00114e4c","00114920","FUN_00114920",tail
"00114920","FUN_00114920","00114e54","00114920","FUN_00114920",tail
"00114920","FUN_00114920","00114e74","00114920","FUN_00114920",tail
"00114920","FUN_00114920","00114e7c","00114920","FUN_00114920",tail
"00114920","FUN_00114920","00114e98","00114920","FUN_00114920",tail
"00114920","FUN_00114920","00114ebc","00114920","FUN_00114920",tail
"00114920","FUN_00114920","00114ed0","00114920","FUN_00114920",tail
"00114920","FUN_00114920","00114efc","00114920","FUN_00114920",tail
"00114920","FUN_00114920","00114f08","00114920","FUN_00114920",tail
"00114920","FUN_00114920","00114f10","001146c8","FUN_001146c8",direct
"00114920","FUN_00114920","00114f28","00114920","FUN_00114920",tail
"00114920","FUN_00114920","00114f38","00114920","FUN_00114920",tail
"00114920","FUN_00114920","00114f68","00114920","FUN_00114920",tail
"00114920","FUN_00114920","00114f70","00114920","FUN_00114920",tail
"00114920","FUN_00114920","00114f78","001154c8","FUN_001154c8",direct
"00114920","FUN_00114920","00114f80","00114920","FUN_00114920",tail
"00114920","FUN_00114920","00114fa4","001154c8","FUN_001154c8",direct
"00114920","FUN_00114920","00114fac","00114920","FUN_00114920",tail
"00114920","FUN_00114920","00115004","001154c8","FUN_001154c8",direct
"00114920","FUN_00114920","0011500c","00114920","FUN_00114920",tail
"00114920","FUN_00114920","00115030","001154c8","FUN_001154c8",direct
"00114920","FUN_00114920","00115038","00114920","FUN_00114920",tail
"00114920","FUN_00114920","0011506c","001154c8","FUN_001154c8",direct
"00115098","FUN_00115098","001150a0","00115098","FUN_00115098",tail
"00115098","FUN_00115098","001150a8","00115098","FUN_00115098",tail
"00115098","FUN_00115098","001150b0","00115098","FUN_00115098",tail
"00115098","FUN_00115098","001150b8","00115098","FUN_00115098",tail
"001150d4","FUN_001150d4","001150d8","001150d4","FUN_001150d4",tail
"001150d4","FUN_001150d4","001150e4","001150d4","FUN_001150d4",tail
"001150d4","FUN_001150d4","00115158","001150d4","FUN_001150d4",tail
"001150d4","FUN_001150d4","00115168","001150d4","FUN_001150d4",tail
"001150d4","FUN_001150d4","00115180","001150d4","FUN_001150d4",tail
"001150d4","FUN_001150d4","00115194","001150d4","FUN_001150d4",tail
"001150d4","FUN_001150d4","0011519c","001150d4","FUN_001150d4",tail
"001151b4","FUN_001151b4","001151b8","001151b4","FUN_001151b4",tail
"001151b4","FUN_001151b4","001151c4","001151b4","FUN_001151b4",tail
"001151b4","FUN_001151b4","001151f0","001151b4","FUN_001151b4",tail
"001151b4","FUN_001151b4","001151f8","001151b4","FUN_001151b4",tail
"001151b4","FUN_001151b4","0011520c","001151b4","FUN_001151b4",tail
"001151b4","FUN_001151b4","00115224","001151b4","FUN_001151b4",tail
"001151b4","FUN_001151b4","00115238","001151b4","FUN_001151b4",tail
"00115248","FUN_00115248","00115250","00115248","FUN_00115248",tail
"00115248","FUN_00115248","00115260","00115248","FUN_00115248",tail
"00115248","FUN_00115248","00115290","00115248","FUN_00115248",tail
"00115248","FUN_00115248","0011529c","00115248","FUN_00115248",tail
"00115248","FUN_00115248","001152b8","00115248","FUN_00115248",tail
"00115248","FUN_00115248","001152cc","00115248","FUN_00115248",tail
"00115248","FUN_00115248","001152e8","00115248","FUN_00115248",tail
"001152f8","FUN_001152f8","00115300","001152f8","FUN_001152f8",tail
"001152f8","FUN_001152f8","00115310","001152f8","FUN_001152f8",tail
"001152f8","FUN_001152f8","00115320","001152f8","FUN_001152f8",tail
"001152f8","FUN_001152f8","00115340","001152f8","FUN_001152f8",tail
"001152f8","FUN_001152f8","00115354","001152f8","FUN_001152f8",tail
"001152f8","FUN_001152f8","00115364","001152f8","FUN_001152f8",tail
"001152f8","FUN_001152f8","00115394","001152f8","FUN_001152f8",tail
"001152f8","FUN_001152f8","001153a0","001152f8","FUN_001152f8",tail
"001152f8","FUN_001152f8","001153bc","001152f8","FUN_001152f8",tail
"001152f8","FUN_001152f8","001153d0","001152f8","FUN_001152f8",tail
"001152f8","FUN_001152f8","001153ec","001152f8","FUN_001152f8",tail
"001153fc","FUN_001153fc","00115400","001153fc","FUN_001153fc",tail
"001153fc","FUN_001153fc","0011540c","001153fc","FUN_001153fc",tail
"001153fc","FUN_001153fc","0011542c","001153fc","FUN_001153fc",tail
"001153fc","FUN_001153fc","0011544c","001153fc","FUN_001153fc",tail
"001153fc","FUN_001153fc","00115454","001153fc","FUN_001153fc",tail
"001153fc","FUN_001153fc","00115470","001153fc","FUN_001153fc",tail
"001153fc","FUN_001153fc","00115488","001153fc","FUN_001153fc",tail
"001153fc","FUN_001153fc","001154ac","001153fc","FUN_001153fc",tail
"001154d0","FUN_001154d0","001154e8","001154d0","FUN_001154d0",tail
"001154d0","FUN_001154d0","001154f4","001123a8","FUN_001123a8",direct
"001154d0","FUN_001154d0","001154fc","001154d0","FUN_001154d0",tail
"001154d0","FUN_001154d0","00115514","001154d0","FUN_001154d0",tail
"001154d0","FUN_001154d0","00115520","001154d0","FUN_001154d0",tail
"001154d0","FUN_001154d0","00115538","001123a8","FUN_001123a8",direct
"001154d0","FUN_001154d0","00115544","001154d0","FUN_001154d0",tail
"001154d0","FUN_001154d0","0011554c","001154d0","FUN_001154d0",tail
"00115578","FUN_00115578","00115578","00115578","FUN_00115578",tail
"001155a8","FUN_001155a8","00115624","001155a8","FUN_001155a8",tail
"001155a8","FUN_001155a8","0011562c","001155a8","FUN_001155a8",tail
"001155a8","FUN_001155a8","0011563c","001155a8","FUN_001155a8",tail
"001155a8","FUN_001155a8","0011564c","001154d0","FUN_001154d0",direct
"001155a8","FUN_001155a8","00115668","00115248","FUN_00115248",direct
"001155a8","FUN_001155a8","00115674","00115578","FUN_00115578",direct
"001156c0","FUN_001156c0","001156c8","001156c0","FUN_001156c0",tail
"001156c0","FUN_001156c0","001156e0","001156c0","FUN_001156c0",tail
"001156c0","FUN_001156c0","001156f8","001156c0","FUN_001156c0",tail
"001156c0","FUN_001156c0","00115710","001156c0","FUN_001156c0",tail
"001156c0","FUN_001156c0","00115720","001156c0","FUN_001156c0",tail
"001156c0","FUN_001156c0","00115730","001156c0","FUN_001156c0",tail
"00115748","FUN_00115748","00115750","00115748","FUN_00115748",tail
"00115748","FUN_00115748","00115758","00115748","FUN_00115748",tail
"00115748","FUN_00115748","00115768","00115748","FUN_00115748",tail
"00115748","FUN_00115748","00115790","00115748","FUN_00115748",tail
"00115748","FUN_00115748","001157a4","00115748","FUN_00115748",tail
"00115748","FUN_00115748","001157b8","00115748","FUN_00115748",tail
"00115748","FUN_00115748","001157cc","00115748","FUN_00115748",tail
"00115748","FUN_00115748","001157e0","00115748","FUN_00115748",tail
"00115748","FUN_00115748","001157ec","00115748","FUN_00115748",tail
"00115808","FUN_00115808","00115818","001154d0","FUN_001154d0",direct
"00115840","FUN_00115840","00115874","00115840","FUN_00115840",tail
"00115840","FUN_00115840","0011589c","001154d0","FUN_001154d0",direct
"00115840","FUN_00115840","001158b8","00115840","FUN_00115840",tail
"00115840","FUN_00115840","001158e4","00115840","FUN_00115840",tail
"00115840","FUN_00115840","001158ec","00115840","FUN_00115840",tail
"00115840","FUN_00115840","00115914","00115840","FUN_00115840",tail
"00115840","FUN_00115840","00115928","00115840","FUN_00115840",tail
"00115840","FUN_00115840","00115988","00115840","FUN_00115840",tail
"00115840","FUN_00115840","00115994","00115840","FUN_00115840",tail
"00115840","FUN_00115840","001159a8","00115840","FUN_00115840",tail
"00115840","FUN_00115840","00115a08","00115840","FUN_00115840",tail
"00115840","FUN_00115840","00115a1c","00115840","FUN_00115840",tail
"00115840","FUN_00115840","00115a28","00115840","FUN_00115840",tail
"00115840","FUN_00115840","00115a38","00115840","FUN_00115840",tail
"00115a70","FUN_00115a70","00115a94","00115a70","FUN_00115a70",tail
"00115a70","FUN_00115a70","00115ab4","001155a8","FUN_001155a8",direct
"00115a70","FUN_00115a70","00115ac4","00115a70","FUN_00115a70",tail
"00115a70","FUN_00115a70","00115ad0","00115a70","FUN_00115a70",tail
"00115a70","FUN_00115a70","00115adc","00115808","FUN_00115808",direct
"00115a70","FUN_00115a70","00115aec","00115a70","FUN_00115a70",tail
"00115a70","FUN_00115a70","00115af8","00115a70","FUN_00115a70",tail
"00115a70","FUN_00115a70","00115b08","00115840","FUN_00115840",direct
"00115a70","FUN_00115a70","00115b20","00115a70","FUN_00115a70",tail
"00115a70","FUN_00115a70","00115b2c","00115840","FUN_00115840",direct
"00115a70","FUN_00115a70","00115b3c","00115578","FUN_00115578",direct
"00115a70","FUN_00115a70","00115b48","00115a70","FUN_00115a70",tail
"00115b70","FUN_00115b70","00115bb4","00115b70","FUN_00115b70",tail
"00115b70","FUN_00115b70","00115bdc","00115b70","FUN_00115b70",tail
"00115b70","FUN_00115b70","00115be4","00115b70","FUN_00115b70",tail
"00115b70","FUN_00115b70","00115bf4","001154d0","FUN_001154d0",direct
"00115b70","FUN_00115b70","00115c00","00115b70","FUN_00115b70",tail
"00115b70","FUN_00115b70","00115c24","00115b70","FUN_00115b70",tail
"00115b70","FUN_00115b70","00115c38","00115b70","FUN_00115b70",tail
"00115b70","FUN_00115b70","00115c70","00115b70","FUN_00115b70",tail
"00115b70","FUN_00115b70","00115c80","00115b70","FUN_00115b70",tail
"00115b70","FUN_00115b70","00115ca4","00115b70","FUN_00115b70",tail
"00115b70","FUN_00115b70","00115cb4","00115578","FUN_00115578",direct
"00115ce8","FUN_00115ce8","00115cf4","00115ce8","FUN_00115ce8",tail
"00115ce8","FUN_00115ce8","00115d34","00115ce8","FUN_00115ce8",tail
"00115ce8","FUN_00115ce8","00115d40","00115ce8","FUN_00115ce8",tail
"00115d50","FUN_00115d50","00115d78","00115ce8","FUN_00115ce8",direct
"00115d50","FUN_00115d50","00115d84","00115d50","FUN_00115d50",tail
"00115d50","FUN_00115d50","00115d8c","001154d0","FUN_001154d0",direct
"00115d50","FUN_00115d50","00115da0","00115d50","FUN_00115d50",tail
"00115d50","FUN_00115d50","00115da8","00115d50","FUN_00115d50",tail
"00115d50","FUN_00115d50","00115dc4","001154d0","FUN_001154d0",direct
"00115d50","FUN_00115d50","00115e44","00115d50","FUN_00115d50",tail
"00115d50","FUN_00115d50","00115e50","00115d50","FUN_00115d50",tail
"00115d50","FUN_00115d50","00115e84","00115d50","FUN_00115d50",tail
"00115d50","FUN_00115d50","00115e94","00115d50","FUN_00115d50",tail
"00115d50","FUN_00115d50","00115eb4","00115d50","FUN_00115d50",tail
"00115ee8","FUN_00115ee8","00115f14","001154d0","FUN_001154d0",direct
"00115ee8","FUN_00115ee8","00115f58","00115ee8","FUN_00115ee8",tail
"00115ee8","FUN_00115ee8","00115f74","00115ee8","FUN_00115ee8",tail
"00115ee8","FUN_00115ee8","00115f7c","00115748","FUN_00115748",direct
"00115ee8","FUN_00115ee8","00115f88","00115ee8","FUN_00115ee8",tail
"00115ee8","FUN_00115ee8","00115fac","00115ee8","FUN_00115ee8",tail
"00115ee8","FUN_00115ee8","00115fd4","00115ee8","FUN_00115ee8",tail
"00115ee8","FUN_00115ee8","00115fe0","00115748","FUN_00115748",direct
"00115ee8","FUN_00115ee8","00115ffc","00115ee8","FUN_00115ee8",tail
"00115ee8","FUN_00115ee8","00116010","00115ee8","FUN_00115ee8",tail
"00115ee8","FUN_00115ee8","00116028","001156c0","FUN_001156c0",direct
"00116078","FUN_00116078","001160b4","00116da8","FUN_00116da8",direct
"00116108","FUN_00116108","0011612c","00118d88","FUN_00118d88",direct
"00116108","FUN_00116108","0011613c","00116108","FUN_00116108",tail
"00116108","FUN_00116108","00116148","00116108","FUN_00116108",tail
"001161e8","FUN_001161e8","00116204","00118e10","FUN_00118e10",direct
"001161e8","FUN_001161e8","00116218","001161e8","FUN_001161e8",tail
"001161e8","FUN_001161e8","00116224","001161e8","FUN_001161e8",tail
"00116248","FUN_00116248","0011629c","00116da8","FUN_00116da8",direct
"001162b8","FUN_001162b8","001162d8","00116108","FUN_00116108",direct
"001162b8","FUN_001162b8","001162e8","001162b8","FUN_001162b8",tail
"001162b8","FUN_001162b8","001162f8","001162b8","FUN_001162b8",tail
"00116320","FUN_00116320","00116344","00116320","FUN_00116320",tail
"00116320","FUN_00116320","00116358","00114518","FUN_00114518",direct
"00116320","FUN_00116320","00116378","001185d0","FUN_001185d0",direct
"001163a0","FUN_001163a0","001163c0","00114518","FUN_00114518",direct
"001163a0","FUN_001163a0","001163d0","001163a0","FUN_001163a0",tail
"001163a0","FUN_001163a0","001163d8","001163a0","FUN_001163a0",tail
"00116408","FUN_00116408","00116414","00112468","FUN_00112468",direct
"00116428","FUN_00116428","0011642c","00116428","FUN_00116428",tail
"00116428","FUN_00116428","0011647c","00116428","FUN_00116428",tail
"00116428","FUN_00116428","001164ac","00116428","FUN_00116428",tail
"00116428","FUN_00116428","00116500","00116428","FUN_00116428",tail
"00116428","FUN_00116428","00116508","00116428","FUN_00116428",tail
"00116428","FUN_00116428","00116524","00116428","FUN_00116428",tail
"00116428","FUN_00116428","00116540","00116428","FUN_00116428",tail
"00116428","FUN_00116428","00116564","00116428","FUN_00116428",tail
"00116428","FUN_00116428","0011657c","00116428","FUN_00116428",tail
"00116428","FUN_00116428","00116584","00116428","FUN_00116428",tail
"00116428","FUN_00116428","0011658c","00116428","FUN_00116428",tail
"00116428","FUN_00116428","0011659c","00116428","FUN_00116428",tail
"001165b8","FUN_001165b8","001165c4","001165b8","FUN_001165b8",tail
"001165b8","FUN_001165b8","00116600","001165b8","FUN_001165b8",tail
"001165b8","FUN_001165b8","0011662c","001165b8","FUN_001165b8",tail
"001165b8","FUN_001165b8","00116658","001165b8","FUN_001165b8",tail
"001165b8","FUN_001165b8","00116660","001165b8","FUN_001165b8",tail
"001165b8","FUN_001165b8","00116678","001165b8","FUN_001165b8",tail
"001165b8","FUN_001165b8","0011669c","001165b8","FUN_001165b8",tail
"001165b8","FUN_001165b8","001166bc","001165b8","FUN_001165b8",tail
"001166cc","FUN_001166cc","001166d0","001166cc","FUN_001166cc",tail
"001166cc","FUN_001166cc","001166f4","001166cc","FUN_001166cc",tail
"001166cc","FUN_001166cc","00116738","001166cc","FUN_001166cc",tail
"001166cc","FUN_001166cc","00116760","001166cc","FUN_001166cc",tail
"001166cc","FUN_001166cc","00116768","001166cc","FUN_001166cc",tail
"001166cc","FUN_001166cc","0011679c","001166cc","FUN_001166cc",tail
"001166cc","FUN_001166cc","001167d4","001166cc","FUN_001166cc",tail
"001166cc","FUN_001166cc","001167f4","001166cc","FUN_001166cc",tail
"00116808","FUN_00116808","0011681c","00116808","FUN_00116808",tail
"00116808","FUN_00116808","00116828","00116808","FUN_00116808",tail
"00116808","FUN_00116808","00116830","00116808","FUN_00116808",tail
"00116808","FUN_00116808","0011688c","00116808","FUN_00116808",tail
"00116808","FUN_00116808","001168a8","00116808","FUN_00116808",tail
"00116808","FUN_00116808","001168cc","00116808","FUN_00116808",tail
"00116808","FUN_00116808","001168d4","00116808","FUN_00116808",tail
"00116808","FUN_00116808","001168dc","00116808","FUN_00116808",tail
"00116808","FUN_00116808","00116928","00116808","FUN_00116808",tail
"00116808","FUN_00116808","00116948","00116808","FUN_00116808",tail
"00116808","FUN_00116808","00116964","00116808","FUN_00116808",tail
"00116808","FUN_00116808","00116970","00116808","FUN_00116808",tail
"00116808","FUN_00116808","0011698c","00116808","FUN_00116808",tail
"00116808","FUN_00116808","00116998","00116808","FUN_00116808",tail
"00116808","FUN_00116808","001169b4","00116808","FUN_00116808",tail
"001169c8","FUN_001169c8","001169cc","001169c8","FUN_001169c8",tail
"001169c8","FUN_001169c8","001169e8","001169c8","FUN_001169c8",tail
"001169c8","FUN_001169c8","001169f4","001169c8","FUN_001169c8",tail
"001169c8","FUN_001169c8","00116a08","001169c8","FUN_001169c8",tail
"001169c8","FUN_001169c8","00116a14","001169c8","FUN_001169c8",tail
"001169c8","FUN_001169c8","00116a24","001169c8","FUN_001169c8",tail
"00116a38","FUN_00116a38","00116a9c","00116a38","FUN_00116a38",tail
"00116a38","FUN_00116a38","00116aa8","00116a38","FUN_00116a38",tail
"00116a38","FUN_00116a38","00116ab4","00116a38","FUN_00116a38",tail
"00116a38","FUN_00116a38","00116abc","00116a38","FUN_00116a38",tail
"00116a38","FUN_00116a38","00116acc","00116a38","FUN_00116a38",tail
"00116a38","FUN_00116a38","00116ad4","00116a38","FUN_00116a38",tail
"00116a38","FUN_00116a38","00116ae0","00116a38","FUN_00116a38",tail
"00116a38","FUN_00116a38","00116aec","00116a38","FUN_00116a38",tail
"00116a38","FUN_00116a38","00116af4","00116a38","FUN_00116a38",tail
"00116a38","FUN_00116a38","00116b08","00116a38","FUN_00116a38",tail
"00116a38","FUN_00116a38","00116b38","0011f1f8","FUN_0011f1f8",direct
"00116a38","FUN_00116a38","00116b54","0011ec28","FUN_0011ec28",direct
"00116a38","FUN_00116a38","00116b68","00116a38","FUN_00116a38",tail
"00116a38","FUN_00116a38","00116b74","00116a38","FUN_00116a38",tail
"00116a38","FUN_00116a38","00116b7c","00116a38","FUN_00116a38",tail
"00116a38","FUN_00116a38","00116b84","00116a38","FUN_00116a38",tail
"00116a38","FUN_00116a38","00116b8c","00116a38","FUN_00116a38",tail
"00116a38","FUN_00116a38","00116b98","00116a38","FUN_00116a38",tail
"00116a38","FUN_00116a38","00116ba0","00116a38","FUN_00116a38",tail
"00116a38","FUN_00116a38","00116ba8","0011ebc8","FUN_0011ebc8",direct
"00116a38","FUN_00116a38","00116bc8","00116a38","FUN_00116a38",tail
"00116a38","FUN_00116a38","00116bd0","00116a38","FUN_00116a38",tail
"00116a38","FUN_00116a38","00116bd8","00116a38","FUN_00116a38",tail
"00116a38","FUN_00116a38","00116be8","00116a38","FUN_00116a38",tail
"00116a38","FUN_00116a38","00116bf0","00116a38","FUN_00116a38",tail
"00116a38","FUN_00116a38","00116c14","00116a38","FUN_00116a38",tail
"00116a38","FUN_00116a38","00116c24","00116a38","FUN_00116a38",tail
"00116c70","FUN_00116c70","00116c90","00116a38","FUN_00116a38",direct
"00116ca8","FUN_00116ca8","00116cbc","00116ca8","FUN_00116ca8",tail
"00116ca8","FUN_00116ca8","00116cc4","00116ca8","FUN_00116ca8",tail
"00116ca8","FUN_00116ca8","00116ccc","00114060","FUN_00114060",direct
"00116cf0","FUN_00116cf0","00116d4c","00116da8","FUN_00116da8",direct
"00116cf0","FUN_00116cf0","00116d58","00116cf0","FUN_00116cf0",tail
"00116cf0","FUN_00116cf0","00116d60","00113968","FUN_00113968",direct
"00116cf0","FUN_00116cf0","00116d78","00116cf0","FUN_00116cf0",tail
"00116da8","FUN_00116da8","00116dc8","00116da8","FUN_00116da8",tail
"00116da8","FUN_00116da8","00116de4","00116da8","FUN_00116da8",tail
"00116da8","FUN_00116da8","00116dec","00113ae0","FUN_00113ae0",direct
"00116da8","FUN_00116da8","00116e00","00116e20","FUN_00116e20",direct
"00116e20","FUN_00116e20","00116e58","001144f0","FUN_001144f0",direct
"00116e20","FUN_00116e20","00116e74","00116e20","FUN_00116e20",tail
"00116e20","FUN_00116e20","00116e84","00116e20","FUN_00116e20",tail
"00116e20","FUN_00116e20","00116e8c","00118630","FUN_00118630",direct
"00116e20","FUN_00116e20","00116e94","00116e20","FUN_00116e20",tail
"00116e20","FUN_00116e20","00116eac","00116e20","FUN_00116e20",tail
"00116e20","FUN_00116e20","00116ebc","00116e20","FUN_00116e20",tail
"00116e20","FUN_00116e20","00116ec8","00116cf0","FUN_00116cf0",direct
"00116e20","FUN_00116e20","00116ed0","00116e20","FUN_00116e20",tail
"00116e20","FUN_00116e20","00116f20","00115098","FUN_00115098",direct
"00116e20","FUN_00116e20","00116f2c","00116e20","FUN_00116e20",tail
"00116e20","FUN_00116e20","00116f3c","00116e20","FUN_00116e20",tail
"00116e20","FUN_00116e20","00116f54","00116e20","FUN_00116e20",tail
"00116e20","FUN_00116e20","00116f80","00116e20","FUN_00116e20",tail
"00116e20","FUN_00116e20","00116f8c","00116ca8","FUN_00116ca8",direct
"00116e20","FUN_00116e20","00116f94","00116e20","FUN_00116e20",tail
"00116e20","FUN_00116e20","00116fa8","00116e20","FUN_00116e20",tail
"00116e20","FUN_00116e20","00116fcc","00116e20","FUN_00116e20",tail
"00116e20","FUN_00116e20","00116fd4","00116e20","FUN_00116e20",tail
"00116e20","FUN_00116e20","00117000","00116e20","FUN_00116e20",tail
"00116e20","FUN_00116e20","00117018","00116e20","FUN_00116e20",computed
"00116e20","FUN_00116e20","00117018","00116e20","FUN_00116e20",computed
"00116e20","FUN_00116e20","00117018","00116e20","FUN_00116e20",computed
"00116e20","FUN_00116e20","00117018","00116e20","FUN_00116e20",computed
"00116e20","FUN_00116e20","00117018","00116e20","FUN_00116e20",computed
"00116e20","FUN_00116e20","00117018","00116e20","FUN_00116e20",computed
"00116e20","FUN_00116e20","00117018","00116e20","FUN_00116e20",computed
"00116e20","FUN_00116e20","00117018","00116e20","FUN_00116e20",computed
"00116e20","FUN_00116e20","00117018","00116e20","FUN_00116e20",computed
"00116e20","FUN_00116e20","00117018","00116e20","FUN_00116e20",computed
"00116e20","FUN_00116e20","00117018","00116e20","FUN_00116e20",computed
"00116e20","FUN_00116e20","00117018","00116e20","FUN_00116e20",computed
"00116e20","FUN_00116e20","00117018","00116e20","FUN_00116e20",computed
"00116e20","FUN_00116e20","00117018","00116e20","FUN_00116e20",computed
"00116e20","FUN_00116e20","00117018","00116e20","FUN_00116e20",computed
"00116e20","FUN_00116e20","00117018","00116e20","FUN_00116e20",computed
"00116e20","FUN_00116e20","00117018","00116e20","FUN_00116e20",computed
"00116e20","FUN_00116e20","00117018","00116e20","FUN_00116e20",computed
"00116e20","FUN_00116e20","00117018","00116e20","FUN_00116e20",computed
"00116e20","FUN_00116e20","00117018","00116e20","FUN_00116e20",computed
"00116e20","FUN_00116e20","00117018","00116e20","FUN_00116e20",computed
"00116e20","FUN_00116e20","00117018","00116e20","FUN_00116e20",computed
"00116e20","FUN_00116e20","00117018","00116e20","FUN_00116e20",computed
"00116e20","FUN_00116e20","00117018","00116e20","FUN_00116e20",computed
"00116e20","FUN_00116e20","00117018","00116e20","FUN_00116e20",computed
"00116e20","FUN_00116e20","00117018","00116e20","FUN_00116e20",computed
"00116e20","FUN_00116e20","00117024","00116e20","FUN_00116e20",tail
"00116e20","FUN_00116e20","00117030","00116e20","FUN_00116e20",tail
"00116e20","FUN_00116e20","00117040","00116e20","FUN_00116e20",tail
"00116e20","FUN_00116e20","00117050","00116e20","FUN_00116e20",tail
"00116e20","FUN_00116e20","00117064","00116e20","FUN_00116e20",tail
"00116e20","FUN_00116e20","00117078","00116e20","FUN_00116e20",tail
"00116e20","FUN_00116e20","00117090","00116e20","FUN_00116e20",tail
"00116e20","FUN_00116e20","001170b0","00116e20","FUN_00116e20",tail
"00116e20","FUN_00116e20","001170c0","00116e20","FUN_00116e20",tail
"00116e20","FUN_00116e20","001170f0","00116e20","FUN_00116e20",tail
"00116e20","FUN_00116e20","00117104","00116e20","FUN_00116e20",tail
"00116e20","FUN_00116e20","00117110","00116e20","FUN_00116e20",tail
"00116e20","FUN_00116e20","00117140","00116e20","FUN_00116e20",tail
"00116e20","FUN_00116e20","00117148","00116e20","FUN_00116e20",tail
"00116e20","FUN_00116e20","00117158","00116e20","FUN_00116e20",tail
"00116e20","FUN_00116e20","00117168","00116e20","FUN_00116e20",tail
"00116e20","FUN_00116e20","00117180","00116e20","FUN_00116e20",tail
"00116e20","FUN_00116e20","00117194","00116e20","FUN_00116e20",tail
"00116e20","FUN_00116e20","0011719c","00116e20","FUN_00116e20",tail
"00116e20","FUN_00116e20","001171ac","00116e20","FUN_00116e20",tail
"00116e20","FUN_00116e20","001171cc","00116e20","FUN_00116e20",tail
"00116e20","FUN_00116e20","001171dc","00116e20","FUN_00116e20",tail
"00116e20","FUN_00116e20","001171e8","00116e20","FUN_00116e20",tail
"00116e20","FUN_00116e20","001171f0","00116e20","FUN_00116e20",tail
"00116e20","FUN_00116e20","001171f8","00116e20","FUN_00116e20",tail
"00116e20","FUN_00116e20","00117204","00116e20","FUN_00116e20",tail
"00116e20","FUN_00116e20","00117214","00116e20","FUN_00116e20",tail
"00116e20","FUN_00116e20","00117220","00116e20","FUN_00116e20",tail
"00116e20","FUN_00116e20","00117228","00116e20","FUN_00116e20",tail
"00116e20","FUN_00116e20","00117230","00116e20","FUN_00116e20",tail
"00116e20","FUN_00116e20","00117238","00116e20","FUN_00116e20",tail
"00116e20","FUN_00116e20","0011724c","00116e20","FUN_00116e20",tail
"00116e20","FUN_00116e20","00117258","00116e20","FUN_00116e20",tail
"00116e20","FUN_00116e20","00117268","00116168","FUN_00116168",direct
"00116e20","FUN_00116e20","00117270","00116e20","FUN_00116e20",tail
"00116e20","FUN_00116e20","00117278","00120130","FUN_00120130",direct
"00116e20","FUN_00116e20","00117280","00116e20","FUN_00116e20",tail
"00116e20","FUN_00116e20","00117298","00116e20","FUN_00116e20",tail
"00116e20","FUN_00116e20","001172a0","001161b0","FUN_001161b0",direct
"00116e20","FUN_00116e20","001172a8","00116e20","FUN_00116e20",tail
"00116e20","FUN_00116e20","001172b4","00116e20","FUN_00116e20",tail
"00116e20","FUN_00116e20","001172dc","00118338","FUN_00118338",direct
"00116e20","FUN_00116e20","001172ec","00116e20","FUN_00116e20",tail
"00116e20","FUN_00116e20","001172f4","00116e20","FUN_00116e20",tail
"00116e20","FUN_00116e20","00117304","00116e20","FUN_00116e20",tail
"00116e20","FUN_00116e20","00117310","00116e20","FUN_00116e20",tail
"00116e20","FUN_00116e20","0011732c","00116e20","FUN_00116e20",tail
"00116e20","FUN_00116e20","00117340","001184e8","FUN_001184e8",direct
"00116e20","FUN_00116e20","00117358","00116e20","FUN_00116e20",tail
"00116e20","FUN_00116e20","00117364","00116e20","FUN_00116e20",tail
"00116e20","FUN_00116e20","0011736c","00116e20","FUN_00116e20",tail
"00116e20","FUN_00116e20","00117378","00116e20","FUN_00116e20",tail
"00116e20","FUN_00116e20","00117380","00116e20","FUN_00116e20",tail
"00116e20","FUN_00116e20","00117388","00116e20","FUN_00116e20",tail
"00116e20","FUN_00116e20","00117394","00116e20","FUN_00116e20",tail
"00116e20","FUN_00116e20","001173a0","00116e20","FUN_00116e20",tail
"00116e20","FUN_00116e20","001173ac","00116e20","FUN_00116e20",tail
"00116e20","FUN_00116e20","001173b4","00116e20","FUN_00116e20",tail
"00116e20","FUN_00116e20","001173bc","00116e20","FUN_00116e20",tail
"00116e20","FUN_00116e20","001173d0","00116e20","FUN_00116e20",tail
"00116e20","FUN_00116e20","001173dc","00116e20","FUN_00116e20",tail
"00116e20","FUN_00116e20","001173e8","00116e20","FUN_00116e20",tail
"00116e20","FUN_00116e20","001173f8","00116e20","FUN_00116e20",tail
"00116e20","FUN_00116e20","00117404","00116e20","FUN_00116e20",tail
"00116e20","FUN_00116e20","00117414","00116e20","FUN_00116e20",tail
"00116e20","FUN_00116e20","00117428","00116e20","FUN_00116e20",tail
"00116e20","FUN_00116e20","00117438","00116e20","FUN_00116e20",tail
"00116e20","FUN_00116e20","00117444","00116e20","FUN_00116e20",tail
"00116e20","FUN_00116e20","0011744c","00116e20","FUN_00116e20",tail
"00116e20","FUN_00116e20","00117454","00116e20","FUN_00116e20",tail
"00116e20","FUN_00116e20","00117460","00116e20","FUN_00116e20",tail
"00116e20","FUN_00116e20","00117484","00116e20","FUN_00116e20",tail
"00116e20","FUN_00116e20","00117494","00116e20","FUN_00116e20",tail
"00116e20","FUN_00116e20","001174a0","00116e20","FUN_00116e20",tail
"00116e20","FUN_00116e20","001174ac","001150d4","FUN_001150d4",direct
"00116e20","FUN_00116e20","001174b4","00116e20","FUN_00116e20",tail
"00116e20","FUN_00116e20","001174c0","00116e20","FUN_00116e20",tail
"00116e20","FUN_00116e20","001174c8","00116e20","FUN_00116e20",tail
"00116e20","FUN_00116e20","001174d0","001166cc","FUN_001166cc",direct
"00116e20","FUN_00116e20","001174d8","00116e20","FUN_00116e20",tail
"00116e20","FUN_00116e20","001174e8","00116e20","FUN_00116e20",tail
"00116e20","FUN_00116e20","001174f4","00116e20","FUN_00116e20",tail
"00116e20","FUN_00116e20","001174fc","00116e20","FUN_00116e20",tail
"00116e20","FUN_00116e20","00117504","00116e20","FUN_00116e20",tail
"00116e20","FUN_00116e20","00117510","00116e20","FUN_00116e20",tail
"00116e20","FUN_00116e20","0011751c","00116e20","FUN_00116e20",tail
"00116e20","FUN_00116e20","00117534","00116e20","FUN_00116e20",tail
"00116e20","FUN_00116e20","00117540","00116e20","FUN_00116e20",tail
"00116e20","FUN_00116e20","00117548","00116e20","FUN_00116e20",tail
"00116e20","FUN_00116e20","00117550","00116e20","FUN_00116e20",tail
"00116e20","FUN_00116e20","00117560","00116e20","FUN_00116e20",tail
"00116e20","FUN_00116e20","00117574","00116e20","FUN_00116e20",tail
"00116e20","FUN_00116e20","00117584","00116e20","FUN_00116e20",tail
"00116e20","FUN_00116e20","00117590","00116e20","FUN_00116e20",tail
"00116e20","FUN_00116e20","0011759c","00116e20","FUN_00116e20",tail
"00116e20","FUN_00116e20","001175a4","00116e20","FUN_00116e20",tail
"00116e20","FUN_00116e20","001175ac","00116e20","FUN_00116e20",tail
"00116e20","FUN_00116e20","001175c0","001166cc","FUN_001166cc",direct
"00116e20","FUN_00116e20","001175c8","00116e20","FUN_00116e20",tail
"00116e20","FUN_00116e20","001175f8","00116e20","FUN_00116e20",tail
"00116e20","FUN_00116e20","00117600","00116e20","FUN_00116e20",tail
"00116e20","FUN_00116e20","00117608","00116e20","FUN_00116e20",tail
"00116e20","FUN_00116e20","00117614","00116e20","FUN_00116e20",tail
"00116e20","FUN_00116e20","0011761c","00116e20","FUN_00116e20",tail
"00116e20","FUN_00116e20","00117634","0011f1f8","FUN_0011f1f8",direct
"00116e20","FUN_00116e20","00117650","0011ec28","FUN_0011ec28",direct
"00116e20","FUN_00116e20","00117660","00116e20","FUN_00116e20",tail
"00116e20","FUN_00116e20","00117668","00116e20","FUN_00116e20",tail
"00116e20","FUN_00116e20","00117684","00116e20","FUN_00116e20",tail
"00116e20","FUN_00116e20","001176b8","00116e20","FUN_00116e20",tail
"00116e20","FUN_00116e20","001176c0","00116e20","FUN_00116e20",tail
"00116e20","FUN_00116e20","001176d4","00116e20","FUN_00116e20",tail
"00116e20","FUN_00116e20","001176dc","00116e20","FUN_00116e20",tail
"00116e20","FUN_00116e20","00117714","00116e20","FUN_00116e20",tail
"00116e20","FUN_00116e20","00117720","00116e20","FUN_00116e20",tail
"00116e20","FUN_00116e20","00117738","00116e20","FUN_00116e20",tail
"00116e20","FUN_00116e20","00117748","00116e20","FUN_00116e20",tail
"00116e20","FUN_00116e20","00117750","00116e20","FUN_00116e20",tail
"00116e20","FUN_00116e20","00117758","00116e20","FUN_00116e20",tail
"00116e20","FUN_00116e20","0011778c","00116e20","FUN_00116e20",tail
"00116e20","FUN_00116e20","0011779c","00116ca8","FUN_00116ca8",direct
"00116e20","FUN_00116e20","001177a4","00116e20","FUN_00116e20",tail
"00116e20","FUN_00116e20","001177b8","00116e20","FUN_00116e20",tail
"00116e20","FUN_00116e20","001177e8","00116e20","FUN_00116e20",tail
"00116e20","FUN_00116e20","001177f4","00116ca8","FUN_00116ca8",direct
"00116e20","FUN_00116e20","001177fc","00116e20","FUN_00116e20",tail
"00116e20","FUN_00116e20","00117808","00116e20","FUN_00116e20",tail
"00116e20","FUN_00116e20","00117818","00116e20","FUN_00116e20",tail
"00116e20","FUN_00116e20","00117848","00116e20","FUN_00116e20",tail
"00116e20","FUN_00116e20","00117850","00116e20","FUN_00116e20",tail
"00116e20","FUN_00116e20","0011785c","00116e20","FUN_00116e20",tail
"00116e20","FUN_00116e20","00117898","00116e20","FUN_00116e20",tail
"00116e20","FUN_00116e20","001178a4","00116ca8","FUN_00116ca8",direct
"00116e20","FUN_00116e20","001178ac","00116e20","FUN_00116e20",tail
"00116e20","FUN_00116e20","001178b4","00116e20","FUN_00116e20",tail
"00116e20","FUN_00116e20","001178c4","00116e20","FUN_00116e20",tail
"00116e20","FUN_00116e20","001178d8","00116e20","FUN_00116e20",tail
"00116e20","FUN_00116e20","001178e0","00116e20","FUN_00116e20",tail
"00116e20","FUN_00116e20","001178e8","00116e20","FUN_00116e20",tail
"00116e20","FUN_00116e20","0011791c","00116e20","FUN_00116e20",tail
"00116e20","FUN_00116e20","00117928","00116ca8","FUN_00116ca8",direct
"00116e20","FUN_00116e20","00117930","00116e20","FUN_00116e20",tail
"00116e20","FUN_00116e20","00117940","00116e20","FUN_00116e20",tail
"00116e20","FUN_00116e20","00117970","00116e20","FUN_00116e20",tail
"00116e20","FUN_00116e20","0011797c","00116ca8","FUN_00116ca8",direct
"00116e20","FUN_00116e20","00117984","00116e20","FUN_00116e20",tail
"00116e20","FUN_00116e20","0011798c","00116e20","FUN_00116e20",tail
"00116e20","FUN_00116e20","001179a0","00116e20","FUN_00116e20",tail
"00116e20","FUN_00116e20","001179a8","00116e20","FUN_00116e20",tail
"00116e20","FUN_00116e20","001179b0","00116e20","FUN_00116e20",tail
"00116e20","FUN_00116e20","001179e4","00116e20","FUN_00116e20",tail
"00116e20","FUN_00116e20","001179f0","00116ca8","FUN_00116ca8",direct
"00116e20","FUN_00116e20","001179f8","00116e20","FUN_00116e20",tail
"00116e20","FUN_00116e20","00117a08","00116e20","FUN_00116e20",tail
"00116e20","FUN_00116e20","00117a38","00116e20","FUN_00116e20",tail
"00116e20","FUN_00116e20","00117a44","00116ca8","FUN_00116ca8",direct
"00116e20","FUN_00116e20","00117a4c","00116e20","FUN_00116e20",tail
"00116e20","FUN_00116e20","00117a54","00116e20","FUN_00116e20",tail
"00116e20","FUN_00116e20","00117a64","00116e20","FUN_00116e20",tail
"00116e20","FUN_00116e20","00117a80","00116e20","FUN_00116e20",tail
"00116e20","FUN_00116e20","00117a88","00116e20","FUN_00116e20",tail
"00116e20","FUN_00116e20","00117a94","00120130","FUN_00120130",direct
"00116e20","FUN_00116e20","00117a9c","00116e20","FUN_00116e20",tail
"00116e20","FUN_00116e20","00117ad4","00116e20","FUN_00116e20",tail
"00116e20","FUN_00116e20","00117ae0","00116ca8","FUN_00116ca8",direct
"00116e20","FUN_00116e20","00117ae8","00116e20","FUN_00116e20",tail
"00116e20","FUN_00116e20","00117afc","00116e20","FUN_00116e20",tail
"00116e20","FUN_00116e20","00117b08","00116e20","FUN_00116e20",tail
"00116e20","FUN_00116e20","00117b38","00116e20","FUN_00116e20",tail
"00116e20","FUN_00116e20","00117b44","00116ca8","FUN_00116ca8",direct
"00116e20","FUN_00116e20","00117b4c","00116e20","FUN_00116e20",tail
"00116e20","FUN_00116e20","00117b5c","00116e20","FUN_00116e20",tail
"00116e20","FUN_00116e20","00117b64","00116e20","FUN_00116e20",tail
"00116e20","FUN_00116e20","00117b9c","00116e20","FUN_00116e20",tail
"00116e20","FUN_00116e20","00117ba8","00116ca8","FUN_00116ca8",direct
"00116e20","FUN_00116e20","00117bb0","00116e20","FUN_00116e20",tail
"00116e20","FUN_00116e20","00117bc0","00116e20","FUN_00116e20",tail
"00116e20","FUN_00116e20","00117bc8","00116e20","FUN_00116e20",tail
"00116e20","FUN_00116e20","00117bf8","00116e20","FUN_00116e20",tail
"00116e20","FUN_00116e20","00117c00","00116e20","FUN_00116e20",tail
"00116e20","FUN_00116e20","00117c38","00116e20","FUN_00116e20",tail
"00116e20","FUN_00116e20","00117c44","00116ca8","FUN_00116ca8",direct
"00116e20","FUN_00116e20","00117c4c","00116e20","FUN_00116e20",tail
"00116e20","FUN_00116e20","00117c7c","00116e20","FUN_00116e20",tail
"00116e20","FUN_00116e20","00117c88","00116ca8","FUN_00116ca8",direct
"00116e20","FUN_00116e20","00117c90","00116e20","FUN_00116e20",tail
"00116e20","FUN_00116e20","00117ca0","00116e20","FUN_00116e20",tail
"00116e20","FUN_00116e20","00117ca8","00116e20","FUN_00116e20",tail
"00116e20","FUN_00116e20","00117cdc","00116e20","FUN_00116e20",tail
"00116e20","FUN_00116e20","00117ce8","00116ca8","FUN_00116ca8",direct
"00116e20","FUN_00116e20","00117cf0","00116e20","FUN_00116e20",tail
"00116e20","FUN_00116e20","00117d00","00116e20","FUN_00116e20",tail
"00116e20","FUN_00116e20","00117d08","00116e20","FUN_00116e20",tail
"00116e20","FUN_00116e20","00117d38","00116e20","FUN_00116e20",tail
"00116e20","FUN_00116e20","00117d44","00116ca8","FUN_00116ca8",direct
"00116e20","FUN_00116e20","00117d4c","00116e20","FUN_00116e20",tail
"00116e20","FUN_00116e20","00117d80","00116e20","FUN_00116e20",tail
"00116e20","FUN_00116e20","00117d88","00116e20","FUN_00116e20",tail
"00116e20","FUN_00116e20","00117d94","00116e20","FUN_00116e20",tail
"00116e20","FUN_00116e20","00117dc4","00116e20","FUN_00116e20",tail
"00116e20","FUN_00116e20","00117dd0","00116ca8","FUN_00116ca8",direct
"00116e20","FUN_00116e20","00117dd8","00116e20","FUN_00116e20",tail
"00116e20","FUN_00116e20","00117dec","00116e20","FUN_00116e20",tail
"00116e20","FUN_00116e20","00117df4","00116e20","FUN_00116e20",tail
"00116e20","FUN_00116e20","00117e2c","00116e20","FUN_00116e20",tail
"00116e20","FUN_00116e20","00117e38","00116ca8","FUN_00116ca8",direct
"00116e20","FUN_00116e20","00117e40","00116e20","FUN_00116e20",tail
"00116e20","FUN_00116e20","00117e50","00116e20","FUN_00116e20",tail
"00116e20","FUN_00116e20","00117e58","00116e20","FUN_00116e20",tail
"00116e20","FUN_00116e20","00117e88","00116e20","FUN_00116e20",tail
"00116e20","FUN_00116e20","00117e94","00116ca8","FUN_00116ca8",direct
"00116e20","FUN_00116e20","00117e9c","00116e20","FUN_00116e20",tail
"00116e20","FUN_00116e20","00117ea8","00116e20","FUN_00116e20",tail
"00116e20","FUN_00116e20","00117edc","00116e20","FUN_00116e20",tail
"00116e20","FUN_00116e20","00117f08","00116e20","FUN_00116e20",tail
"00116e20","FUN_00116e20","00117f14","00116ca8","FUN_00116ca8",direct
"00116e20","FUN_00116e20","00117f1c","00116e20","FUN_00116e20",tail
"00116e20","FUN_00116e20","00117f5c","00116e20","FUN_00116e20",tail
"00116e20","FUN_00116e20","00117f68","00116ca8","FUN_00116ca8",direct
"00116e20","FUN_00116e20","00117f70","00116e20","FUN_00116e20",tail
"00116e20","FUN_00116e20","00117fb4","00116e20","FUN_00116e20",tail
"00116e20","FUN_00116e20","00117fbc","00116e20","FUN_00116e20",tail
"00116e20","FUN_00116e20","00117fc8","00116e20","FUN_00116e20",tail
"00116e20","FUN_00116e20","00117fd0","00116e20","FUN_00116e20",tail
"00116e20","FUN_00116e20","00118018","00116e20","FUN_00116e20",tail
"00116e20","FUN_00116e20","00118024","00116ca8","FUN_00116ca8",direct
"00116e20","FUN_00116e20","0011802c","00116e20","FUN_00116e20",tail
"00116e20","FUN_00116e20","00118038","00120130","FUN_00120130",direct
"00116e20","FUN_00116e20","00118040","00116e20","FUN_00116e20",tail
"00116e20","FUN_00116e20","00118078","00116e20","FUN_00116e20",tail
"00116e20","FUN_00116e20","00118080","00116e20","FUN_00116e20",tail
"00116e20","FUN_00116e20","0011808c","00116e20","FUN_00116e20",tail
"00116e20","FUN_00116e20","00118094","00116e20","FUN_00116e20",tail
"00116e20","FUN_00116e20","001180cc","00116e20","FUN_00116e20",tail
"00116e20","FUN_00116e20","001180d8","00116ca8","FUN_00116ca8",direct
"00116e20","FUN_00116e20","001180e0","00116e20","FUN_00116e20",tail
"00116e20","FUN_00116e20","001180f0","00116e20","FUN_00116e20",tail
"00116e20","FUN_00116e20","001180f8","00116e20","FUN_00116e20",tail
"00116e20","FUN_00116e20","00118128","00116e20","FUN_00116e20",tail
"00116e20","FUN_00116e20","00118158","00116e20","FUN_00116e20",tail
"00116e20","FUN_00116e20","00118164","00116ca8","FUN_00116ca8",direct
"00116e20","FUN_00116e20","0011816c","00116e20","FUN_00116e20",tail
"00116e20","FUN_00116e20","001181a0","00116e20","FUN_00116e20",tail
"00116e20","FUN_00116e20","001181ac","00116ca8","FUN_00116ca8",direct
"00116e20","FUN_00116e20","001181b4","00116e20","FUN_00116e20",tail
"00116e20","FUN_00116e20","001181c0","00116e20","FUN_00116e20",tail
"00116e20","FUN_00116e20","001181d0","00116e20","FUN_00116e20",tail
"00116e20","FUN_00116e20","001181d8","00116e20","FUN_00116e20",tail
"00116e20","FUN_00116e20","0011820c","00116e20","FUN_00116e20",tail
"00116e20","FUN_00116e20","0011821c","00116ca8","FUN_00116ca8",direct
"00116e20","FUN_00116e20","00118224","00116e20","FUN_00116e20",tail
"00116e20","FUN_00116e20","00118238","00116e20","FUN_00116e20",tail
"00116e20","FUN_00116e20","00118240","00116e20","FUN_00116e20",tail
"00116e20","FUN_00116e20","0011826c","00116e20","FUN_00116e20",tail
"00116e20","FUN_00116e20","00118278","00116ca8","FUN_00116ca8",direct
"00116e20","FUN_00116e20","00118280","00116e20","FUN_00116e20",tail
"00116e20","FUN_00116e20","001182a8","00116e20","FUN_00116e20",tail
"00116e20","FUN_00116e20","001182b4","00116ca8","FUN_00116ca8",direct
"00116e20","FUN_00116e20","001182bc","00116e20","FUN_00116e20",tail
"00116e20","FUN_00116e20","001182c8","00116e20","FUN_00116e20",tail
"00116e20","FUN_00116e20","001182d4","00116e20","FUN_00116e20",tail
"00116e20","FUN_00116e20","001182dc","00116ca8","FUN_00116ca8",direct
"00116e20","FUN_00116e20","001182e4","00116e20","FUN_00116e20",tail
"00118338","FUN_00118338","00118384","00118338","FUN_00118338",tail
"00118338","FUN_00118338","0011838c","00118338","FUN_00118338",tail
"00118338","FUN_00118338","00118398","00118338","FUN_00118338",tail
"00118338","FUN_00118338","001183a0","00118338","FUN_00118338",tail
"00118338","FUN_00118338","001183b8","00118338","FUN_00118338",tail
"00118338","FUN_00118338","001183c4","0011fba0","FUN_0011fba0",direct
"00118338","FUN_00118338","001183f0","001126d8","FUN_001126d8",direct
"00118338","FUN_00118338","00118400","00118338","FUN_00118338",tail
"00118338","FUN_00118338","00118408","00118338","FUN_00118338",tail
"00118338","FUN_00118338","00118414","00118338","FUN_00118338",tail
"00118338","FUN_00118338","0011841c","00118338","FUN_00118338",tail
"00118338","FUN_00118338","0011842c","00118338","FUN_00118338",tail
"00118338","FUN_00118338","00118438","00120130","FUN_00120130",direct
"00118338","FUN_00118338","00118440","00118338","FUN_00118338",tail
"00118338","FUN_00118338","0011845c","00120130","FUN_00120130",direct
"00118338","FUN_00118338","00118464","00118338","FUN_00118338",tail
"00118338","FUN_00118338","00118474","00118338","FUN_00118338",tail
"00118338","FUN_00118338","00118498","00118338","FUN_00118338",tail
"00118338","FUN_00118338","001184a0","00118338","FUN_00118338",tail
"001184e8","FUN_001184e8","001184ec","001184e8","FUN_001184e8",tail
"001184e8","FUN_001184e8","00118500","001184e8","FUN_001184e8",tail
"001184e8","FUN_001184e8","0011851c","001184e8","FUN_001184e8",tail
"001184e8","FUN_001184e8","00118530","001184e8","FUN_001184e8",tail
"001184e8","FUN_001184e8","00118554","001184e8","FUN_001184e8",tail
"001184e8","FUN_001184e8","0011855c","001184e8","FUN_001184e8",tail
"001184e8","FUN_001184e8","00118570","001184e8","FUN_001184e8",tail
"001184e8","FUN_001184e8","00118594","001184e8","FUN_001184e8",tail
"001184e8","FUN_001184e8","0011859c","001184e8","FUN_001184e8",tail
"001185d0","FUN_001185d0","001185f4","00118d08","FUN_00118d08",direct
"001185d0","FUN_001185d0","00118604","001185d0","FUN_001185d0",tail
"001185d0","FUN_001185d0","00118610","001185d0","FUN_001185d0",tail
"00118630","FUN_00118630","00118644","00118630","FUN_00118630",tail
"00118630","FUN_00118630","00118660","00118630","FUN_00118630",tail
"00118630","FUN_00118630","00118668","00113ae0","FUN_00113ae0",direct
"00118630","FUN_00118630","00118678","00118630","FUN_00118630",tail
"00118630","FUN_00118630","00118684","00118630","FUN_00118630",tail
"00118630","FUN_00118630","0011868c","00118630","FUN_00118630",tail
"00118630","FUN_00118630","00118694","00118630","FUN_00118630",tail
"00118630","FUN_00118630","001186a0","00118630","FUN_00118630",tail
"00118630","FUN_00118630","001186a8","00118630","FUN_00118630",tail
"00118630","FUN_00118630","001186b0","00113b70","FUN_00113b70",direct
"00118630","FUN_00118630","001186e4","00118630","FUN_00118630",tail
"00118630","FUN_00118630","001186ec","00114578","FUN_00114578",direct
"00118630","FUN_00118630","001186fc","00118630","FUN_00118630",tail
"00118630","FUN_00118630","00118710","00118630","FUN_00118630",tail
"00118630","FUN_00118630","00118718","00118630","FUN_00118630",tail
"00118bd0","FUN_00118bd0","00118bd8","0011d660","FUN_0011d660",direct
"00118bd0","FUN_00118bd0","00118bf4","00118bd0","FUN_00118bd0",tail
"00118bd0","FUN_00118bd0","00118bfc","0011d6a8","FUN_0011d6a8",direct
"00118bd0","FUN_00118bd0","00118c24","00118bd0","FUN_00118bd0",tail
"00118bd0","FUN_00118bd0","00118c2c","0011d660","FUN_0011d660",direct
"00118bd0","FUN_00118bd0","00118c48","00118bd0","FUN_00118bd0",tail
"00118bd0","FUN_00118bd0","00118c50","0011d6a8","FUN_0011d6a8",direct
"00118c60","FUN_00118c60","00118c70","00118b00","SetVSyncFlag",direct
"00118c60","FUN_00118c60","00118c78","0011d660","FUN_0011d660",direct
"00118c60","FUN_00118c60","00118c94","00118c60","FUN_00118c60",tail
"00118c60","FUN_00118c60","00118c9c","0011d6a8","FUN_0011d6a8",direct
"00118c60","FUN_00118c60","00118cb8","00118c60","FUN_00118c60",tail
"00118c60","FUN_00118c60","00118cc4","00118c60","FUN_00118c60",tail
"00118c60","FUN_00118c60","00118ccc","0011d660","FUN_0011d660",direct
"00118c60","FUN_00118c60","00118ce4","00118c60","FUN_00118c60",tail
"00118c60","FUN_00118c60","00118cec","0011d6a8","FUN_0011d6a8",direct
"00118d08","FUN_00118d08","00118d28","00118d08","FUN_00118d08",tail
"00118d08","FUN_00118d08","00118d38","00118d08","FUN_00118d08",tail
"00118d08","FUN_00118d08","00118d40","001199c8","FUN_001199c8",direct
"00118d08","FUN_00118d08","00118d48","00118d08","FUN_00118d08",tail
"00118d08","FUN_00118d08","00118d58","001197a8","FUN_001197a8",direct
"00118d08","FUN_00118d08","00118d60","00118d08","FUN_00118d08",tail
"00118d88","FUN_00118d88","00118da0","00118d88","FUN_00118d88",tail
"00118d88","FUN_00118d88","00118db0","00118d88","FUN_00118d88",tail
"00118d88","FUN_00118d88","00118db8","001199c8","FUN_001199c8",direct
"00118d88","FUN_00118d88","00118dc0","00118d88","FUN_00118d88",tail
"00118d88","FUN_00118d88","00118dd0","001198f8","FUN_001198f8",direct
"00118d88","FUN_00118d88","00118dd8","00118d88","FUN_00118d88",tail
"00118e10","FUN_00118e10","00118e30","00118e10","FUN_00118e10",tail
"00118e10","FUN_00118e10","00118e4c","00118e10","FUN_00118e10",tail
"00118e10","FUN_00118e10","00118e54","00118e10","FUN_00118e10",tail
"00118e10","FUN_00118e10","00118e60","00118960","EndOfHeap",direct
"00118e10","FUN_00118e10","00118e6c","00118e10","FUN_00118e10",tail
"00118e10","FUN_00118e10","00118e74","001138a8","FUN_001138a8",direct
"00118e10","FUN_00118e10","00118e80","00118e10","FUN_00118e10",tail
"00118e10","FUN_00118e10","00118e90","00118e10","FUN_00118e10",tail
"00118e10","FUN_00118e10","00118e98","00118e10","FUN_00118e10",tail
"00118ee0","FUN_00118ee0","00118f10","00118ee0","FUN_00118ee0",tail
"00118ee0","FUN_00118ee0","00118f18","00118ee0","FUN_00118ee0",tail
"00118ee0","FUN_00118ee0","00118f4c","00118ee0","FUN_00118ee0",tail
"00118ee0","FUN_00118ee0","00118f54","00118ee0","FUN_00118ee0",tail
"00118ee0","FUN_00118ee0","00118f74","00118ee0","FUN_00118ee0",tail
"00118f88","FUN_00118f88","00118fb0","00118f88","FUN_00118f88",tail
"00118f88","FUN_00118f88","00118fb8","0011d660","FUN_0011d660",direct
"00118f88","FUN_00118f88","00118fcc","00118ee0","FUN_00118ee0",direct
"00118f88","FUN_00118f88","00118fd4","00118f88","FUN_00118f88",tail
"00118f88","FUN_00118f88","00118fe8","0011d6a8","FUN_0011d6a8",direct
"00119028","FUN_00119028","00119048","00119028","FUN_00119028",tail
"00119028","FUN_00119028","00119050","0011d660","FUN_0011d660",direct
"00119028","FUN_00119028","00119058","001187f0","_DisableIntc",direct
"00119028","FUN_00119028","00119068","00119028","FUN_00119028",tail
"00119028","FUN_00119028","00119070","0011d6a8","FUN_0011d6a8",direct
"00119090","FUN_00119090","001190b0","00119090","FUN_00119090",tail
"00119090","FUN_00119090","001190b8","0011d660","FUN_0011d660",direct
"00119090","FUN_00119090","001190c0","001187e0","_EnableIntc",direct
"00119090","FUN_00119090","001190d0","00119090","FUN_00119090",tail
"00119090","FUN_00119090","001190d8","0011d6a8","FUN_0011d6a8",direct
"001190f8","FUN_001190f8","00119118","001190f8","FUN_001190f8",tail
"001190f8","FUN_001190f8","00119120","0011d660","FUN_0011d660",direct
"001190f8","FUN_001190f8","00119128","00118810","_DisableDmac",direct
"001190f8","FUN_001190f8","00119138","001190f8","FUN_001190f8",tail
"001190f8","FUN_001190f8","00119140","0011d6a8","FUN_0011d6a8",direct
"00119160","FUN_00119160","00119180","00119160","FUN_00119160",tail
"00119160","FUN_00119160","00119188","0011d660","FUN_0011d660",direct
"00119160","FUN_00119160","00119190","00118800","_EnableDmac",direct
"00119160","FUN_00119160","001191a0","00119160","FUN_00119160",tail
"00119160","FUN_00119160","001191a8","0011d6a8","FUN_0011d6a8",direct
"001191c8","FUN_001191c8","00119208","001189b0","WaitSema",direct
"001191c8","FUN_001191c8","00119230","001191c8","FUN_001191c8",tail
"001191c8","FUN_001191c8","00119238","001191c8","FUN_001191c8",tail
"001191c8","FUN_001191c8","00119240","001191c8","FUN_001191c8",tail
"001191c8","FUN_001191c8","00119248","001191c8","FUN_001191c8",tail
"001191c8","FUN_001191c8","00119250","001191c8","FUN_001191c8",tail
"001191c8","FUN_001191c8","00119258","001191c8","FUN_001191c8",tail
"001191c8","FUN_001191c8","00119260","00118910","WakeupThread",direct
"001191c8","FUN_001191c8","00119268","001191c8","FUN_001191c8",tail
"001191c8","FUN_001191c8","00119270","001188c0","RotateThreadReadyQueue",direct
"001191c8","FUN_001191c8","00119278","001191c8","FUN_001191c8",tail
"001191c8","FUN_001191c8","00119280","00118940","SuspendThread",direct
"001191c8","FUN_001191c8","00119288","001191c8","FUN_001191c8",tail
"001191c8","FUN_001191c8","00119290","0011a390","FUN_0011a390",direct
"001191c8","FUN_001191c8","00119298","001191c8","FUN_001191c8",tail
"001192a0","FUN_001192a0","001192b4","001192a0","FUN_001192a0",tail
"001192a0","FUN_001192a0","001192c8","00118970","CreateSema",direct
"001192a0","FUN_001192a0","001192d4","001192a0","FUN_001192a0",tail
"001192a0","FUN_001192a0","0011930c","00118850","CreateThread",direct
"001192a0","FUN_001192a0","00119318","001192a0","FUN_001192a0",tail
"001192a0","FUN_001192a0","00119320","00118980","DeleteSema",direct
"001192a0","FUN_001192a0","00119328","001192a0","FUN_001192a0",tail
"001192a0","FUN_001192a0","00119340","00118870","_StartThread",direct
"001192a0","FUN_001192a0","00119348","001188e0","GetThreadId",direct
"001192a0","FUN_001192a0","00119354","001188a0","ChangeThreadPriority",direct
"00119378","FUN_00119378","00119390","00119378","FUN_00119378",tail
"00119378","FUN_00119378","00119398","00118920","_iWakeupThread",direct
"00119378","FUN_00119378","001193a0","00119378","FUN_00119378",tail
"00119378","FUN_00119378","001193a8","00119378","FUN_00119378",tail
"00119378","FUN_00119378","001193b4","00119378","FUN_00119378",tail
"00119378","FUN_00119378","001193bc","00119378","FUN_00119378",tail
"00119378","FUN_00119378","001193f0","001189a0","iSignalSema",direct
"00119418","FUN_00119418","00119448","00118b90","Deci2Call",direct
"00119468","FUN_00119468","00119484","00118b90","Deci2Call",direct
"00119498","FUN_00119498","001194a8","00118b90","Deci2Call",direct
"001194c0","FUN_001194c0","001194e0","00118b90","Deci2Call",direct
"001194f8","FUN_001194f8","00119518","00118b90","Deci2Call",direct
"00119540","FUN_00119540","00119550","00118b90","Deci2Call",direct
"00119590","FUN_00119590","001195b4","00119590","FUN_00119590",tail
"001195d0","FUN_001195d0","001195f4","001195d0","FUN_001195d0",tail
"00119610","FUN_00119610","0011962c","00119610","FUN_00119610",tail
"00119610","FUN_00119610","00119638","00119610","FUN_00119610",tail
"00119610","FUN_00119610","00119640","00119610","FUN_00119610",tail
"00119610","FUN_00119610","00119648","00119610","FUN_00119610",tail
"00119610","FUN_00119610","00119650","00119610","FUN_00119610",tail
"00119610","FUN_00119610","00119658","00119610","FUN_00119610",tail
"00119610","FUN_00119610","0011966c","00119610","FUN_00119610",tail
"00119610","FUN_00119610","00119674","0011a390","FUN_0011a390",direct
"00119610","FUN_00119610","0011968c","001194c0","FUN_001194c0",direct
"00119610","FUN_00119610","00119698","00119610","FUN_00119610",tail
"00119610","FUN_00119610","001196a4","0011a390","FUN_0011a390",direct
"00119610","FUN_00119610","001196b8","00119610","FUN_00119610",tail
"00119610","FUN_00119610","001196cc","00119610","FUN_00119610",tail
"00119610","FUN_00119610","001196d4","00119610","FUN_00119610",tail
"00119610","FUN_00119610","001196f8","00119590","FUN_00119590",direct
"00119610","FUN_00119610","00119708","00119610","FUN_00119610",tail
"00119610","FUN_00119610","00119714","00119610","FUN_00119610",tail
"00119610","FUN_00119610","00119728","001194f8","FUN_001194f8",direct
"00119610","FUN_00119610","00119734","00119610","FUN_00119610",tail
"00119610","FUN_00119610","00119740","0011a390","FUN_0011a390",direct
"00119610","FUN_00119610","00119748","00119610","FUN_00119610",tail
"00119610","FUN_00119610","00119764","00119610","FUN_00119610",tail
"00119610","FUN_00119610","00119770","00119610","FUN_00119610",tail
"00119610","FUN_00119610","00119780","0011a390","FUN_0011a390",direct
"001197a8","FUN_001197a8","001197e4","001197a8","FUN_001197a8",tail
"001197a8","FUN_001197a8","001197ec","0011d660","FUN_0011d660",direct
"001197a8","FUN_001197a8","00119824","001197a8","FUN_001197a8",tail
"001197a8","FUN_001197a8","00119830","001197a8","FUN_001197a8",tail
"001197a8","FUN_001197a8","00119844","001197a8","FUN_001197a8",tail
"001197a8","FUN_001197a8","00119864","001197a8","FUN_001197a8",tail
"001197a8","FUN_001197a8","00119884","00119468","FUN_00119468",direct
"001197a8","FUN_001197a8","0011988c","001197a8","FUN_001197a8",tail
"001197a8","FUN_001197a8","00119894","0011d6a8","FUN_0011d6a8",direct
"001197a8","FUN_001197a8","0011989c","001197a8","FUN_001197a8",tail
"001197a8","FUN_001197a8","001198a8","001197a8","FUN_001197a8",tail
"001197a8","FUN_001197a8","001198b4","00119498","FUN_00119498",direct
"001197a8","FUN_001197a8","001198c0","001197a8","FUN_001197a8",tail
"001197a8","FUN_001197a8","001198c8","0011d6a8","FUN_0011d6a8",direct
"001198f8","FUN_001198f8","0011991c","001198f8","FUN_001198f8",tail
"001198f8","FUN_001198f8","00119954","001198f8","FUN_001198f8",tail
"001198f8","FUN_001198f8","00119970","001195d0","FUN_001195d0",direct
"001198f8","FUN_001198f8","00119980","001198f8","FUN_001198f8",tail
"001198f8","FUN_001198f8","00119988","001198f8","FUN_001198f8",tail
"001198f8","FUN_001198f8","00119990","001198f8","FUN_001198f8",tail
"001198f8","FUN_001198f8","0011999c","001198f8","FUN_001198f8",tail
"001199c8","FUN_001199c8","001199dc","00118a80","FlushCache",direct
"001199c8","FUN_001199c8","001199f4","00119418","FUN_00119418",direct
"001199c8","FUN_001199c8","00119a04","001199c8","FUN_001199c8",tail
"001199c8","FUN_001199c8","00119a0c","001199c8","FUN_001199c8",tail
"001199c8","FUN_001199c8","00119a60","00119568","FUN_00119568",direct
"00119a88","FUN_00119a88","00119aa4","00119a88","FUN_00119a88",tail
"00119ac0","FUN_00119ac0","00119ae0","00119ac0","FUN_00119ac0",tail
"00119ac0","FUN_00119ac0","00119af8","00119540","FUN_00119540",direct
"00119ac0","FUN_00119ac0","00119b00","00119ac0","FUN_00119ac0",tail
"00119ac0","FUN_00119ac0","00119b10","00119ac0","FUN_00119ac0",tail
"00119ac0","FUN_00119ac0","00119b40","00119540","FUN_00119540",direct
"00119b70","FUN_00119b70","00119b78","00119b70","FUN_00119b70",tail
"00119b70","FUN_00119b70","00119b80","00119a88","FUN_00119a88",direct
"00119b70","FUN_00119b70","00119b90","00119a88","FUN_00119a88",direct
"00119b70","FUN_00119b70","00119b9c","00119a88","FUN_00119a88",direct
"00119ba8","FUN_00119ba8","00119bbc","00119ba8","FUN_00119ba8",tail
"00119ba8","FUN_00119ba8","00119bcc","00119ba8","FUN_00119ba8",tail
"00119ba8","FUN_00119ba8","00119be8","00119ba8","FUN_00119ba8",tail
"00119ba8","FUN_00119ba8","00119c0c","00119ba8","FUN_00119ba8",tail
"00119ba8","FUN_00119ba8","00119c18","00119ba8","FUN_00119ba8",tail
"00119c38","FUN_00119c38","00119c58","00120130","FUN_00120130",direct
"00119c38","FUN_00119c38","00119c60","00119c38","FUN_00119c38",tail
"00119c38","FUN_00119c38","00119c68","0011fba0","FUN_0011fba0",direct
"00119c38","FUN_00119c38","00119c7c","00119b70","FUN_00119b70",direct
"00119c38","FUN_00119c38","00119c8c","00120130","FUN_00120130",direct
"00119c38","FUN_00119c38","00119c94","00119c38","FUN_00119c38",tail
"00119c38","FUN_00119c38","00119c9c","00119c38","FUN_00119c38",tail
"00119c38","FUN_00119c38","00119cb0","0011fc08","FUN_0011fc08",direct
"00119c38","FUN_00119c38","00119cc4","00120130","FUN_00120130",direct
"00119c38","FUN_00119c38","00119ccc","00119c38","FUN_00119c38",tail
"00119c38","FUN_00119c38","00119cd4","00119c38","FUN_00119c38",tail
"00119c38","FUN_00119c38","00119ce4","00120130","FUN_00120130",direct
"00119c38","FUN_00119c38","00119cec","00119c38","FUN_00119c38",tail
"00119c38","FUN_00119c38","00119cf4","00119c38","FUN_00119c38",tail
"00119c38","FUN_00119c38","00119d08","0011feb0","FUN_0011feb0",direct
"00119c38","FUN_00119c38","00119d1c","00120130","FUN_00120130",direct
"00119c38","FUN_00119c38","00119d24","00119c38","FUN_00119c38",tail
"00119c38","FUN_00119c38","00119d34","0011fc08","FUN_0011fc08",direct
"00119c38","FUN_00119c38","00119d3c","0011e3d8","FUN_0011e3d8",direct
"00119c38","FUN_00119c38","00119d44","00119ba8","FUN_00119ba8",direct
"00119c38","FUN_00119c38","00119d50","0011a390","FUN_0011a390",direct
"00119c38","FUN_00119c38","00119d58","00119c38","FUN_00119c38",tail
"00119c38","FUN_00119c38","00119d78","0011a390","FUN_0011a390",direct
"00119c38","FUN_00119c38","00119d98","0011a390","FUN_0011a390",direct
"00119da0","FUN_00119da0","00119dc8","0011d660","FUN_0011d660",direct
"00119da0","FUN_00119da0","00119dd8","00119da0","FUN_00119da0",tail
"00119da0","FUN_00119da0","00119df0","00119da0","FUN_00119da0",tail
"00119da0","FUN_00119da0","00119e14","00119da0","FUN_00119da0",tail
"00119da0","FUN_00119da0","00119e2c","00119da0","FUN_00119da0",computed
"00119da0","FUN_00119da0","00119e2c","00119da0","FUN_00119da0",computed
"00119da0","FUN_00119da0","00119e2c","00119da0","FUN_00119da0",computed
"00119da0","FUN_00119da0","00119e2c","00119da0","FUN_00119da0",computed
"00119da0","FUN_00119da0","00119e2c","00119da0","FUN_00119da0",computed
"00119da0","FUN_00119da0","00119e2c","00119da0","FUN_00119da0",computed
"00119da0","FUN_00119da0","00119e2c","00119da0","FUN_00119da0",computed
"00119da0","FUN_00119da0","00119e2c","00119da0","FUN_00119da0",computed
"00119da0","FUN_00119da0","00119e2c","00119da0","FUN_00119da0",computed
"00119da0","FUN_00119da0","00119e2c","00119da0","FUN_00119da0",computed
"00119da0","FUN_00119da0","00119e2c","00119da0","FUN_00119da0",computed
"00119da0","FUN_00119da0","00119e44","00119da0","FUN_00119da0",tail
"00119da0","FUN_00119da0","00119e54","00119da0","FUN_00119da0",tail
"00119da0","FUN_00119da0","00119e74","00119da0","FUN_00119da0",tail
"00119da0","FUN_00119da0","00119e84","00119da0","FUN_00119da0",tail
"00119da0","FUN_00119da0","00119ea8","00119da0","FUN_00119da0",tail
"00119da0","FUN_00119da0","00119eb0","00119da0","FUN_00119da0",tail
"00119da0","FUN_00119da0","00119ebc","00119da0","FUN_00119da0",tail
"00119da0","FUN_00119da0","00119ec4","00119da0","FUN_00119da0",tail
"00119da0","FUN_00119da0","00119ed0","00119da0","FUN_00119da0",tail
"00119da0","FUN_00119da0","00119edc","00119da0","FUN_00119da0",tail
"00119da0","FUN_00119da0","00119ee4","00119da0","FUN_00119da0",tail
"00119da0","FUN_00119da0","00119eec","00119da0","FUN_00119da0",tail
"00119da0","FUN_00119da0","00119efc","00119da0","FUN_00119da0",tail
"00119da0","FUN_00119da0","00119f10","00119da0","FUN_00119da0",tail
"00119da0","FUN_00119da0","00119f38","00119da0","FUN_00119da0",tail
"00119da0","FUN_00119da0","00119f40","00119da0","FUN_00119da0",tail
"00119da0","FUN_00119da0","00119f50","00119da0","FUN_00119da0",tail
"00119da0","FUN_00119da0","00119f6c","00119b70","FUN_00119b70",direct
"00119da0","FUN_00119da0","00119f78","00119da0","FUN_00119da0",tail
"00119da0","FUN_00119da0","00119f80","00119da0","FUN_00119da0",tail
"00119da0","FUN_00119da0","00119f8c","00119da0","FUN_00119da0",tail
"00119da0","FUN_00119da0","00119f98","00119da0","FUN_00119da0",tail
"00119da0","FUN_00119da0","00119fa0","00119da0","FUN_00119da0",tail
"00119da0","FUN_00119da0","00119fa8","00119da0","FUN_00119da0",tail
"00119da0","FUN_00119da0","00119fb8","00119da0","FUN_00119da0",tail
"00119da0","FUN_00119da0","00119fcc","00119da0","FUN_00119da0",tail
"00119da0","FUN_00119da0","00119fe0","00119da0","FUN_00119da0",tail
"00119da0","FUN_00119da0","00119ff8","00119da0","FUN_00119da0",tail
"00119da0","FUN_00119da0","0011a000","00119da0","FUN_00119da0",tail
"00119da0","FUN_00119da0","0011a010","00119da0","FUN_00119da0",tail
"00119da0","FUN_00119da0","0011a02c","00119b70","FUN_00119b70",direct
"00119da0","FUN_00119da0","0011a038","00119da0","FUN_00119da0",tail
"00119da0","FUN_00119da0","0011a040","00119da0","FUN_00119da0",tail
"00119da0","FUN_00119da0","0011a04c","00119da0","FUN_00119da0",tail
"00119da0","FUN_00119da0","0011a058","00119da0","FUN_00119da0",tail
"00119da0","FUN_00119da0","0011a060","00119da0","FUN_00119da0",tail
"00119da0","FUN_00119da0","0011a068","00119da0","FUN_00119da0",tail
"00119da0","FUN_00119da0","0011a078","00119da0","FUN_00119da0",tail
"00119da0","FUN_00119da0","0011a088","00119da0","FUN_00119da0",tail
"00119da0","FUN_00119da0","0011a090","00119da0","FUN_00119da0",tail
"00119da0","FUN_00119da0","0011a0a0","00119b70","FUN_00119b70",direct
"00119da0","FUN_00119da0","0011a0a8","00119da0","FUN_00119da0",tail
"00119da0","FUN_00119da0","0011a0b8","0011e560","FUN_0011e560",direct
"00119da0","FUN_00119da0","0011a0d4","0011dce8","FUN_0011dce8",direct
"00119da0","FUN_00119da0","0011a0e0","00119da0","FUN_00119da0",tail
"00119da0","FUN_00119da0","0011a0e8","00119da0","FUN_00119da0",tail
"00119da0","FUN_00119da0","0011a0f4","00119da0","FUN_00119da0",tail
"00119da0","FUN_00119da0","0011a104","00119da0","FUN_00119da0",tail
"00119da0","FUN_00119da0","0011a11c","00119b70","FUN_00119b70",direct
"00119da0","FUN_00119da0","0011a128","00119da0","FUN_00119da0",tail
"00119da0","FUN_00119da0","0011a130","00119da0","FUN_00119da0",tail
"00119da0","FUN_00119da0","0011a13c","00119da0","FUN_00119da0",tail
"00119da0","FUN_00119da0","0011a148","00119da0","FUN_00119da0",tail
"00119da0","FUN_00119da0","0011a150","00119da0","FUN_00119da0",tail
"00119da0","FUN_00119da0","0011a158","00119da0","FUN_00119da0",tail
"00119da0","FUN_00119da0","0011a168","00119da0","FUN_00119da0",tail
"00119da0","FUN_00119da0","0011a17c","00119da0","FUN_00119da0",tail
"00119da0","FUN_00119da0","0011a190","0011f1f8","FUN_0011f1f8",direct
"00119da0","FUN_00119da0","0011a1ac","0011ec28","FUN_0011ec28",direct
"00119da0","FUN_00119da0","0011a1b8","00119da0","FUN_00119da0",tail
"00119da0","FUN_00119da0","0011a1c0","00119da0","FUN_00119da0",tail
"00119da0","FUN_00119da0","0011a1d0","00119da0","FUN_00119da0",tail
"00119da0","FUN_00119da0","0011a1ec","00119b70","FUN_00119b70",direct
"00119da0","FUN_00119da0","0011a1f8","00119da0","FUN_00119da0",tail
"00119da0","FUN_00119da0","0011a200","00119da0","FUN_00119da0",tail
"00119da0","FUN_00119da0","0011a21c","00119da0","FUN_00119da0",tail
"00119da0","FUN_00119da0","0011a22c","00119b70","FUN_00119b70",direct
"00119da0","FUN_00119da0","0011a234","00119da0","FUN_00119da0",tail
"00119da0","FUN_00119da0","0011a23c","00120478","FUN_00120478",direct
"00119da0","FUN_00119da0","0011a244","00119c38","FUN_00119c38",direct
"00119da0","FUN_00119da0","0011a24c","00119da0","FUN_00119da0",tail
"00119da0","FUN_00119da0","0011a260","00119da0","FUN_00119da0",tail
"00119da0","FUN_00119da0","0011a274","00119b70","FUN_00119b70",direct
"00119da0","FUN_00119da0","0011a280","00119b70","FUN_00119b70",direct
"00119da0","FUN_00119da0","0011a28c","00119b70","FUN_00119b70",direct
"00119da0","FUN_00119da0","0011a298","00119b70","FUN_00119b70",direct
"00119da0","FUN_00119da0","0011a2a4","00119b70","FUN_00119b70",direct
"00119da0","FUN_00119da0","0011a2b0","00119b70","FUN_00119b70",direct
"00119da0","FUN_00119da0","0011a2b8","00119da0","FUN_00119da0",tail
"00119da0","FUN_00119da0","0011a2dc","00119b70","FUN_00119b70",direct
"00119da0","FUN_00119da0","0011a2e8","00119da0","FUN_00119da0",tail
"00119da0","FUN_00119da0","0011a2f0","00119da0","FUN_00119da0",tail
"00119da0","FUN_00119da0","0011a310","00119b70","FUN_00119b70",direct
"00119da0","FUN_00119da0","0011a318","00119da0","FUN_00119da0",tail
"00119da0","FUN_00119da0","0011a328","00119b70","FUN_00119b70",direct
"00119da0","FUN_00119da0","0011a330","00119da0","FUN_00119da0",tail
"00119da0","FUN_00119da0","0011a338","00119da0","FUN_00119da0",tail
"00119da0","FUN_00119da0","0011a34c","00119da0","FUN_00119da0",tail
"00119da0","FUN_00119da0","0011a354","00119da0","FUN_00119da0",tail
"00119da0","FUN_00119da0","0011a35c","0011d6a8","FUN_0011d6a8",direct
"0011a390","FUN_0011a390","0011a3b4","00119da0","FUN_00119da0",direct
"0011a3c8","FUN_0011a3c8","0011a408","00119da0","FUN_00119da0",direct
"0011a480","FUN_0011a480","0011a498","0011d660","FUN_0011d660",direct
"0011a480","FUN_0011a480","0011a4a8","0011a480","FUN_0011a480",tail
"0011a480","FUN_0011a480","0011a4c8","0011d6a8","FUN_0011d6a8",direct
"0011a480","FUN_0011a480","0011a54c","0011a480","FUN_0011a480",tail
"0011a480","FUN_0011a480","0011a57c","0011a480","FUN_0011a480",tail
"0011a480","FUN_0011a480","0011a5ac","0011d6a8","FUN_0011d6a8",direct
"0011a480","FUN_0011a480","0011a5b4","00118a80","FlushCache",direct
"0011a480","FUN_0011a480","0011a5cc","0011a480","FUN_0011a480",tail
"0011a480","FUN_0011a480","0011a5ec","0011a480","FUN_0011a480",tail
"0011a480","FUN_0011a480","0011a5f4","00118b40","sceSifSetDChain",direct
"0011a480","FUN_0011a480","0011a608","001187b0","AddDmacHandler",direct
"0011a480","FUN_0011a480","0011a618","00119160","FUN_00119160",direct
"0011a480","FUN_0011a480","0011a624","00118b70","sceSifGetReg",direct
"0011a480","FUN_0011a480","0011a62c","0011a480","FUN_0011a480",tail
"0011a480","FUN_0011a480","0011a66c","0011a8c8","FUN_0011a8c8",direct
"0011a480","FUN_0011a480","0011a678","00118b70","sceSifGetReg",direct
"0011a480","FUN_0011a480","0011a684","0011a480","FUN_0011a480",tail
"0011a480","FUN_0011a480","0011a68c","00118b70","sceSifGetReg",direct
"0011a480","FUN_0011a480","0011a69c","00118b60","sceSifSetReg",direct
"0011a480","FUN_0011a480","0011a6ac","00118b60","sceSifSetReg",direct
"0011a480","FUN_0011a480","0011a6f8","0011a8c8","FUN_0011a8c8",direct
"0011a700","FUN_0011a700","0011a708","001190f8","FUN_001190f8",direct
"0011a700","FUN_0011a700","0011a718","001187d0","RemoveDmacHandler",direct
"0011a738","FUN_0011a738","0011a738","0011a738","FUN_0011a738",tail
"0011a738","FUN_0011a738","0011a744","0011a738","FUN_0011a738",tail
"0011a768","FUN_0011a768","0011a768","0011a768","FUN_0011a768",tail
"0011a768","FUN_0011a768","0011a774","0011a768","FUN_0011a768",tail
"0011a790","FUN_0011a790","0011a7c8","0011a790","FUN_0011a790",tail
"0011a790","FUN_0011a790","0011a7d0","0011a790","FUN_0011a790",tail
"0011a790","FUN_0011a790","0011a7d8","0011a790","FUN_0011a790",tail
"0011a790","FUN_0011a790","0011a808","0011a790","FUN_0011a790",tail
"0011a790","FUN_0011a790","0011a810","0011aa70","FUN_0011aa70",direct
"0011a790","FUN_0011a790","0011a818","0011a790","FUN_0011a790",tail
"0011a790","FUN_0011a790","0011a878","0011aa70","FUN_0011aa70",direct
"0011a790","FUN_0011a790","0011a884","0011a790","FUN_0011a790",tail
"0011a790","FUN_0011a790","0011a88c","00118b30","isceSifSetDma",direct
"0011a790","FUN_0011a790","0011a894","0011a790","FUN_0011a790",tail
"0011a790","FUN_0011a790","0011a89c","00118b20","sceSifSetDma",direct
"0011a8c8","FUN_0011a8c8","0011a8f0","0011a790","FUN_0011a790",direct
"0011a908","FUN_0011a908","0011a930","0011a790","FUN_0011a790",direct
"0011a948","FUN_0011a948","0011a954","0011d6a8","FUN_0011d6a8",direct
"0011a948","FUN_0011a948","0011a970","0011a948","FUN_0011a948",tail
"0011a948","FUN_0011a948","0011a998","0011a948","FUN_0011a948",tail
"0011a948","FUN_0011a948","0011a9bc","0011a948","FUN_0011a948",tail
"0011a948","FUN_0011a948","0011a9c4","00118b50","isceSifSetDChain",direct
"0011a948","FUN_0011a948","0011a9d0","0011a948","FUN_0011a948",tail
"0011a948","FUN_0011a948","0011a9f0","0011a948","FUN_0011a948",tail
"0011a948","FUN_0011a948","0011aa04","0011a948","FUN_0011a948",tail
"0011a948","FUN_0011a948","0011aa18","0011a948","FUN_0011a948",tail
"0011a948","FUN_0011a948","0011aa2c","0011a948","FUN_0011a948",tail
"0011a948","FUN_0011a948","0011aa40","0011a948","FUN_0011a948",tail
"0011aa70","FUN_0011aa70","0011aa78","0011aa70","FUN_0011aa70",tail
"0011aa70","FUN_0011aa70","0011aa9c","0011aa70","FUN_0011aa70",tail
"0011aa70","FUN_0011aa70","0011aab8","0011aa70","FUN_0011aa70",tail
"0011aa70","FUN_0011aa70","0011aac0","0011aa70","FUN_0011aa70",tail
"0011aa70","FUN_0011aa70","0011ab0c","0011aa70","FUN_0011aa70",tail
"0011ab20","FUN_0011ab20","0011ab30","0011d660","FUN_0011d660",direct
"0011ab20","FUN_0011ab20","0011ab40","0011ab20","FUN_0011ab20",tail
"0011ab20","FUN_0011ab20","0011ab58","0011d6a8","FUN_0011d6a8",direct
"0011ab20","FUN_0011ab20","0011ab60","0011d6a8","FUN_0011d6a8",direct
"0011ab20","FUN_0011ab20","0011ab68","0011a480","FUN_0011a480",direct
"0011ab20","FUN_0011ab20","0011ab70","0011d660","FUN_0011d660",direct
"0011ab20","FUN_0011ab20","0011abe4","0011a738","FUN_0011a738",direct
"0011ab20","FUN_0011ab20","0011abfc","0011a738","FUN_0011a738",direct
"0011ab20","FUN_0011ab20","0011ac14","0011a738","FUN_0011a738",direct
"0011ab20","FUN_0011ab20","0011ac2c","0011a738","FUN_0011a738",direct
"0011ab20","FUN_0011ab20","0011ac34","0011d6a8","FUN_0011d6a8",direct
"0011ab20","FUN_0011ab20","0011ac40","00118b70","sceSifGetReg",direct
"0011ab20","FUN_0011ab20","0011ac48","0011ab20","FUN_0011ab20",tail
"0011ab20","FUN_0011ab20","0011ac6c","0011a8c8","FUN_0011a8c8",direct
"0011ab20","FUN_0011ab20","0011ac78","0011a458","FUN_0011a458",direct
"0011ab20","FUN_0011ab20","0011ac80","0011ab20","FUN_0011ab20",tail
"0011ab20","FUN_0011ab20","0011aca0","00118b60","sceSifSetReg",direct
"0011acc0","FUN_0011acc0","0011acc8","0011a700","FUN_0011a700",direct
"0011ace8","FUN_0011ace8","0011acf8","0011d660","FUN_0011d660",direct
"0011ace8","FUN_0011ace8","0011ad08","0011ace8","FUN_0011ace8",tail
"0011ace8","FUN_0011ace8","0011ad20","0011ace8","FUN_0011ace8",tail
"0011ace8","FUN_0011ace8","0011ad3c","0011ace8","FUN_0011ace8",tail
"0011ace8","FUN_0011ace8","0011ad54","0011d6a8","FUN_0011d6a8",direct
"0011ace8","FUN_0011ace8","0011ad5c","0011ace8","FUN_0011ace8",tail
"0011ace8","FUN_0011ace8","0011ad68","0011ace8","FUN_0011ace8",tail
"0011ace8","FUN_0011ace8","0011ad70","0011d6a8","FUN_0011d6a8",direct
"0011adb0","FUN_0011adb0","0011adbc","0011adb0","FUN_0011adb0",tail
"0011ade0","FUN_0011ade0","0011ae00","0011ade0","FUN_0011ade0",tail
"0011ade0","FUN_0011ade0","0011ae08","0011ade0","FUN_0011ade0",tail
"0011ade0","FUN_0011ade0","0011ae18","0011ade0","FUN_0011ade0",tail
"0011ade0","FUN_0011ade0","0011ae20","0011ade0","FUN_0011ade0",tail
"0011ade0","FUN_0011ade0","0011ae30","0011ade0","FUN_0011ade0",tail
"0011ade0","FUN_0011ade0","0011ae40","0011ade0","FUN_0011ade0",tail
"0011ade0","FUN_0011ade0","0011ae64","0011ade0","FUN_0011ade0",tail
"0011ade0","FUN_0011ade0","0011ae6c","001189a0","iSignalSema",direct
"0011ade0","FUN_0011ade0","0011ae74","0011ad90","FUN_0011ad90",direct
"0011ae98","FUN_0011ae98","0011aea8","0011adb0","FUN_0011adb0",direct
"0011ae98","FUN_0011ae98","0011aef0","0011a908","FUN_0011a908",direct
"0011aef8","FUN_0011aef8","0011aefc","0011aef8","FUN_0011aef8",tail
"0011aef8","FUN_0011aef8","0011af08","0011aef8","FUN_0011aef8",tail
"0011aef8","FUN_0011aef8","0011af18","0011aef8","FUN_0011aef8",tail
"0011aef8","FUN_0011aef8","0011af28","0011aef8","FUN_0011aef8",tail
"0011aef8","FUN_0011aef8","0011af34","0011aef8","FUN_0011aef8",tail
"0011af48","FUN_0011af48","0011af64","0011adb0","FUN_0011adb0",direct
"0011af48","FUN_0011af48","0011af90","0011aef8","FUN_0011aef8",direct
"0011af48","FUN_0011af48","0011af9c","0011af48","FUN_0011af48",tail
"0011af48","FUN_0011af48","0011afac","0011af48","FUN_0011af48",tail
"0011af48","FUN_0011af48","0011aff0","0011a908","FUN_0011a908",direct
"0011aff8","FUN_0011aff8","0011b028","0011ace8","FUN_0011ace8",direct
"0011aff8","FUN_0011aff8","0011b034","0011aff8","FUN_0011aff8",tail
"0011aff8","FUN_0011aff8","0011b054","0011aff8","FUN_0011aff8",tail
"0011aff8","FUN_0011aff8","0011b068","00118970","CreateSema",direct
"0011aff8","FUN_0011aff8","0011b070","0011aff8","FUN_0011aff8",tail
"0011aff8","FUN_0011aff8","0011b078","0011ad90","FUN_0011ad90",direct
"0011aff8","FUN_0011aff8","0011b080","0011aff8","FUN_0011aff8",tail
"0011aff8","FUN_0011aff8","0011b0a0","0011a8c8","FUN_0011a8c8",direct
"0011aff8","FUN_0011aff8","0011b0a8","0011aff8","FUN_0011aff8",tail
"0011aff8","FUN_0011aff8","0011b0b0","0011ad90","FUN_0011ad90",direct
"0011aff8","FUN_0011aff8","0011b0b8","00118980","DeleteSema",direct
"0011aff8","FUN_0011aff8","0011b0c0","0011aff8","FUN_0011aff8",tail
"0011aff8","FUN_0011aff8","0011b0c8","001189b0","WaitSema",direct
"0011aff8","FUN_0011aff8","0011b0d0","00118980","DeleteSema",direct
"0011aff8","FUN_0011aff8","0011b0d8","0011aff8","FUN_0011aff8",tail
"0011aff8","FUN_0011aff8","0011b100","0011a8c8","FUN_0011a8c8",direct
"0011aff8","FUN_0011aff8","0011b108","0011aff8","FUN_0011aff8",tail
"0011aff8","FUN_0011aff8","0011b110","0011ad90","FUN_0011ad90",direct
"0011b1c8","FUN_0011b1c8","0011b218","0011ace8","FUN_0011ace8",direct
"0011b1c8","FUN_0011b1c8","0011b224","0011b1c8","FUN_0011b1c8",tail
"0011b1c8","FUN_0011b1c8","0011b264","0011b1c8","FUN_0011b1c8",tail
"0011b1c8","FUN_0011b1c8","0011b26c","0011b1c8","FUN_0011b1c8",tail
"0011b1c8","FUN_0011b1c8","0011b27c","0011aa70","FUN_0011aa70",direct
"0011b1c8","FUN_0011b1c8","0011b284","0011b1c8","FUN_0011b1c8",tail
"0011b1c8","FUN_0011b1c8","0011b28c","0011b1c8","FUN_0011b1c8",tail
"0011b1c8","FUN_0011b1c8","0011b294","0011aa70","FUN_0011aa70",direct
"0011b1c8","FUN_0011b1c8","0011b29c","0011b1c8","FUN_0011b1c8",tail
"0011b1c8","FUN_0011b1c8","0011b2a4","0011aa70","FUN_0011aa70",direct
"0011b1c8","FUN_0011b1c8","0011b2b0","0011b1c8","FUN_0011b1c8",tail
"0011b1c8","FUN_0011b1c8","0011b2b8","0011b1c8","FUN_0011b1c8",tail
"0011b1c8","FUN_0011b1c8","0011b2c0","0011b1c8","FUN_0011b1c8",tail
"0011b1c8","FUN_0011b1c8","0011b2ec","0011a8c8","FUN_0011a8c8",direct
"0011b1c8","FUN_0011b1c8","0011b2f4","0011b1c8","FUN_0011b1c8",tail
"0011b1c8","FUN_0011b1c8","0011b2fc","0011b1c8","FUN_0011b1c8",tail
"0011b1c8","FUN_0011b1c8","0011b30c","00118970","CreateSema",direct
"0011b1c8","FUN_0011b1c8","0011b314","0011b1c8","FUN_0011b1c8",tail
"0011b1c8","FUN_0011b1c8","0011b31c","0011ad90","FUN_0011ad90",direct
"0011b1c8","FUN_0011b1c8","0011b324","0011b1c8","FUN_0011b1c8",tail
"0011b1c8","FUN_0011b1c8","0011b348","0011a8c8","FUN_0011a8c8",direct
"0011b1c8","FUN_0011b1c8","0011b350","0011b1c8","FUN_0011b1c8",tail
"0011b1c8","FUN_0011b1c8","0011b358","00118980","DeleteSema",direct
"0011b1c8","FUN_0011b1c8","0011b360","0011ad90","FUN_0011ad90",direct
"0011b1c8","FUN_0011b1c8","0011b368","0011b1c8","FUN_0011b1c8",tail
"0011b1c8","FUN_0011b1c8","0011b370","001189b0","WaitSema",direct
"0011b1c8","FUN_0011b1c8","0011b378","00118980","DeleteSema",direct
"0011b3b8","FUN_0011b3b8","0011b3bc","0011b3b8","FUN_0011b3b8",tail
"0011b3b8","FUN_0011b3b8","0011b3cc","0011b3b8","FUN_0011b3b8",tail
"0011b3b8","FUN_0011b3b8","0011b3dc","0011b3b8","FUN_0011b3b8",tail
"0011b410","FUN_0011b410","0011b428","0011b410","FUN_0011b410",tail
"0011b410","FUN_0011b410","0011b440","00118970","CreateSema",direct
"0011b410","FUN_0011b410","0011b44c","00118970","CreateSema",direct
"0011b470","FUN_0011b470","0011b480","0011b410","FUN_0011b410",direct
"0011b470","FUN_0011b470","0011b488","001189b0","WaitSema",direct
"0011b470","FUN_0011b470","0011b4a0","0011b470","FUN_0011b470",tail
"0011b470","FUN_0011b470","0011b4b0","0011b470","FUN_0011b470",tail
"0011b470","FUN_0011b470","0011b4bc","00118990","SignalSema",direct
"0011b470","FUN_0011b470","0011b4c4","0011b470","FUN_0011b470",tail
"0011b470","FUN_0011b470","0011b4d0","0011b470","FUN_0011b470",tail
"0011b470","FUN_0011b470","0011b4d8","00118990","SignalSema",direct
"0011b4f8","FUN_0011b4f8","0011b50c","0011b410","FUN_0011b410",direct
"0011b4f8","FUN_0011b4f8","0011b514","001189b0","WaitSema",direct
"0011b4f8","FUN_0011b4f8","0011b520","0011b4f8","FUN_0011b4f8",tail
"0011b4f8","FUN_0011b4f8","0011b528","00118990","SignalSema",direct
"0011b4f8","FUN_0011b4f8","0011b530","0011b4f8","FUN_0011b4f8",tail
"0011b4f8","FUN_0011b4f8","0011b544","00118990","SignalSema",direct
"0011b568","FUN_0011b568","0011b57c","0011b568","FUN_0011b568",tail
"0011b568","FUN_0011b568","0011b5f0","0011b568","FUN_0011b568",tail
"0011b568","FUN_0011b568","0011b5fc","00115248","FUN_00115248",direct
"0011b568","FUN_0011b568","0011b610","0011b568","FUN_0011b568",tail
"0011b568","FUN_0011b568","0011b628","0011b568","FUN_0011b568",computed
"0011b568","FUN_0011b568","0011b628","0011b568","FUN_0011b568",computed
"0011b568","FUN_0011b568","0011b628","0011b568","FUN_0011b568",computed
"0011b568","FUN_0011b568","0011b628","0011b568","FUN_0011b568",computed
"0011b568","FUN_0011b568","0011b628","0011b568","FUN_0011b568",computed
"0011b568","FUN_0011b568","0011b634","0011b568","FUN_0011b568",tail
"0011b568","FUN_0011b568","0011b640","0011b568","FUN_0011b568",tail
"0011b568","FUN_0011b568","0011b668","0011b568","FUN_0011b568",tail
"0011b568","FUN_0011b568","0011b674","0011b568","FUN_0011b568",tail
"0011b568","FUN_0011b568","0011b680","0011b568","FUN_0011b568",tail
"0011b568","FUN_0011b568","0011b6a8","0011b568","FUN_0011b568",tail
"0011b568","FUN_0011b568","0011b6b0","0011b568","FUN_0011b568",tail
"0011b568","FUN_0011b568","0011b6d8","0011b568","FUN_0011b568",tail
"0011b568","FUN_0011b568","0011b72c","0011b568","FUN_0011b568",tail
"0011b568","FUN_0011b568","0011b734","0011b568","FUN_0011b568",tail
"0011b568","FUN_0011b568","0011b768","0011b568","FUN_0011b568",tail
"0011b568","FUN_0011b568","0011b77c","0011b568","FUN_0011b568",tail
"0011b568","FUN_0011b568","0011b818","0011b568","FUN_0011b568",tail
"0011b568","FUN_0011b568","0011b848","0011b568","FUN_0011b568",tail
"0011b568","FUN_0011b568","0011b860","00115248","FUN_00115248",direct
"0011b568","FUN_0011b568","0011b86c","0011b568","FUN_0011b568",tail
"0011b568","FUN_0011b568","0011b884","0011b568","FUN_0011b568",tail
"0011b568","FUN_0011b568","0011b894","0011b568","FUN_0011b568",tail
"0011b568","FUN_0011b568","0011b8a8","0011b568","FUN_0011b568",tail
"0011b568","FUN_0011b568","0011b8bc","0011b568","FUN_0011b568",tail
"0011b568","FUN_0011b568","0011b8cc","0011b568","FUN_0011b568",tail
"0011b568","FUN_0011b568","0011b8d4","001189a0","iSignalSema",direct
"0011b8f0","FUN_0011b8f0","0011b908","0011b8f0","FUN_0011b8f0",tail
"0011b8f0","FUN_0011b8f0","0011b920","00118970","CreateSema",direct
"0011b940","FUN_0011b940","0011b948","0011b8f0","FUN_0011b8f0",direct
"0011b940","FUN_0011b940","0011b954","001189b0","WaitSema",direct
"0011b970","FUN_0011b970","0011b974","00118990","SignalSema",direct
"0011b9b0","FUN_0011b9b0","0011b9d4","0011ab20","FUN_0011ab20",direct
"0011b9b0","FUN_0011b9b0","0011b9e0","0011d660","FUN_0011d660",direct
"0011b9b0","FUN_0011b9b0","0011ba00","0011a738","FUN_0011a738",direct
"0011b9b0","FUN_0011b9b0","0011ba18","0011a738","FUN_0011a738",direct
"0011b9b0","FUN_0011b9b0","0011ba20","0011b9b0","FUN_0011b9b0",tail
"0011b9b0","FUN_0011b9b0","0011ba28","0011d6a8","FUN_0011d6a8",direct
"0011b9b0","FUN_0011b9b0","0011ba30","0011b9b0","FUN_0011b9b0",tail
"0011b9b0","FUN_0011b9b0","0011ba54","0011b9b0","FUN_0011b9b0",tail
"0011b9b0","FUN_0011b9b0","0011ba6c","0011aff8","FUN_0011aff8",direct
"0011b9b0","FUN_0011b9b0","0011ba74","0011b9b0","FUN_0011b9b0",tail
"0011b9b0","FUN_0011b9b0","0011ba80","0011b9b0","FUN_0011b9b0",tail
"0011b9b0","FUN_0011b9b0","0011ba88","0011b410","FUN_0011b410",direct
"0011b9b0","FUN_0011b9b0","0011ba90","001189b0","WaitSema",direct
"0011b9b0","FUN_0011b9b0","0011baa8","0011b9b0","FUN_0011b9b0",tail
"0011b9b0","FUN_0011b9b0","0011bacc","0011b9b0","FUN_0011b9b0",tail
"0011b9b0","FUN_0011b9b0","0011bad4","0011b9b0","FUN_0011b9b0",tail
"0011b9b0","FUN_0011b9b0","0011bae8","00118990","SignalSema",direct
"0011b9b0","FUN_0011b9b0","0011bb20","0011b1c8","FUN_0011b1c8",direct
"0011b9b0","FUN_0011b9b0","0011bb28","0011b9b0","FUN_0011b9b0",tail
"0011b9b0","FUN_0011b9b0","0011bb34","0011b9b0","FUN_0011b9b0",tail
"0011bbb8","FUN_0011bbb8","0011bbec","001151b4","FUN_001151b4",direct
"0011bbb8","FUN_0011bbb8","0011bbf4","0011bbb8","FUN_0011bbb8",tail
"0011bbb8","FUN_0011bbb8","0011bc04","001151b4","FUN_001151b4",direct
"0011bbb8","FUN_0011bbb8","0011bc0c","0011bbb8","FUN_0011bbb8",tail
"0011bbb8","FUN_0011bbb8","0011bc18","001151b4","FUN_001151b4",direct
"0011bc48","FUN_0011bc48","0011bc64","001153fc","FUN_001153fc",direct
"0011bc80","FUN_0011bc80","0011bcd4","0011b940","FUN_0011b940",direct
"0011bc80","FUN_0011bc80","0011bce4","0011bc80","FUN_0011bc80",tail
"0011bc80","FUN_0011bc80","0011bcec","0011b9b0","FUN_0011b9b0",direct
"0011bc80","FUN_0011bc80","0011bcf4","0011bbb8","FUN_0011bbb8",direct
"0011bc80","FUN_0011bc80","0011bcfc","0011bc80","FUN_0011bc80",tail
"0011bc80","FUN_0011bc80","0011bd04","0011b970","FUN_0011b970",direct
"0011bc80","FUN_0011bc80","0011bd10","0011bc80","FUN_0011bc80",tail
"0011bc80","FUN_0011bc80","0011bd18","0011b470","FUN_0011b470",direct
"0011bc80","FUN_0011bc80","0011bd24","0011bc80","FUN_0011bc80",tail
"0011bc80","FUN_0011bc80","0011bd2c","0011b970","FUN_0011b970",direct
"0011bc80","FUN_0011bc80","0011bd34","0011bc80","FUN_0011bc80",tail
"0011bc80","FUN_0011bc80","0011bd48","0011bc80","FUN_0011bc80",tail
"0011bc80","FUN_0011bc80","0011bd6c","0011bc80","FUN_0011bc80",tail
"0011bc80","FUN_0011bc80","0011bd84","0011bc80","FUN_0011bc80",tail
"0011bc80","FUN_0011bc80","0011bd8c","0011bc80","FUN_0011bc80",tail
"0011bc80","FUN_0011bc80","0011bda8","0011bc80","FUN_0011bc80",tail
"0011bc80","FUN_0011bc80","0011bde8","00118970","CreateSema",direct
"0011bc80","FUN_0011bc80","0011be24","0011b1c8","FUN_0011b1c8",direct
"0011bc80","FUN_0011bc80","0011be2c","0011bc80","FUN_0011bc80",tail
"0011bc80","FUN_0011bc80","0011be34","00118980","DeleteSema",direct
"0011bc80","FUN_0011bc80","0011be3c","0011b970","FUN_0011b970",direct
"0011bc80","FUN_0011bc80","0011be44","0011bc80","FUN_0011bc80",tail
"0011bc80","FUN_0011bc80","0011be50","0011b970","FUN_0011b970",direct
"0011bc80","FUN_0011bc80","0011be58","0011bc80","FUN_0011bc80",tail
"0011bc80","FUN_0011bc80","0011be60","00118980","DeleteSema",direct
"0011bc80","FUN_0011bc80","0011be68","0011bc80","FUN_0011bc80",tail
"0011bc80","FUN_0011bc80","0011be70","001189b0","WaitSema",direct
"0011bc80","FUN_0011bc80","0011be78","00118980","DeleteSema",direct
"0011bc80","FUN_0011bc80","0011be84","0011bc80","FUN_0011bc80",tail
"0011bc80","FUN_0011bc80","0011be8c","001189b0","WaitSema",direct
"0011bc80","FUN_0011bc80","0011be98","00118990","SignalSema",direct
"0011bc80","FUN_0011bc80","0011bea0","0011bc80","FUN_0011bc80",tail
"0011bc80","FUN_0011bc80","0011beac","001189b0","WaitSema",direct
"0011bc80","FUN_0011bc80","0011bec8","00118990","SignalSema",direct
"0011bf08","FUN_0011bf08","0011bf28","0011b4f8","FUN_0011b4f8",direct
"0011bf08","FUN_0011bf08","0011bf34","0011b940","FUN_0011b940",direct
"0011bf08","FUN_0011bf08","0011bf44","0011bf08","FUN_0011bf08",tail
"0011bf08","FUN_0011bf08","0011bf4c","0011b970","FUN_0011b970",direct
"0011bf08","FUN_0011bf08","0011bf54","0011bf08","FUN_0011bf08",tail
"0011bf08","FUN_0011bf08","0011bf5c","0011bf08","FUN_0011bf08",tail
"0011bf08","FUN_0011bf08","0011bf68","0011bf08","FUN_0011bf08",tail
"0011bf08","FUN_0011bf08","0011bf70","0011b970","FUN_0011b970",direct
"0011bf08","FUN_0011bf08","0011bf78","0011bf08","FUN_0011bf08",tail
"0011bf08","FUN_0011bf08","0011bfa8","00118970","CreateSema",direct
"0011bf08","FUN_0011bf08","0011bff4","0011b1c8","FUN_0011b1c8",direct
"0011bf08","FUN_0011bf08","0011bffc","0011bf08","FUN_0011bf08",tail
"0011bf08","FUN_0011bf08","0011c004","00118980","DeleteSema",direct
"0011bf08","FUN_0011bf08","0011c00c","0011b970","FUN_0011b970",direct
"0011bf08","FUN_0011bf08","0011c014","0011bf08","FUN_0011bf08",tail
"0011bf08","FUN_0011bf08","0011c024","0011b970","FUN_0011b970",direct
"0011bf08","FUN_0011bf08","0011c02c","0011bf08","FUN_0011bf08",tail
"0011bf08","FUN_0011bf08","0011c034","00118980","DeleteSema",direct
"0011bf08","FUN_0011bf08","0011c03c","0011bf08","FUN_0011bf08",tail
"0011bf08","FUN_0011bf08","0011c044","001189b0","WaitSema",direct
"0011bf08","FUN_0011bf08","0011c04c","00118980","DeleteSema",direct
"0011c088","FUN_0011c088","0011c0b8","0011b4f8","FUN_0011b4f8",direct
"0011c088","FUN_0011c088","0011c0c4","0011b940","FUN_0011b940",direct
"0011c088","FUN_0011c088","0011c0d4","0011c088","FUN_0011c088",tail
"0011c088","FUN_0011c088","0011c0dc","0011b970","FUN_0011b970",direct
"0011c088","FUN_0011c088","0011c0e4","0011c088","FUN_0011c088",tail
"0011c088","FUN_0011c088","0011c0ec","0011c088","FUN_0011c088",tail
"0011c088","FUN_0011c088","0011c0f8","0011c088","FUN_0011c088",tail
"0011c088","FUN_0011c088","0011c100","0011b970","FUN_0011b970",direct
"0011c088","FUN_0011c088","0011c108","0011c088","FUN_0011c088",tail
"0011c088","FUN_0011c088","0011c140","00118970","CreateSema",direct
"0011c088","FUN_0011c088","0011c160","0011c088","FUN_0011c088",tail
"0011c088","FUN_0011c088","0011c16c","001189b0","WaitSema",direct
"0011c088","FUN_0011c088","0011c184","0011c088","FUN_0011c088",tail
"0011c088","FUN_0011c088","0011c19c","0011c088","FUN_0011c088",tail
"0011c088","FUN_0011c088","0011c1b4","0011c088","FUN_0011c088",tail
"0011c088","FUN_0011c088","0011c1cc","0011c088","FUN_0011c088",tail
"0011c088","FUN_0011c088","0011c1e4","00118990","SignalSema",direct
"0011c088","FUN_0011c088","0011c1ec","0011c088","FUN_0011c088",tail
"0011c088","FUN_0011c088","0011c220","0011b1c8","FUN_0011b1c8",direct
"0011c088","FUN_0011c088","0011c228","0011c088","FUN_0011c088",tail
"0011c088","FUN_0011c088","0011c230","00118980","DeleteSema",direct
"0011c088","FUN_0011c088","0011c238","0011b970","FUN_0011b970",direct
"0011c088","FUN_0011c088","0011c240","0011c088","FUN_0011c088",tail
"0011c088","FUN_0011c088","0011c24c","0011b970","FUN_0011b970",direct
"0011c088","FUN_0011c088","0011c254","0011c088","FUN_0011c088",tail
"0011c088","FUN_0011c088","0011c25c","00118980","DeleteSema",direct
"0011c088","FUN_0011c088","0011c264","0011c088","FUN_0011c088",tail
"0011c088","FUN_0011c088","0011c26c","0011c088","FUN_0011c088",tail
"0011c088","FUN_0011c088","0011c274","00118980","DeleteSema",direct
"0011c088","FUN_0011c088","0011c27c","0011c088","FUN_0011c088",tail
"0011c088","FUN_0011c088","0011c284","001189b0","WaitSema",direct
"0011c088","FUN_0011c088","0011c28c","00118980","DeleteSema",direct
"0011c2c0","FUN_0011c2c0","0011c2f8","0011b4f8","FUN_0011b4f8",direct
"0011c2c0","FUN_0011c2c0","0011c304","0011b940","FUN_0011b940",direct
"0011c2c0","FUN_0011c2c0","0011c314","0011c2c0","FUN_0011c2c0",tail
"0011c2c0","FUN_0011c2c0","0011c31c","0011b970","FUN_0011b970",direct
"0011c2c0","FUN_0011c2c0","0011c324","0011c2c0","FUN_0011c2c0",tail
"0011c2c0","FUN_0011c2c0","0011c32c","0011c2c0","FUN_0011c2c0",tail
"0011c2c0","FUN_0011c2c0","0011c338","0011c2c0","FUN_0011c2c0",tail
"0011c2c0","FUN_0011c2c0","0011c340","0011b970","FUN_0011b970",direct
"0011c2c0","FUN_0011c2c0","0011c348","0011c2c0","FUN_0011c2c0",tail
"0011c2c0","FUN_0011c2c0","0011c380","00118970","CreateSema",direct
"0011c2c0","FUN_0011c2c0","0011c3a0","0011c2c0","FUN_0011c2c0",tail
"0011c2c0","FUN_0011c2c0","0011c3ac","001189b0","WaitSema",direct
"0011c2c0","FUN_0011c2c0","0011c3c4","0011c2c0","FUN_0011c2c0",tail
"0011c2c0","FUN_0011c2c0","0011c3d8","0011c2c0","FUN_0011c2c0",tail
"0011c2c0","FUN_0011c2c0","0011c3e8","0011c2c0","FUN_0011c2c0",tail
"0011c2c0","FUN_0011c2c0","0011c400","0011c2c0","FUN_0011c2c0",tail
"0011c2c0","FUN_0011c2c0","0011c418","00118990","SignalSema",direct
"0011c2c0","FUN_0011c2c0","0011c420","0011c2c0","FUN_0011c2c0",tail
"0011c2c0","FUN_0011c2c0","0011c434","0011c2c0","FUN_0011c2c0",tail
"0011c2c0","FUN_0011c2c0","0011c440","0011aa70","FUN_0011aa70",direct
"0011c2c0","FUN_0011c2c0","0011c44c","0011aa70","FUN_0011aa70",direct
"0011c2c0","FUN_0011c2c0","0011c47c","0011b1c8","FUN_0011b1c8",direct
"0011c2c0","FUN_0011c2c0","0011c484","0011c2c0","FUN_0011c2c0",tail
"0011c2c0","FUN_0011c2c0","0011c48c","00118980","DeleteSema",direct
"0011c2c0","FUN_0011c2c0","0011c494","0011b970","FUN_0011b970",direct
"0011c2c0","FUN_0011c2c0","0011c49c","0011c2c0","FUN_0011c2c0",tail
"0011c2c0","FUN_0011c2c0","0011c4a4","0011b970","FUN_0011b970",direct
"0011c2c0","FUN_0011c2c0","0011c4ac","0011c2c0","FUN_0011c2c0",tail
"0011c2c0","FUN_0011c2c0","0011c4b4","00118980","DeleteSema",direct
"0011c2c0","FUN_0011c2c0","0011c4bc","0011c2c0","FUN_0011c2c0",tail
"0011c2c0","FUN_0011c2c0","0011c4c4","0011c2c0","FUN_0011c2c0",tail
"0011c2c0","FUN_0011c2c0","0011c4cc","00118980","DeleteSema",direct
"0011c2c0","FUN_0011c2c0","0011c4d4","0011c2c0","FUN_0011c2c0",tail
"0011c2c0","FUN_0011c2c0","0011c4dc","001189b0","WaitSema",direct
"0011c2c0","FUN_0011c2c0","0011c4e4","00118980","DeleteSema",direct
"0011c520","FUN_0011c520","0011c558","0011b4f8","FUN_0011b4f8",direct
"0011c520","FUN_0011c520","0011c564","0011b940","FUN_0011b940",direct
"0011c520","FUN_0011c520","0011c574","0011c520","FUN_0011c520",tail
"0011c520","FUN_0011c520","0011c57c","0011b970","FUN_0011b970",direct
"0011c520","FUN_0011c520","0011c584","0011c520","FUN_0011c520",tail
"0011c520","FUN_0011c520","0011c58c","0011c520","FUN_0011c520",tail
"0011c520","FUN_0011c520","0011c598","0011c520","FUN_0011c520",tail
"0011c520","FUN_0011c520","0011c5a0","0011b970","FUN_0011b970",direct
"0011c520","FUN_0011c520","0011c5a8","0011c520","FUN_0011c520",tail
"0011c520","FUN_0011c520","0011c5e0","00118970","CreateSema",direct
"0011c520","FUN_0011c520","0011c600","0011c520","FUN_0011c520",tail
"0011c520","FUN_0011c520","0011c60c","001189b0","WaitSema",direct
"0011c520","FUN_0011c520","0011c624","0011c520","FUN_0011c520",tail
"0011c520","FUN_0011c520","0011c63c","0011c520","FUN_0011c520",tail
"0011c520","FUN_0011c520","0011c654","0011c520","FUN_0011c520",tail
"0011c520","FUN_0011c520","0011c66c","0011c520","FUN_0011c520",tail
"0011c520","FUN_0011c520","0011c684","00118990","SignalSema",direct
"0011c520","FUN_0011c520","0011c68c","0011c520","FUN_0011c520",tail
"0011c520","FUN_0011c520","0011c69c","0011c520","FUN_0011c520",tail
"0011c520","FUN_0011c520","0011c6a4","0011c520","FUN_0011c520",tail
"0011c520","FUN_0011c520","0011c6c4","0011c520","FUN_0011c520",tail
"0011c520","FUN_0011c520","0011c6d0","0011aa70","FUN_0011aa70",direct
"0011c520","FUN_0011c520","0011c6e0","0011c520","FUN_0011c520",tail
"0011c520","FUN_0011c520","0011c708","0011c520","FUN_0011c520",tail
"0011c520","FUN_0011c520","0011c738","0011b1c8","FUN_0011b1c8",direct
"0011c520","FUN_0011c520","0011c740","0011c520","FUN_0011c520",tail
"0011c520","FUN_0011c520","0011c748","00118980","DeleteSema",direct
"0011c520","FUN_0011c520","0011c750","0011b970","FUN_0011b970",direct
"0011c520","FUN_0011c520","0011c758","0011c520","FUN_0011c520",tail
"0011c520","FUN_0011c520","0011c764","0011b970","FUN_0011b970",direct
"0011c520","FUN_0011c520","0011c76c","0011c520","FUN_0011c520",tail
"0011c520","FUN_0011c520","0011c774","00118980","DeleteSema",direct
"0011c520","FUN_0011c520","0011c77c","0011c520","FUN_0011c520",tail
"0011c520","FUN_0011c520","0011c784","0011c520","FUN_0011c520",tail
"0011c520","FUN_0011c520","0011c78c","00118980","DeleteSema",direct
"0011c520","FUN_0011c520","0011c794","0011c520","FUN_0011c520",tail
"0011c520","FUN_0011c520","0011c79c","001189b0","WaitSema",direct
"0011c520","FUN_0011c520","0011c7a4","00118980","DeleteSema",direct
"0011c840","FUN_0011c840","0011c850","0011c840","FUN_0011c840",tail
"0011c840","FUN_0011c840","0011c874","0011c840","FUN_0011c840",tail
"0011c840","FUN_0011c840","0011c88c","0011aff8","FUN_0011aff8",direct
"0011c840","FUN_0011c840","0011c894","0011c840","FUN_0011c840",tail
"0011c840","FUN_0011c840","0011c89c","0011c840","FUN_0011c840",tail
"0011c840","FUN_0011c840","0011c8a4","0011c840","FUN_0011c840",tail
"0011c8c8","FUN_0011c8c8","0011c8dc","0011c8c8","FUN_0011c8c8",tail
"0011c8c8","FUN_0011c8c8","0011c914","0011b1c8","FUN_0011b1c8",direct
"0011c8c8","FUN_0011c8c8","0011c91c","0011c8c8","FUN_0011c8c8",tail
"0011c938","FUN_0011c938","0011c94c","0011c938","FUN_0011c938",tail
"0011c938","FUN_0011c938","0011c954","0011c938","FUN_0011c938",tail
"0011c938","FUN_0011c938","0011c98c","0011b1c8","FUN_0011b1c8",direct
"0011c938","FUN_0011c938","0011c994","0011c938","FUN_0011c938",tail
"0011c9b0","FUN_0011c9b0","0011c9b8","0011c938","FUN_0011c938",direct
"0011c9e0","FUN_0011c9e0","0011c9f8","0011c9e0","FUN_0011c9e0",tail
"0011c9e0","FUN_0011c9e0","0011ca14","0011aff8","FUN_0011aff8",direct
"0011c9e0","FUN_0011c9e0","0011ca1c","0011c9e0","FUN_0011c9e0",tail
"0011c9e0","FUN_0011c9e0","0011ca24","0011c9e0","FUN_0011c9e0",tail
"0011c9e0","FUN_0011c9e0","0011ca2c","0011c9e0","FUN_0011c9e0",tail
"0011c9e0","FUN_0011c9e0","0011ca58","0011b1c8","FUN_0011b1c8",direct
"0011c9e0","FUN_0011c9e0","0011ca60","0011c9e0","FUN_0011c9e0",tail
"0011c9e0","FUN_0011c9e0","0011ca6c","0011c9e0","FUN_0011c9e0",tail
"0011c9e0","FUN_0011c9e0","0011ca8c","0011c9e0","FUN_0011c9e0",tail
"0011c9e0","FUN_0011c9e0","0011cab4","0011c9e0","FUN_0011c9e0",tail
"0011c9e0","FUN_0011c9e0","0011cabc","0011c9e0","FUN_0011c9e0",tail
"0011cae0","FUN_0011cae0","0011cb14","001151b4","FUN_001151b4",direct
"0011cae0","FUN_0011cae0","0011cb1c","0011cae0","FUN_0011cae0",tail
"0011cae0","FUN_0011cae0","0011cb2c","001151b4","FUN_001151b4",direct
"0011cae0","FUN_0011cae0","0011cb34","0011cae0","FUN_0011cae0",tail
"0011cae0","FUN_0011cae0","0011cb40","001151b4","FUN_001151b4",direct
"0011cb70","FUN_0011cb70","0011cba0","0011c9e0","FUN_0011c9e0",direct
"0011cb70","FUN_0011cb70","0011cba8","0011cb70","FUN_0011cb70",tail
"0011cb70","FUN_0011cb70","0011cbb0","0011cae0","FUN_0011cae0",direct
"0011cb70","FUN_0011cb70","0011cbb8","0011cb70","FUN_0011cb70",tail
"0011cb70","FUN_0011cb70","0011cbc4","0011cb70","FUN_0011cb70",tail
"0011cb70","FUN_0011cb70","0011cbd4","0011cb70","FUN_0011cb70",tail
"0011cb70","FUN_0011cb70","0011cbe0","0011cb70","FUN_0011cb70",tail
"0011cb70","FUN_0011cb70","0011cbf4","0011cb70","FUN_0011cb70",tail
"0011cb70","FUN_0011cb70","0011cc50","0011cb70","FUN_0011cb70",tail
"0011cb70","FUN_0011cb70","0011cc58","0011cb70","FUN_0011cb70",tail
"0011cb70","FUN_0011cb70","0011cc94","0011cb70","FUN_0011cb70",tail
"0011cb70","FUN_0011cb70","0011cce4","0011cb70","FUN_0011cb70",tail
"0011cb70","FUN_0011cb70","0011ccf0","00115248","FUN_00115248",direct
"0011cb70","FUN_0011cb70","0011ccf8","0011cb70","FUN_0011cb70",tail
"0011cb70","FUN_0011cb70","0011cd2c","0011b1c8","FUN_0011b1c8",direct
"0011cb70","FUN_0011cb70","0011cd34","0011cb70","FUN_0011cb70",tail
"0011cb70","FUN_0011cb70","0011cd40","0011cb70","FUN_0011cb70",tail
"0011cd78","FUN_0011cd78","0011cd80","0011cb70","FUN_0011cb70",direct
"0011cdd0","FUN_0011cdd0","0011cde4","00118aa0","sceSifStopDma",direct
"0011cdd0","FUN_0011cdd0","0011cdf0","00118b70","sceSifGetReg",direct
"0011cdd0","FUN_0011cdd0","0011ce0c","0011cdd0","FUN_0011cdd0",tail
"0011cdd0","FUN_0011cdd0","0011ce38","0011cdd0","FUN_0011cdd0",tail
"0011cdd0","FUN_0011cdd0","0011ce94","0011aa70","FUN_0011aa70",direct
"0011cdd0","FUN_0011cdd0","0011cea0","00118b60","sceSifSetReg",direct
"0011cdd0","FUN_0011cdd0","0011ceac","00118b20","sceSifSetDma",direct
"0011cdd0","FUN_0011cdd0","0011ceb4","0011cdd0","FUN_0011cdd0",tail
"0011cdd0","FUN_0011cdd0","0011cebc","00118b60","sceSifSetReg",direct
"0011cdd0","FUN_0011cdd0","0011cec8","00118b60","sceSifSetReg",direct
"0011cdd0","FUN_0011cdd0","0011ced8","00118b60","sceSifSetReg",direct
"0011cdd0","FUN_0011cdd0","0011cee4","00118b60","sceSifSetReg",direct
"0011cdd0","FUN_0011cdd0","0011ceec","0011cdd0","FUN_0011cdd0",tail
"0011cf10","FUN_0011cf10","0011cf18","00118b70","sceSifGetReg",direct
"0011cf10","FUN_0011cf10","0011cf28","0011cf10","FUN_0011cf10",tail
"0011cf10","FUN_0011cf10","0011cf30","00118bc0","FUN_00118bc0",direct
"0011cf48","FUN_0011cf48","0011cf64","0011cf48","FUN_0011cf48",tail
"0011cf48","FUN_0011cf48","0011cf84","0011cf48","FUN_0011cf48",tail
"0011cf48","FUN_0011cf48","0011cf8c","0011cf48","FUN_0011cf48",tail
"0011cf48","FUN_0011cf48","0011cfa0","0011cf48","FUN_0011cf48",tail
"0011cf48","FUN_0011cf48","0011cfac","0011a3c8","FUN_0011a3c8",direct
"0011cf48","FUN_0011cf48","0011cfb4","0011cf48","FUN_0011cf48",tail
"0011cf48","FUN_0011cf48","0011cfbc","0011ab20","FUN_0011ab20",direct
"0011cf48","FUN_0011cf48","0011cfc4","0011acc0","FUN_0011acc0",direct
"0011cf48","FUN_0011cf48","0011cfd4","0011cf48","FUN_0011cf48",tail
"0011cf48","FUN_0011cf48","0011cff4","0011cf48","FUN_0011cf48",tail
"0011cf48","FUN_0011cf48","0011cffc","0011cf48","FUN_0011cf48",tail
"0011cf48","FUN_0011cf48","0011d00c","0011cf48","FUN_0011cf48",tail
"0011cf48","FUN_0011cf48","0011d02c","0011cf48","FUN_0011cf48",tail
"0011cf48","FUN_0011cf48","0011d03c","0011cdd0","FUN_0011cdd0",direct
"0011d0c8","FUN_0011d0c8","0011d0f0","0011d0b8","RFU116_SetSyscall",direct
"0011d0c8","FUN_0011d0c8","0011d108","0011d060","FUN_0011d060",direct
"0011d0c8","FUN_0011d0c8","0011d110","00118a80","FlushCache",direct
"0011d0c8","FUN_0011d0c8","0011d118","00118a80","FlushCache",direct
"0011d0c8","FUN_0011d0c8","0011d124","0011d0b8","RFU116_SetSyscall",direct
"0011d0c8","FUN_0011d0c8","0011d130","0011d0b8","RFU116_SetSyscall",direct
"0011d0c8","FUN_0011d0c8","0011d140","0011d0a8","RFU091",direct
"0011d0c8","FUN_0011d0c8","0011d150","0011d0b8","RFU116_SetSyscall",direct
"0011d0c8","FUN_0011d0c8","0011d15c","0011d0c8","FUN_0011d0c8",tail
"0011d0c8","FUN_0011d0c8","0011d164","0011d0a8","RFU091",direct
"0011d1a0","FUN_0011d1a0","0011d1a8","00118ba0","GetMemorySize",direct
"0011d1a0","FUN_0011d1a0","0011d1b4","0011d1a0","FUN_0011d1a0",tail
"0011d1a0","FUN_0011d1a0","0011d1bc","0011d1e0","FUN_0011d1e0",direct
"0011d1a0","FUN_0011d1a0","0011d1c4","0011d1a0","FUN_0011d1a0",tail
"0011d1a0","FUN_0011d1a0","0011d1cc","00118bb0","_InitTLB",direct
"0011d1e0","FUN_0011d1e0","0011d228","0011a390","FUN_0011a390",direct
"0011d1e0","FUN_0011d1e0","0011d240","0011d1e0","FUN_0011d1e0",tail
"0011d1e0","FUN_0011d1e0","0011d24c","0011a390","FUN_0011a390",direct
"0011d1e0","FUN_0011d1e0","0011d254","0011daa0","FUN_0011daa0",direct
"0011d1e0","FUN_0011d1e0","0011d260","0011d1e0","FUN_0011d1e0",tail
"0011d1e0","FUN_0011d1e0","0011d280","0011d190","RFU086_WaitEvnetFlag",direct
"0011d1e0","FUN_0011d1e0","0011d290","0011d1e0","FUN_0011d1e0",tail
"0011d1e0","FUN_0011d1e0","0011d2a8","0011d1e0","FUN_0011d1e0",tail
"0011d1e0","FUN_0011d1e0","0011d2b4","0011a390","FUN_0011a390",direct
"0011d1e0","FUN_0011d1e0","0011d2bc","0011daa0","FUN_0011daa0",direct
"0011d1e0","FUN_0011d1e0","0011d2c8","0011d1e0","FUN_0011d1e0",tail
"0011d1e0","FUN_0011d1e0","0011d2e8","0011d190","RFU086_WaitEvnetFlag",direct
"0011d1e0","FUN_0011d1e0","0011d2f8","0011d1e0","FUN_0011d1e0",tail
"0011d1e0","FUN_0011d1e0","0011d314","0011d1e0","FUN_0011d1e0",tail
"0011d1e0","FUN_0011d1e0","0011d324","0011d1e0","FUN_0011d1e0",tail
"0011d1e0","FUN_0011d1e0","0011d330","0011a390","FUN_0011a390",direct
"0011d1e0","FUN_0011d1e0","0011d338","0011daa0","FUN_0011daa0",direct
"0011d1e0","FUN_0011d1e0","0011d344","0011d1e0","FUN_0011d1e0",tail
"0011d1e0","FUN_0011d1e0","0011d360","0011d190","RFU086_WaitEvnetFlag",direct
"0011d1e0","FUN_0011d1e0","0011d370","0011d1e0","FUN_0011d1e0",tail
"0011d1e0","FUN_0011d1e0","0011d380","0011d1e0","FUN_0011d1e0",tail
"0011d1e0","FUN_0011d1e0","0011d3a4","0011d190","RFU086_WaitEvnetFlag",direct
"0011d1e0","FUN_0011d1e0","0011d3b0","0011d1e0","FUN_0011d1e0",tail
"0011d660","FUN_0011d660","0011d66c","0011d660","FUN_0011d660",tail
"0011d660","FUN_0011d660","0011d68c","0011d660","FUN_0011d660",tail
"0011d6c0","FUN_0011d6c0","0011d6dc","00118970","CreateSema",direct
"0011d6c0","FUN_0011d6c0","0011d6ec","00118970","CreateSema",direct
"0011d798","FUN_0011d798","0011d7d0","0011d898","RFU116_SetSyscall",direct
"0011d798","FUN_0011d798","0011d7dc","0011d898","RFU116_SetSyscall",direct
"0011d798","FUN_0011d798","0011d7ec","0011d780","FUN_0011d780",direct
"0011d798","FUN_0011d798","0011d800","0011d780","FUN_0011d780",direct
"0011d798","FUN_0011d798","0011d814","0011d798","FUN_0011d798",tail
"0011d798","FUN_0011d798","0011d820","0011d798","FUN_0011d798",tail
"0011d798","FUN_0011d798","0011d82c","0011d780","FUN_0011d780",direct
"0011d798","FUN_0011d798","0011d838","0011d798","FUN_0011d798",tail
"0011d798","FUN_0011d798","0011d848","0011d780","FUN_0011d780",direct
"0011d798","FUN_0011d798","0011d858","0011d798","FUN_0011d798",tail
"0011d798","FUN_0011d798","0011d860","0011d798","FUN_0011d798",tail
"0011d8a8","FUN_0011d8a8","0011d8b0","0011d6c0","FUN_0011d6c0",direct
"0011d8a8","FUN_0011d8a8","0011d8b8","0011d798","FUN_0011d798",direct
"0011d8a8","FUN_0011d8a8","0011d8c0","0011db38","FUN_0011db38",direct
"0011d8a8","FUN_0011d8a8","0011d8c8","001192a0","FUN_001192a0",direct
"0011d8a8","FUN_0011d8a8","0011d8d0","0011d9b8","FUN_0011d9b8",direct
"0011d8a8","FUN_0011d8a8","0011d8dc","0011d0c8","FUN_0011d0c8",direct
"0011d950","FUN_0011d950","0011d95c","001189f0","GetOsdConfigParam",direct
"0011d950","FUN_0011d950","0011d980","001189e0","SetOsdConfigParam",direct
"0011d950","FUN_0011d950","0011d988","001189f0","GetOsdConfigParam",direct
"0011d950","FUN_0011d950","0011d990","001189e0","SetOsdConfigParam",direct
"0011d9b8","FUN_0011d9b8","0011d9c8","0011d950","FUN_0011d950",direct
"0011d9b8","FUN_0011d9b8","0011d9d0","0011d9b8","FUN_0011d9b8",tail
"0011d9b8","FUN_0011d9b8","0011d9e8","0011d8e8","RFU116_SetSyscall",direct
"0011d9b8","FUN_0011d9b8","0011da00","0011d8f8","FUN_0011d8f8",direct
"0011d9b8","FUN_0011d9b8","0011da08","00118a80","FlushCache",direct
"0011d9b8","FUN_0011d9b8","0011da10","00118a80","FlushCache",direct
"0011d9b8","FUN_0011d9b8","0011da1c","0011d8e8","RFU116_SetSyscall",direct
"0011d9b8","FUN_0011d9b8","0011da28","0011d940","RFU091",direct
"0011d9b8","FUN_0011d9b8","0011da38","0011d8e8","RFU116_SetSyscall",direct
"0011d9b8","FUN_0011d9b8","0011da44","0011d9b8","FUN_0011d9b8",tail
"0011da98","thunk_FUN_0011d1a0","0011da98","0011d1a0","FUN_0011d1a0",tail
"0011daa0","FUN_0011daa0","0011daac","0011da98","thunk_FUN_0011d1a0",direct
"0011daa0","FUN_0011daa0","0011dac0","00118760","_Exit",direct
"0011db38","FUN_0011db38","0011db5c","0011db38","FUN_0011db38",tail
"0011db38","FUN_0011db38","0011db78","0011dad0","RFU116_SetSyscall",direct
"0011db38","FUN_0011db38","0011db90","0011dae0","FUN_0011dae0",direct
"0011db38","FUN_0011db38","0011dba8","0011dae0","FUN_0011dae0",direct
"0011db38","FUN_0011db38","0011dbb0","00118a80","FlushCache",direct
"0011db38","FUN_0011db38","0011dbb8","00118a80","FlushCache",direct
"0011db38","FUN_0011db38","0011dbc4","0011dad0","RFU116_SetSyscall",direct
"0011db38","FUN_0011db38","0011dbd0","0011db28","RFU091",direct
"0011db38","FUN_0011db38","0011dbe0","0011dad0","RFU116_SetSyscall",direct
"0011db38","FUN_0011db38","0011dbec","0011db38","FUN_0011db38",tail
"0011dc18","FUN_0011dc18","0011dc34","0011dc18","FUN_0011dc18",tail
"0011dc18","FUN_0011dc18","0011dc40","0011dc18","FUN_0011dc18",tail
"0011dc18","FUN_0011dc18","0011dc74","0011dc18","FUN_0011dc18",tail
"0011dc18","FUN_0011dc18","0011dc84","0011dc18","FUN_0011dc18",tail
"0011dc18","FUN_0011dc18","0011dcac","0011dc18","FUN_0011dc18",tail
"0011dcc8","FUN_0011dcc8","0011dcd0","0011dcc8","FUN_0011dcc8",tail
"0011dcc8","FUN_0011dcc8","0011dcd8","0011dc18","FUN_0011dc18",direct
"0011dce8","FUN_0011dce8","0011dcfc","0011dce8","FUN_0011dce8",tail
"0011dce8","FUN_0011dce8","0011dd5c","0011dce8","FUN_0011dce8",tail
"0011dce8","FUN_0011dce8","0011ddd0","0011dce8","FUN_0011dce8",tail
"0011dce8","FUN_0011dce8","0011dddc","0011dce8","FUN_0011dce8",tail
"0011dce8","FUN_0011dce8","0011dde8","0011dce8","FUN_0011dce8",tail
"0011dce8","FUN_0011dce8","0011ddf8","0011dce8","FUN_0011dce8",tail
"0011dce8","FUN_0011dce8","0011de38","0011dce8","FUN_0011dce8",tail
"0011dce8","FUN_0011dce8","0011de64","0011dce8","FUN_0011dce8",tail
"0011dce8","FUN_0011dce8","0011de90","0011dce8","FUN_0011dce8",tail
"0011dce8","FUN_0011dce8","0011dea0","0011dce8","FUN_0011dce8",tail
"0011dce8","FUN_0011dce8","0011deac","0011dce8","FUN_0011dce8",tail
"0011dce8","FUN_0011dce8","0011dec4","0011dce8","FUN_0011dce8",tail
"0011dce8","FUN_0011dce8","0011def8","0011dce8","FUN_0011dce8",tail
"0011dce8","FUN_0011dce8","0011df04","0011dce8","FUN_0011dce8",tail
"0011dce8","FUN_0011dce8","0011df10","0011dce8","FUN_0011dce8",tail
"0011dce8","FUN_0011dce8","0011df24","0011dce8","FUN_0011dce8",tail
"0011dce8","FUN_0011dce8","0011df2c","0011dce8","FUN_0011dce8",tail
"0011dce8","FUN_0011dce8","0011df38","0011dce8","FUN_0011dce8",tail
"0011dce8","FUN_0011dce8","0011df58","0011dce8","FUN_0011dce8",tail
"0011dce8","FUN_0011dce8","0011df68","0011dce8","FUN_0011dce8",tail
"0011dce8","FUN_0011dce8","0011dfa8","0011dce8","FUN_0011dce8",tail
"0011dce8","FUN_0011dce8","0011dfbc","0011dce8","FUN_0011dce8",tail
"0011dce8","FUN_0011dce8","0011dff0","0011dce8","FUN_0011dce8",tail
"0011dce8","FUN_0011dce8","0011e020","0011dce8","FUN_0011dce8",tail
"0011dce8","FUN_0011dce8","0011e030","0011dce8","FUN_0011dce8",tail
"0011dce8","FUN_0011dce8","0011e03c","0011dce8","FUN_0011dce8",tail
"0011dce8","FUN_0011dce8","0011e054","0011dce8","FUN_0011dce8",tail
"0011dce8","FUN_0011dce8","0011e088","0011dce8","FUN_0011dce8",tail
"0011dce8","FUN_0011dce8","0011e098","0011dce8","FUN_0011dce8",tail
"0011dce8","FUN_0011dce8","0011e0a4","0011dce8","FUN_0011dce8",tail
"0011dce8","FUN_0011dce8","0011e0d8","0011dce8","FUN_0011dce8",tail
"0011dce8","FUN_0011dce8","0011e104","0011dce8","FUN_0011dce8",tail
"0011dce8","FUN_0011dce8","0011e114","0011dce8","FUN_0011dce8",tail
"0011dce8","FUN_0011dce8","0011e120","0011dce8","FUN_0011dce8",tail
"0011dce8","FUN_0011dce8","0011e134","0011dce8","FUN_0011dce8",tail
"0011dce8","FUN_0011dce8","0011e168","0011dce8","FUN_0011dce8",tail
"0011dce8","FUN_0011dce8","0011e174","0011dce8","FUN_0011dce8",tail
"0011dce8","FUN_0011dce8","0011e180","0011dce8","FUN_0011dce8",tail
"0011dce8","FUN_0011dce8","0011e194","0011dce8","FUN_0011dce8",tail
"0011dce8","FUN_0011dce8","0011e19c","0011dce8","FUN_0011dce8",tail
"0011dce8","FUN_0011dce8","0011e1a4","0011dce8","FUN_0011dce8",tail
"0011dce8","FUN_0011dce8","0011e1b0","0011dce8","FUN_0011dce8",tail
"0011dce8","FUN_0011dce8","0011e1c0","0011dce8","FUN_0011dce8",tail
"0011dce8","FUN_0011dce8","0011e200","0011dce8","FUN_0011dce8",tail
"0011dce8","FUN_0011dce8","0011e20c","0011dce8","FUN_0011dce8",tail
"0011dce8","FUN_0011dce8","0011e218","0011dce8","FUN_0011dce8",tail
"0011dce8","FUN_0011dce8","0011e220","0011dce8","FUN_0011dce8",tail
"0011dce8","FUN_0011dce8","0011e25c","0011dce8","FUN_0011dce8",tail
"0011dce8","FUN_0011dce8","0011e288","0011dce8","FUN_0011dce8",tail
"0011dce8","FUN_0011dce8","0011e298","0011dce8","FUN_0011dce8",tail
"0011dce8","FUN_0011dce8","0011e2a4","0011dce8","FUN_0011dce8",tail
"0011dce8","FUN_0011dce8","0011e2bc","0011dce8","FUN_0011dce8",tail
"0011dce8","FUN_0011dce8","0011e2f0","0011dce8","FUN_0011dce8",tail
"0011dce8","FUN_0011dce8","0011e300","0011dce8","FUN_0011dce8",tail
"0011dce8","FUN_0011dce8","0011e30c","0011dce8","FUN_0011dce8",tail
"0011dce8","FUN_0011dce8","0011e340","0011dce8","FUN_0011dce8",tail
"0011dce8","FUN_0011dce8","0011e348","0011dce8","FUN_0011dce8",tail
"0011dce8","FUN_0011dce8","0011e354","0011dce8","FUN_0011dce8",tail
"0011dce8","FUN_0011dce8","0011e37c","0011dce8","FUN_0011dce8",tail
"0011e3d8","FUN_0011e3d8","0011e3f0","00120130","FUN_00120130",direct
"0011e3d8","FUN_0011e3d8","0011e3f8","0011e3d8","FUN_0011e3d8",tail
"0011e3d8","FUN_0011e3d8","0011e408","0011fc08","FUN_0011fc08",direct
"0011e3d8","FUN_0011e3d8","0011e410","001202d0","FUN_001202d0",direct
"0011e3d8","FUN_0011e3d8","0011e41c","0011e3d8","FUN_0011e3d8",tail
"0011e3d8","FUN_0011e3d8","0011e424","0011e4c8","FUN_0011e4c8",direct
"0011e3d8","FUN_0011e3d8","0011e42c","0011e3d8","FUN_0011e3d8",tail
"0011e3d8","FUN_0011e3d8","0011e438","0011e4c8","FUN_0011e4c8",direct
"0011e3d8","FUN_0011e3d8","0011e444","0011fb48","FUN_0011fb48",direct
"0011e3d8","FUN_0011e3d8","0011e450","0011fba0","FUN_0011fba0",direct
"0011e3d8","FUN_0011e3d8","0011e464","00120130","FUN_00120130",direct
"0011e3d8","FUN_0011e3d8","0011e46c","0011e3d8","FUN_0011e3d8",tail
"0011e3d8","FUN_0011e3d8","0011e474","0011fba0","FUN_0011fba0",direct
"0011e3d8","FUN_0011e3d8","0011e47c","001202d0","FUN_001202d0",direct
"0011e3d8","FUN_0011e3d8","0011e48c","0011e3d8","FUN_0011e3d8",tail
"0011e3d8","FUN_0011e3d8","0011e494","001202d0","FUN_001202d0",direct
"0011e4c8","FUN_0011e4c8","0011e4e8","00120180","FUN_00120180",direct
"0011e4c8","FUN_0011e4c8","0011e4f4","0011fc08","FUN_0011fc08",direct
"0011e4c8","FUN_0011e4c8","0011e500","0011fc08","FUN_0011fc08",direct
"0011e4c8","FUN_0011e4c8","0011e520","00120180","FUN_00120180",direct
"0011e4c8","FUN_0011e4c8","0011e528","0011e4c8","FUN_0011e4c8",tail
"0011e4c8","FUN_0011e4c8","0011e538","0011fb48","FUN_0011fb48",direct
"0011e4c8","FUN_0011e4c8","0011e544","0011fb48","FUN_0011fb48",direct
"0011e560","FUN_0011e560","0011e578","0011e560","FUN_0011e560",tail
"0011e560","FUN_0011e560","0011e5d8","0011e560","FUN_0011e560",tail
"0011e560","FUN_0011e560","0011e644","0011e560","FUN_0011e560",tail
"0011e560","FUN_0011e560","0011e650","0011e560","FUN_0011e560",tail
"0011e560","FUN_0011e560","0011e65c","0011e560","FUN_0011e560",tail
"0011e560","FUN_0011e560","0011e66c","0011e560","FUN_0011e560",tail
"0011e560","FUN_0011e560","0011e6b0","0011e560","FUN_0011e560",tail
"0011e560","FUN_0011e560","0011e6d4","0011e560","FUN_0011e560",tail
"0011e560","FUN_0011e560","0011e6e0","0011e560","FUN_0011e560",tail
"0011e560","FUN_0011e560","0011e6ec","0011e560","FUN_0011e560",tail
"0011e560","FUN_0011e560","0011e708","0011e560","FUN_0011e560",tail
"0011e560","FUN_0011e560","0011e718","0011e560","FUN_0011e560",tail
"0011e560","FUN_0011e560","0011e758","0011e560","FUN_0011e560",tail
"0011e560","FUN_0011e560","0011e768","0011e560","FUN_0011e560",tail
"0011e560","FUN_0011e560","0011e79c","0011e560","FUN_0011e560",tail
"0011e560","FUN_0011e560","0011e7c8","0011e560","FUN_0011e560",tail
"0011e560","FUN_0011e560","0011e7d8","0011e560","FUN_0011e560",tail
"0011e560","FUN_0011e560","0011e7e4","0011e560","FUN_0011e560",tail
"0011e560","FUN_0011e560","0011e7fc","0011e560","FUN_0011e560",tail
"0011e560","FUN_0011e560","0011e824","0011e560","FUN_0011e560",tail
"0011e560","FUN_0011e560","0011e834","0011e560","FUN_0011e560",tail
"0011e560","FUN_0011e560","0011e840","0011e560","FUN_0011e560",tail
"0011e560","FUN_0011e560","0011e85c","0011e560","FUN_0011e560",tail
"0011e560","FUN_0011e560","0011e884","0011e560","FUN_0011e560",tail
"0011e560","FUN_0011e560","0011e894","0011e560","FUN_0011e560",tail
"0011e560","FUN_0011e560","0011e8a0","0011e560","FUN_0011e560",tail
"0011e560","FUN_0011e560","0011e8b4","0011e560","FUN_0011e560",tail
"0011e560","FUN_0011e560","0011e8dc","0011e560","FUN_0011e560",tail
"0011e560","FUN_0011e560","0011e8ec","0011e560","FUN_0011e560",tail
"0011e560","FUN_0011e560","0011e8f4","0011e560","FUN_0011e560",tail
"0011e560","FUN_0011e560","0011e8fc","0011e560","FUN_0011e560",tail
"0011e560","FUN_0011e560","0011e90c","0011e560","FUN_0011e560",tail
"0011e560","FUN_0011e560","0011e918","0011e560","FUN_0011e560",tail
"0011e560","FUN_0011e560","0011e92c","0011e560","FUN_0011e560",tail
"0011e560","FUN_0011e560","0011e93c","0011e560","FUN_0011e560",tail
"0011e560","FUN_0011e560","0011e94c","0011e560","FUN_0011e560",tail
"0011e560","FUN_0011e560","0011e990","0011e560","FUN_0011e560",tail
"0011e560","FUN_0011e560","0011e99c","0011e560","FUN_0011e560",tail
"0011e560","FUN_0011e560","0011e9a8","0011e560","FUN_0011e560",tail
"0011e560","FUN_0011e560","0011e9c0","0011e560","FUN_0011e560",tail
"0011e560","FUN_0011e560","0011e9d0","0011e560","FUN_0011e560",tail
"0011e560","FUN_0011e560","0011ea0c","0011e560","FUN_0011e560",tail
"0011e560","FUN_0011e560","0011ea38","0011e560","FUN_0011e560",tail
"0011e560","FUN_0011e560","0011ea48","0011e560","FUN_0011e560",tail
"0011e560","FUN_0011e560","0011ea54","0011e560","FUN_0011e560",tail
"0011e560","FUN_0011e560","0011ea6c","0011e560","FUN_0011e560",tail
"0011e560","FUN_0011e560","0011eaa0","0011e560","FUN_0011e560",tail
"0011e560","FUN_0011e560","0011eab0","0011e560","FUN_0011e560",tail
"0011e560","FUN_0011e560","0011eabc","0011e560","FUN_0011e560",tail
"0011e560","FUN_0011e560","0011eaf4","0011e560","FUN_0011e560",tail
"0011e560","FUN_0011e560","0011eafc","0011e560","FUN_0011e560",tail
"0011e560","FUN_0011e560","0011eb04","0011e560","FUN_0011e560",tail
"0011e560","FUN_0011e560","0011eb20","0011e560","FUN_0011e560",tail
"0011e560","FUN_0011e560","0011eb5c","0011e560","FUN_0011e560",tail
"0011ec28","FUN_0011ec28","0011ec40","0011ec28","FUN_0011ec28",tail
"0011ec28","FUN_0011ec28","0011ec4c","0011ec28","FUN_0011ec28",tail
"0011ec28","FUN_0011ec28","0011ec58","0011ec28","FUN_0011ec28",tail
"0011ec28","FUN_0011ec28","0011ec68","0011ec28","FUN_0011ec28",tail
"0011ec28","FUN_0011ec28","0011eca8","0011ec28","FUN_0011ec28",tail
"0011ec28","FUN_0011ec28","0011ecd4","0011ec28","FUN_0011ec28",tail
"0011ec28","FUN_0011ec28","0011ed00","0011ec28","FUN_0011ec28",tail
"0011ec28","FUN_0011ec28","0011ed10","0011ec28","FUN_0011ec28",tail
"0011ec28","FUN_0011ec28","0011ed1c","0011ec28","FUN_0011ec28",tail
"0011ec28","FUN_0011ec28","0011ed34","0011ec28","FUN_0011ec28",tail
"0011ec28","FUN_0011ec28","0011ed68","0011ec28","FUN_0011ec28",tail
"0011ec28","FUN_0011ec28","0011ed74","0011ec28","FUN_0011ec28",tail
"0011ec28","FUN_0011ec28","0011ed80","0011ec28","FUN_0011ec28",tail
"0011ec28","FUN_0011ec28","0011ed94","0011ec28","FUN_0011ec28",tail
"0011ec28","FUN_0011ec28","0011ed9c","0011ec28","FUN_0011ec28",tail
"0011ec28","FUN_0011ec28","0011eda8","0011ec28","FUN_0011ec28",tail
"0011ec28","FUN_0011ec28","0011edc8","0011ec28","FUN_0011ec28",tail
"0011ec28","FUN_0011ec28","0011edd8","0011ec28","FUN_0011ec28",tail
"0011ec28","FUN_0011ec28","0011ee18","0011ec28","FUN_0011ec28",tail
"0011ec28","FUN_0011ec28","0011ee2c","0011ec28","FUN_0011ec28",tail
"0011ec28","FUN_0011ec28","0011ee60","0011ec28","FUN_0011ec28",tail
"0011ec28","FUN_0011ec28","0011ee90","0011ec28","FUN_0011ec28",tail
"0011ec28","FUN_0011ec28","0011eea0","0011ec28","FUN_0011ec28",tail
"0011ec28","FUN_0011ec28","0011eeac","0011ec28","FUN_0011ec28",tail
"0011ec28","FUN_0011ec28","0011eec4","0011ec28","FUN_0011ec28",tail
"0011ec28","FUN_0011ec28","0011eef8","0011ec28","FUN_0011ec28",tail
"0011ec28","FUN_0011ec28","0011ef08","0011ec28","FUN_0011ec28",tail
"0011ec28","FUN_0011ec28","0011ef14","0011ec28","FUN_0011ec28",tail
"0011ec28","FUN_0011ec28","0011ef48","0011ec28","FUN_0011ec28",tail
"0011ec28","FUN_0011ec28","0011ef74","0011ec28","FUN_0011ec28",tail
"0011ec28","FUN_0011ec28","0011ef84","0011ec28","FUN_0011ec28",tail
"0011ec28","FUN_0011ec28","0011ef90","0011ec28","FUN_0011ec28",tail
"0011ec28","FUN_0011ec28","0011efa4","0011ec28","FUN_0011ec28",tail
"0011ec28","FUN_0011ec28","0011efd8","0011ec28","FUN_0011ec28",tail
"0011ec28","FUN_0011ec28","0011efe4","0011ec28","FUN_0011ec28",tail
"0011ec28","FUN_0011ec28","0011eff0","0011ec28","FUN_0011ec28",tail
"0011ec28","FUN_0011ec28","0011f004","0011ec28","FUN_0011ec28",tail
"0011ec28","FUN_0011ec28","0011f010","0011ec28","FUN_0011ec28",tail
"0011ec28","FUN_0011ec28","0011f018","0011ec28","FUN_0011ec28",tail
"0011ec28","FUN_0011ec28","0011f024","0011ec28","FUN_0011ec28",tail
"0011ec28","FUN_0011ec28","0011f034","0011ec28","FUN_0011ec28",tail
"0011ec28","FUN_0011ec28","0011f078","0011ec28","FUN_0011ec28",tail
"0011ec28","FUN_0011ec28","0011f084","0011ec28","FUN_0011ec28",tail
"0011ec28","FUN_0011ec28","0011f090","0011ec28","FUN_0011ec28",tail
"0011ec28","FUN_0011ec28","0011f098","0011ec28","FUN_0011ec28",tail
"0011ec28","FUN_0011ec28","0011f0d4","0011ec28","FUN_0011ec28",tail
"0011ec28","FUN_0011ec28","0011f100","0011ec28","FUN_0011ec28",tail
"0011ec28","FUN_0011ec28","0011f110","0011ec28","FUN_0011ec28",tail
"0011ec28","FUN_0011ec28","0011f11c","0011ec28","FUN_0011ec28",tail
"0011ec28","FUN_0011ec28","0011f134","0011ec28","FUN_0011ec28",tail
"0011ec28","FUN_0011ec28","0011f168","0011ec28","FUN_0011ec28",tail
"0011ec28","FUN_0011ec28","0011f178","0011ec28","FUN_0011ec28",tail
"0011ec28","FUN_0011ec28","0011f184","0011ec28","FUN_0011ec28",tail
"0011ec28","FUN_0011ec28","0011f1b8","0011ec28","FUN_0011ec28",tail
"0011ec28","FUN_0011ec28","0011f1c0","0011ec28","FUN_0011ec28",tail
"0011ec28","FUN_0011ec28","0011f1cc","0011ec28","FUN_0011ec28",tail
"0011f1f8","FUN_0011f1f8","0011f214","0011f1f8","FUN_0011f1f8",tail
"0011f1f8","FUN_0011f1f8","0011f220","0011f1f8","FUN_0011f1f8",tail
"0011f1f8","FUN_0011f1f8","0011f22c","0011f1f8","FUN_0011f1f8",tail
"0011f1f8","FUN_0011f1f8","0011f23c","0011f1f8","FUN_0011f1f8",tail
"0011f1f8","FUN_0011f1f8","0011f280","0011f1f8","FUN_0011f1f8",tail
"0011f1f8","FUN_0011f1f8","0011f2a4","0011f1f8","FUN_0011f1f8",tail
"0011f1f8","FUN_0011f1f8","0011f2b0","0011f1f8","FUN_0011f1f8",tail
"0011f1f8","FUN_0011f1f8","0011f2bc","0011f1f8","FUN_0011f1f8",tail
"0011f1f8","FUN_0011f1f8","0011f2d8","0011f1f8","FUN_0011f1f8",tail
"0011f1f8","FUN_0011f1f8","0011f2e8","0011f1f8","FUN_0011f1f8",tail
"0011f1f8","FUN_0011f1f8","0011f328","0011f1f8","FUN_0011f1f8",tail
"0011f1f8","FUN_0011f1f8","0011f338","0011f1f8","FUN_0011f1f8",tail
"0011f1f8","FUN_0011f1f8","0011f36c","0011f1f8","FUN_0011f1f8",tail
"0011f1f8","FUN_0011f1f8","0011f398","0011f1f8","FUN_0011f1f8",tail
"0011f1f8","FUN_0011f1f8","0011f3a8","0011f1f8","FUN_0011f1f8",tail
"0011f1f8","FUN_0011f1f8","0011f3b4","0011f1f8","FUN_0011f1f8",tail
"0011f1f8","FUN_0011f1f8","0011f3cc","0011f1f8","FUN_0011f1f8",tail
"0011f1f8","FUN_0011f1f8","0011f3f4","0011f1f8","FUN_0011f1f8",tail
"0011f1f8","FUN_0011f1f8","0011f404","0011f1f8","FUN_0011f1f8",tail
"0011f1f8","FUN_0011f1f8","0011f410","0011f1f8","FUN_0011f1f8",tail
"0011f1f8","FUN_0011f1f8","0011f42c","0011f1f8","FUN_0011f1f8",tail
"0011f1f8","FUN_0011f1f8","0011f454","0011f1f8","FUN_0011f1f8",tail
"0011f1f8","FUN_0011f1f8","0011f464","0011f1f8","FUN_0011f1f8",tail
"0011f1f8","FUN_0011f1f8","0011f470","0011f1f8","FUN_0011f1f8",tail
"0011f1f8","FUN_0011f1f8","0011f484","0011f1f8","FUN_0011f1f8",tail
"0011f1f8","FUN_0011f1f8","0011f4ac","0011f1f8","FUN_0011f1f8",tail
"0011f1f8","FUN_0011f1f8","0011f4bc","0011f1f8","FUN_0011f1f8",tail
"0011f1f8","FUN_0011f1f8","0011f4c4","0011f1f8","FUN_0011f1f8",tail
"0011f1f8","FUN_0011f1f8","0011f4cc","0011f1f8","FUN_0011f1f8",tail
"0011f1f8","FUN_0011f1f8","0011f4dc","0011f1f8","FUN_0011f1f8",tail
"0011f1f8","FUN_0011f1f8","0011f4e8","0011f1f8","FUN_0011f1f8",tail
"0011f1f8","FUN_0011f1f8","0011f4fc","0011f1f8","FUN_0011f1f8",tail
"0011f1f8","FUN_0011f1f8","0011f50c","0011f1f8","FUN_0011f1f8",tail
"0011f1f8","FUN_0011f1f8","0011f51c","0011f1f8","FUN_0011f1f8",tail
"0011f1f8","FUN_0011f1f8","0011f560","0011f1f8","FUN_0011f1f8",tail
"0011f1f8","FUN_0011f1f8","0011f56c","0011f1f8","FUN_0011f1f8",tail
"0011f1f8","FUN_0011f1f8","0011f578","0011f1f8","FUN_0011f1f8",tail
"0011f1f8","FUN_0011f1f8","0011f590","0011f1f8","FUN_0011f1f8",tail
"0011f1f8","FUN_0011f1f8","0011f5a0","0011f1f8","FUN_0011f1f8",tail
"0011f1f8","FUN_0011f1f8","0011f5dc","0011f1f8","FUN_0011f1f8",tail
"0011f1f8","FUN_0011f1f8","0011f608","0011f1f8","FUN_0011f1f8",tail
"0011f1f8","FUN_0011f1f8","0011f618","0011f1f8","FUN_0011f1f8",tail
"0011f1f8","FUN_0011f1f8","0011f624","0011f1f8","FUN_0011f1f8",tail
"0011f1f8","FUN_0011f1f8","0011f63c","0011f1f8","FUN_0011f1f8",tail
"0011f1f8","FUN_0011f1f8","0011f670","0011f1f8","FUN_0011f1f8",tail
"0011f1f8","FUN_0011f1f8","0011f680","0011f1f8","FUN_0011f1f8",tail
"0011f1f8","FUN_0011f1f8","0011f68c","0011f1f8","FUN_0011f1f8",tail
"0011f1f8","FUN_0011f1f8","0011f6c4","0011f1f8","FUN_0011f1f8",tail
"0011f1f8","FUN_0011f1f8","0011f6cc","0011f1f8","FUN_0011f1f8",tail
"0011f1f8","FUN_0011f1f8","0011f6d4","0011f1f8","FUN_0011f1f8",tail
"0011f1f8","FUN_0011f1f8","0011f6f0","0011f1f8","FUN_0011f1f8",tail
"0011f738","FUN_0011f738","0011f748","0011f738","FUN_0011f738",tail
"0011f738","FUN_0011f738","0011f75c","0011f738","FUN_0011f738",tail
"0011f738","FUN_0011f738","0011f768","0011f738","FUN_0011f738",tail
"0011f738","FUN_0011f738","0011f774","0011f738","FUN_0011f738",tail
"0011f738","FUN_0011f738","0011f77c","0011f738","FUN_0011f738",tail
"0011f738","FUN_0011f738","0011f784","0011f738","FUN_0011f738",tail
"0011f738","FUN_0011f738","0011f794","0011f738","FUN_0011f738",tail
"0011f738","FUN_0011f738","0011f7a4","0011f738","FUN_0011f738",tail
"0011f738","FUN_0011f738","0011f7ac","0011f738","FUN_0011f738",tail
"0011f738","FUN_0011f738","0011f7b8","0011f738","FUN_0011f738",tail
"0011f738","FUN_0011f738","0011f7c4","0011f738","FUN_0011f738",tail
"0011f738","FUN_0011f738","0011f7d4","0011f738","FUN_0011f738",tail
"0011f738","FUN_0011f738","0011f7f4","0011f738","FUN_0011f738",tail
"0011f868","FUN_0011f868","0011f888","0011f868","FUN_0011f868",tail
"0011f868","FUN_0011f868","0011f8a0","0011f868","FUN_0011f868",tail
"0011f868","FUN_0011f868","0011f8a8","0011f868","FUN_0011f868",tail
"0011f868","FUN_0011f868","0011f8c4","0011f868","FUN_0011f868",tail
"0011f868","FUN_0011f868","0011f8cc","0011f868","FUN_0011f868",tail
"0011f908","FUN_0011f908","0011f914","0011f908","FUN_0011f908",tail
"0011f908","FUN_0011f908","0011f928","0011f908","FUN_0011f908",tail
"0011f908","FUN_0011f908","0011f938","0011f908","FUN_0011f908",tail
"0011f908","FUN_0011f908","0011f940","0011f908","FUN_0011f908",tail
"0011f908","FUN_0011f908","0011f950","0011f908","FUN_0011f908",tail
"0011f908","FUN_0011f908","0011f960","0011f908","FUN_0011f908",tail
"0011f908","FUN_0011f908","0011f968","0011f908","FUN_0011f908",tail
"0011f908","FUN_0011f908","0011f970","0011f908","FUN_0011f908",tail
"0011f908","FUN_0011f908","0011f9a4","0011f908","FUN_0011f908",tail
"0011f908","FUN_0011f908","0011f9cc","0011f908","FUN_0011f908",tail
"0011f908","FUN_0011f908","0011f9d8","0011f908","FUN_0011f908",tail
"0011f908","FUN_0011f908","0011f9fc","0011f908","FUN_0011f908",tail
"0011f908","FUN_0011f908","0011fa04","0011f908","FUN_0011f908",tail
"0011f908","FUN_0011f908","0011fa14","0011f908","FUN_0011f908",tail
"0011f908","FUN_0011f908","0011fa34","0011f908","FUN_0011f908",tail
"0011f908","FUN_0011f908","0011fa3c","0011f908","FUN_0011f908",tail
"0011f908","FUN_0011f908","0011fa48","0011f908","FUN_0011f908",tail
"0011f908","FUN_0011f908","0011fa54","0011f908","FUN_0011f908",tail
"0011f908","FUN_0011f908","0011fa68","0011f908","FUN_0011f908",tail
"0011f908","FUN_0011f908","0011fa70","0011f908","FUN_0011f908",tail
"0011f908","FUN_0011f908","0011fa7c","0011f908","FUN_0011f908",tail
"0011f908","FUN_0011f908","0011fa8c","0011f908","FUN_0011f908",tail
"0011f908","FUN_0011f908","0011fabc","0011f908","FUN_0011f908",tail
"0011f908","FUN_0011f908","0011faec","0011f908","FUN_0011f908",tail
"0011f908","FUN_0011f908","0011faf4","0011f908","FUN_0011f908",tail
"0011f908","FUN_0011f908","0011fb1c","0011f908","FUN_0011f908",tail
"0011fb48","FUN_0011fb48","0011fb60","0011f868","FUN_0011f868",direct
"0011fb48","FUN_0011fb48","0011fb70","0011f868","FUN_0011f868",direct
"0011fb48","FUN_0011fb48","0011fb80","0011f908","FUN_0011f908",direct
"0011fb48","FUN_0011fb48","0011fb88","0011f738","FUN_0011f738",direct
"0011fba0","FUN_0011fba0","0011fbb8","0011f868","FUN_0011f868",direct
"0011fba0","FUN_0011fba0","0011fbc8","0011f868","FUN_0011f868",direct
"0011fba0","FUN_0011fba0","0011fbe4","0011f908","FUN_0011f908",direct
"0011fba0","FUN_0011fba0","0011fbec","0011f738","FUN_0011f738",direct
"0011fc08","FUN_0011fc08","0011fc3c","0011f868","FUN_0011f868",direct
"0011fc08","FUN_0011fc08","0011fc4c","0011f868","FUN_0011f868",direct
"0011fc08","FUN_0011fc08","0011fc5c","0011fc08","FUN_0011fc08",tail
"0011fc08","FUN_0011fc08","0011fc6c","0011fc08","FUN_0011fc08",tail
"0011fc08","FUN_0011fc08","0011fc78","0011fc08","FUN_0011fc08",tail
"0011fc08","FUN_0011fc08","0011fc84","0011fc08","FUN_0011fc08",tail
"0011fc08","FUN_0011fc08","0011fc8c","0011fc08","FUN_0011fc08",tail
"0011fc08","FUN_0011fc08","0011fc94","0011fc08","FUN_0011fc08",tail
"0011fc08","FUN_0011fc08","0011fc9c","0011fc08","FUN_0011fc08",tail
"0011fc08","FUN_0011fc08","0011fca8","0011fc08","FUN_0011fc08",tail
"0011fc08","FUN_0011fc08","0011fcb0","0011fc08","FUN_0011fc08",tail
"0011fc08","FUN_0011fc08","0011fccc","0011fc08","FUN_0011fc08",tail
"0011fc08","FUN_0011fc08","0011fcd4","0011fc08","FUN_0011fc08",tail
"0011fc08","FUN_0011fc08","0011fcf0","0011fc08","FUN_0011fc08",tail
"0011fc08","FUN_0011fc08","0011fd18","0011ebc8","FUN_0011ebc8",direct
"0011fc08","FUN_0011fc08","0011fd28","0011ebc8","FUN_0011ebc8",direct
"0011fc08","FUN_0011fc08","0011fd38","0011ebc8","FUN_0011ebc8",direct
"0011fc08","FUN_0011fc08","0011fd48","0011ebc8","FUN_0011ebc8",direct
"0011fc08","FUN_0011fc08","0011fdac","0011fc08","FUN_0011fc08",tail
"0011fc08","FUN_0011fc08","0011fdd0","0011fc08","FUN_0011fc08",tail
"0011fc08","FUN_0011fc08","0011fde8","0011fc08","FUN_0011fc08",tail
"0011fc08","FUN_0011fc08","0011fe00","0011fc08","FUN_0011fc08",tail
"0011fc08","FUN_0011fc08","0011fe38","0011fc08","FUN_0011fc08",tail
"0011fc08","FUN_0011fc08","0011fe4c","0011fc08","FUN_0011fc08",tail
"0011fc08","FUN_0011fc08","0011fe58","0011fc08","FUN_0011fc08",tail
"0011fc08","FUN_0011fc08","0011fe60","0011fc08","FUN_0011fc08",tail
"0011fc08","FUN_0011fc08","0011fe7c","0011f738","FUN_0011f738",direct
"0011feb0","FUN_0011feb0","0011fec8","0011f868","FUN_0011f868",direct
"0011feb0","FUN_0011feb0","0011fed8","0011f868","FUN_0011f868",direct
"0011feb0","FUN_0011feb0","0011fee8","0011feb0","FUN_0011feb0",tail
"0011feb0","FUN_0011feb0","0011fef0","0011feb0","FUN_0011feb0",tail
"0011feb0","FUN_0011feb0","0011ff00","0011feb0","FUN_0011feb0",tail
"0011feb0","FUN_0011feb0","0011ff18","0011feb0","FUN_0011feb0",tail
"0011feb0","FUN_0011feb0","0011ff24","0011feb0","FUN_0011feb0",tail
"0011feb0","FUN_0011feb0","0011ff2c","0011feb0","FUN_0011feb0",tail
"0011feb0","FUN_0011feb0","0011ff38","0011feb0","FUN_0011feb0",tail
"0011feb0","FUN_0011feb0","0011ff40","0011feb0","FUN_0011feb0",tail
"0011feb0","FUN_0011feb0","0011ff50","0011feb0","FUN_0011feb0",tail
"0011feb0","FUN_0011feb0","0011ff58","0011feb0","FUN_0011feb0",tail
"0011feb0","FUN_0011feb0","0011ff68","0011feb0","FUN_0011feb0",tail
"0011feb0","FUN_0011feb0","0011ff84","0011feb0","FUN_0011feb0",tail
"0011feb0","FUN_0011feb0","0011ffa4","0011feb0","FUN_0011feb0",tail
"0011feb0","FUN_0011feb0","0011ffb4","0011feb0","FUN_0011feb0",tail
"0011feb0","FUN_0011feb0","0011ffc8","0011feb0","FUN_0011feb0",tail
"0011feb0","FUN_0011feb0","0011ffd8","0011feb0","FUN_0011feb0",tail
"0011feb0","FUN_0011feb0","0011ffe4","0011feb0","FUN_0011feb0",tail
"0011feb0","FUN_0011feb0","0011ffec","0011feb0","FUN_0011feb0",tail
"0011feb0","FUN_0011feb0","00120000","0011f738","FUN_0011f738",direct
"00120018","FUN_00120018","00120020","00120018","FUN_00120018",tail
"00120018","FUN_00120018","00120030","00120018","FUN_00120018",tail
"00120018","FUN_00120018","00120040","00120018","FUN_00120018",tail
"00120018","FUN_00120018","00120048","00120018","FUN_00120018",tail
"00120018","FUN_00120018","00120070","00120018","FUN_00120018",tail
"00120018","FUN_00120018","0012008c","00120018","FUN_00120018",tail
"00120018","FUN_00120018","00120094","00120018","FUN_00120018",tail
"00120018","FUN_00120018","001200b4","00120018","FUN_00120018",tail
"00120018","FUN_00120018","001200c4","00120018","FUN_00120018",tail
"00120018","FUN_00120018","001200e4","00120018","FUN_00120018",tail
"00120018","FUN_00120018","001200f0","00120018","FUN_00120018",tail
"00120018","FUN_00120018","00120110","00120018","FUN_00120018",tail
"00120018","FUN_00120018","0012011c","00120018","FUN_00120018",tail
"00120130","FUN_00120130","00120148","0011f868","FUN_0011f868",direct
"00120130","FUN_00120130","00120158","0011f868","FUN_0011f868",direct
"00120130","FUN_00120130","00120164","00120018","FUN_00120018",direct
"00120180","FUN_00120180","00120194","00120180","FUN_00120180",tail
"00120180","FUN_00120180","001201a0","00120180","FUN_00120180",tail
"00120180","FUN_00120180","001201ac","00120180","FUN_00120180",tail
"00120180","FUN_00120180","001201b8","00120180","FUN_00120180",tail
"00120180","FUN_00120180","001201c8","00120180","FUN_00120180",tail
"00120180","FUN_00120180","001201d0","00120180","FUN_00120180",tail
"00120180","FUN_00120180","001201ec","00120180","FUN_00120180",tail
"00120180","FUN_00120180","00120214","00120180","FUN_00120180",tail
"00120180","FUN_00120180","00120224","0011f738","FUN_0011f738",direct
"00120238","FUN_00120238","00120248","0011f868","FUN_0011f868",direct
"00120238","FUN_00120238","00120258","00120238","FUN_00120238",tail
"00120238","FUN_00120238","00120260","00120238","FUN_00120238",tail
"00120238","FUN_00120238","00120268","00120238","FUN_00120238",tail
"00120238","FUN_00120238","00120270","00120238","FUN_00120238",tail
"00120238","FUN_00120238","00120278","00120238","FUN_00120238",tail
"00120238","FUN_00120238","00120280","00120238","FUN_00120238",tail
"00120238","FUN_00120238","00120298","00120238","FUN_00120238",tail
"001202d0","FUN_001202d0","001202e0","0011f868","FUN_0011f868",direct
"001202d0","FUN_001202d0","001202f0","001202d0","FUN_001202d0",tail
"001202d0","FUN_001202d0","001202f8","001202d0","FUN_001202d0",tail
"001202d0","FUN_001202d0","00120300","001202d0","FUN_001202d0",tail
"001202d0","FUN_001202d0","00120308","001202d0","FUN_001202d0",tail
"001202d0","FUN_001202d0","00120314","001202d0","FUN_001202d0",tail
"001202d0","FUN_001202d0","0012031c","001202d0","FUN_001202d0",tail
"001202d0","FUN_001202d0","00120324","001202d0","FUN_001202d0",tail
"001202d0","FUN_001202d0","00120330","001202d0","FUN_001202d0",tail
"001202d0","FUN_001202d0","00120338","001202d0","FUN_001202d0",tail
"001202d0","FUN_001202d0","00120348","001202d0","FUN_001202d0",tail
"00120370","FUN_00120370","00120388","0011f738","FUN_0011f738",direct
"001203b0","FUN_001203b0","001203cc","001203b0","FUN_001203b0",tail
"001203b0","FUN_001203b0","001203e4","001203b0","FUN_001203b0",tail
"001203b0","FUN_001203b0","001203ec","001203b0","FUN_001203b0",tail
"001203b0","FUN_001203b0","00120404","001203b0","FUN_001203b0",tail
"001203b0","FUN_001203b0","0012040c","001203b0","FUN_001203b0",tail
"00120478","FUN_00120478","00120488","001203b0","FUN_001203b0",direct
"00120478","FUN_00120478","001204a4","00120370","FUN_00120370",direct
"001204b8","FUN_001204b8","00120508","001204b8","FUN_001204b8",tail
"00120558","FUN_00120558","001205d4","00120558","FUN_00120558",tail
"00120610","FUN_00120610","00120634","00118970","CreateSema",direct
"00120610","FUN_00120610","0012064c","00118820","SetAlarm",direct
"00120610","FUN_00120610","00120654","001189b0","WaitSema",direct
"00120610","FUN_00120610","0012065c","00118980","DeleteSema",direct
"00120678","FUN_00120678","0012068c","00120c30","FUN_00120c30",direct
"00120678","FUN_00120678","00120694","00120678","FUN_00120678",tail
"00120678","FUN_00120678","0012069c","0011d660","FUN_0011d660",direct
"00120678","FUN_00120678","001206ac","00120678","FUN_00120678",tail
"00120678","FUN_00120678","001206b4","0011d6a8","FUN_0011d6a8",direct
"001206d8","FUN_001206d8","00120704","001206d8","FUN_001206d8",tail
"001206d8","FUN_001206d8","00120718","001206d8","FUN_001206d8",tail
"001206d8","FUN_001206d8","00120724","001189a0","iSignalSema",direct
"001206d8","FUN_001206d8","00120734","001206d8","FUN_001206d8",tail
"001206d8","FUN_001206d8","00120740","001206d8","FUN_001206d8",tail
"001206d8","FUN_001206d8","0012074c","001189a0","iSignalSema",direct
"001206d8","FUN_001206d8","00120754","001206d8","FUN_001206d8",tail
"00120828","FUN_00120828","00120840","00120828","FUN_00120828",tail
"00120828","FUN_00120828","00120850","00120828","FUN_00120828",tail
"00120828","FUN_00120828","00120858","00120828","FUN_00120828",tail
"00120828","FUN_00120828","00120874","00118970","CreateSema",direct
"00120828","FUN_00120828","00120880","00118970","CreateSema",direct
"00120828","FUN_00120828","00120890","00118970","CreateSema",direct
"001208c0","FUN_001208c0","001208d0","001208c0","FUN_001208c0",tail
"001208c0","FUN_001208c0","001208e8","00118990","SignalSema",direct
"001208c0","FUN_001208c0","001208f0","001208c0","FUN_001208c0",tail
"001208c0","FUN_001208c0","00120900","00118980","DeleteSema",direct
"001208c0","FUN_001208c0","0012090c","00118980","DeleteSema",direct
"001208c0","FUN_001208c0","00120914","00118980","DeleteSema",direct
"001208c0","FUN_001208c0","0012091c","0011d660","FUN_0011d660",direct
"001208c0","FUN_001208c0","0012092c","0011a768","FUN_0011a768",direct
"001208c0","FUN_001208c0","00120934","001208c0","FUN_001208c0",tail
"001208c0","FUN_001208c0","00120940","0011d6a8","FUN_0011d6a8",direct
"001209a0","FUN_001209a0","001209bc","0011d660","FUN_0011d660",direct
"001209a0","FUN_001209a0","001209d8","0011a738","FUN_0011a738",direct
"001209a0","FUN_001209a0","001209e0","001209a0","FUN_001209a0",tail
"001209a0","FUN_001209a0","001209e8","0011d6a8","FUN_0011d6a8",direct
"00120a28","FUN_00120a28","00120a40","00120828","FUN_00120828",direct
"00120a28","FUN_00120a28","00120a4c","001189c0","PollSema",direct
"00120a28","FUN_00120a28","00120a58","00120a28","FUN_00120a28",tail
"00120a28","FUN_00120a28","00120a64","00120a28","FUN_00120a28",tail
"00120a28","FUN_00120a28","00120a78","0011a3c8","FUN_0011a3c8",direct
"00120a28","FUN_00120a28","00120a80","00120a28","FUN_00120a28",tail
"00120a28","FUN_00120a28","00120a9c","001188f0","ReferThreadStatus",direct
"00120a28","FUN_00120a28","00120aa4","00120c30","FUN_00120c30",direct
"00120a28","FUN_00120a28","00120aac","00120a28","FUN_00120a28",tail
"00120a28","FUN_00120a28","00120ab8","00118990","SignalSema",direct
"00120a28","FUN_00120a28","00120ac0","00120a28","FUN_00120a28",tail
"00120a28","FUN_00120a28","00120ac8","0011ab20","FUN_0011ab20",direct
"00120a28","FUN_00120a28","00120ad4","00120a28","FUN_00120a28",tail
"00120a28","FUN_00120a28","00120adc","00120a28","FUN_00120a28",tail
"00120a28","FUN_00120a28","00120b04","00120a28","FUN_00120a28",tail
"00120a28","FUN_00120a28","00120b1c","0011aff8","FUN_0011aff8",direct
"00120a28","FUN_00120a28","00120b24","00120a28","FUN_00120a28",tail
"00120a28","FUN_00120a28","00120b34","00120a28","FUN_00120a28",tail
"00120a28","FUN_00120a28","00120b40","0011a3c8","FUN_0011a3c8",direct
"00120a28","FUN_00120a28","00120b64","00120a28","FUN_00120a28",tail
"00120a28","FUN_00120a28","00120b6c","00120a28","FUN_00120a28",tail
"00120a28","FUN_00120a28","00120b74","00120a28","FUN_00120a28",tail
"00120b98","FUN_00120b98","00120ba4","00120a28","FUN_00120a28",direct
"00120b98","FUN_00120b98","00120bac","00120b98","FUN_00120b98",tail
"00120b98","FUN_00120b98","00120bb4","00120b98","FUN_00120b98",tail
"00120b98","FUN_00120b98","00120be4","0011b1c8","FUN_0011b1c8",direct
"00120b98","FUN_00120b98","00120bec","00120b98","FUN_00120b98",tail
"00120b98","FUN_00120b98","00120bf8","00118990","SignalSema",direct
"00120b98","FUN_00120b98","00120c00","00120b98","FUN_00120b98",tail
"00120b98","FUN_00120b98","00120c14","00118990","SignalSema",direct
"00120c30","FUN_00120c30","00120c3c","00120c30","FUN_00120c30",tail
"00120c30","FUN_00120c30","00120c4c","00120c30","FUN_00120c30",tail
"00120c30","FUN_00120c30","00120c54","0011a3c8","FUN_0011a3c8",direct
"00120c30","FUN_00120c30","00120c60","00120c30","FUN_00120c30",tail
"00120c30","FUN_00120c30","00120c68","00120610","FUN_00120610",direct
"00120c30","FUN_00120c30","00120c74","00120c30","FUN_00120c30",tail
"00120c30","FUN_00120c30","00120c7c","0011b3b8","FUN_0011b3b8",direct
"00120c30","FUN_00120c30","00120c84","00120c30","FUN_00120c30",tail
"00120c30","FUN_00120c30","00120c8c","00120c30","FUN_00120c30",tail
"00120c30","FUN_00120c30","00120c9c","00120c30","FUN_00120c30",tail
"00120c30","FUN_00120c30","00120ca8","0011b3b8","FUN_0011b3b8",direct
"00120c30","FUN_00120c30","00120cb0","00120c30","FUN_00120c30",tail
"00120cd0","FUN_00120cd0","00120cd8","00120cd0","FUN_00120cd0",tail
"00120cd0","FUN_00120cd0","00120ce8","00120cd0","FUN_00120cd0",tail
"00120cd0","FUN_00120cd0","00120cf0","0011a3c8","FUN_0011a3c8",direct
"00120cd0","FUN_00120cd0","00120cf8","00120cd0","FUN_00120cd0",tail
"00120cd0","FUN_00120cd0","00120d00","00120610","FUN_00120610",direct
"00120cd0","FUN_00120cd0","00120d08","0011b3b8","FUN_0011b3b8",direct
"00120cd0","FUN_00120cd0","00120d10","00120cd0","FUN_00120cd0",tail
"00120cd0","FUN_00120cd0","00120d18","00120cd0","FUN_00120cd0",tail
"00120cd0","FUN_00120cd0","00120d24","0011b3b8","FUN_0011b3b8",direct
"00120d40","FUN_00120d40","00120d58","00120828","FUN_00120828",direct
"00120d40","FUN_00120d40","00120d64","001189c0","PollSema",direct
"00120d40","FUN_00120d40","00120d70","00120d40","FUN_00120d40",tail
"00120d40","FUN_00120d40","00120d7c","00120d40","FUN_00120d40",tail
"00120d40","FUN_00120d40","00120d90","0011a3c8","FUN_0011a3c8",direct
"00120d40","FUN_00120d40","00120d98","00120d40","FUN_00120d40",tail
"00120d40","FUN_00120d40","00120db4","001188f0","ReferThreadStatus",direct
"00120d40","FUN_00120d40","00120dbc","00120cd0","FUN_00120cd0",direct
"00120d40","FUN_00120d40","00120dc4","00120d40","FUN_00120d40",tail
"00120d40","FUN_00120d40","00120dd0","00118990","SignalSema",direct
"00120d40","FUN_00120d40","00120dd8","00120d40","FUN_00120d40",tail
"00120d40","FUN_00120d40","00120de0","0011ab20","FUN_0011ab20",direct
"00120d40","FUN_00120d40","00120dec","00120d40","FUN_00120d40",tail
"00120d40","FUN_00120d40","00120df4","00120d40","FUN_00120d40",tail
"00120d40","FUN_00120d40","00120e1c","00120d40","FUN_00120d40",tail
"00120d40","FUN_00120d40","00120e34","0011aff8","FUN_0011aff8",direct
"00120d40","FUN_00120d40","00120e3c","00120d40","FUN_00120d40",tail
"00120d40","FUN_00120d40","00120e4c","00120d40","FUN_00120d40",tail
"00120d40","FUN_00120d40","00120e58","0011a3c8","FUN_0011a3c8",direct
"00120d40","FUN_00120d40","00120e7c","00120d40","FUN_00120d40",tail
"00120d40","FUN_00120d40","00120e84","00120d40","FUN_00120d40",tail
"00120d40","FUN_00120d40","00120e8c","00120d40","FUN_00120d40",tail
"00120eb0","FUN_00120eb0","00120ee0","00120cd0","FUN_00120cd0",direct
"00120eb0","FUN_00120eb0","00120ee8","00120eb0","FUN_00120eb0",tail
"00120eb0","FUN_00120eb0","00120ef4","0011ab20","FUN_0011ab20",direct
"00120eb0","FUN_00120eb0","00120efc","001188e0","GetThreadId",direct
"00120eb0","FUN_00120eb0","00120f84","0011aff8","FUN_0011aff8",direct
"00120eb0","FUN_00120eb0","00120f90","00120eb0","FUN_00120eb0",tail
"00120eb0","FUN_00120eb0","00120f9c","00120eb0","FUN_00120eb0",tail
"00120eb0","FUN_00120eb0","00120fa4","0011a3c8","FUN_0011a3c8",direct
"00120eb0","FUN_00120eb0","00120fcc","00120eb0","FUN_00120eb0",tail
"00120eb0","FUN_00120eb0","00120fd4","00120eb0","FUN_00120eb0",tail
"00120eb0","FUN_00120eb0","00120fdc","00120eb0","FUN_00120eb0",tail
"00120eb0","FUN_00120eb0","00120fec","0011aa70","FUN_0011aa70",direct
"00120eb0","FUN_00120eb0","00121018","0011b1c8","FUN_0011b1c8",direct
"00120eb0","FUN_00120eb0","00121020","00120eb0","FUN_00120eb0",tail
"00120eb0","FUN_00120eb0","0012102c","00120eb0","FUN_00120eb0",tail
"00120eb0","FUN_00120eb0","00121054","00120eb0","FUN_00120eb0",tail
"00120eb0","FUN_00120eb0","0012105c","00120eb0","FUN_00120eb0",tail
"00120eb0","FUN_00120eb0","00121090","00120eb0","FUN_00120eb0",tail
"00120eb0","FUN_00120eb0","0012109c","00120eb0","FUN_00120eb0",tail
"00120eb0","FUN_00120eb0","001210a8","00120eb0","FUN_00120eb0",tail
"00120eb0","FUN_00120eb0","001210c4","00120eb0","FUN_00120eb0",tail
"00120eb0","FUN_00120eb0","001210e0","00120eb0","FUN_00120eb0",tail
"00120eb0","FUN_00120eb0","001210f4","00120eb0","FUN_00120eb0",tail
"00120eb0","FUN_00120eb0","001210fc","00120eb0","FUN_00120eb0",tail
"00120eb0","FUN_00120eb0","00121104","00120eb0","FUN_00120eb0",tail
"00120eb0","FUN_00120eb0","00121110","00120eb0","FUN_00120eb0",tail
"00120eb0","FUN_00120eb0","00121118","0011a3c8","FUN_0011a3c8",direct
"00120eb0","FUN_00120eb0","00121120","001208c0","FUN_001208c0",direct
"00120eb0","FUN_00120eb0","00121144","00120eb0","FUN_00120eb0",tail
"00120eb0","FUN_00120eb0","0012114c","00120828","FUN_00120828",direct
"00120eb0","FUN_00120eb0","00121154","001209a0","FUN_001209a0",direct
"00121190","FUN_00121190","001211c0","00121190","FUN_00121190",tail
"00121190","FUN_00121190","001211cc","0011a3c8","FUN_0011a3c8",direct
"00121190","FUN_00121190","001211d4","00120828","FUN_00120828",direct
"00121190","FUN_00121190","001211e0","001189c0","PollSema",direct
"00121190","FUN_00121190","001211ec","00121190","FUN_00121190",tail
"00121190","FUN_00121190","001211f4","00120cd0","FUN_00120cd0",direct
"00121190","FUN_00121190","001211fc","00121190","FUN_00121190",tail
"00121190","FUN_00121190","00121204","0011ab20","FUN_0011ab20",direct
"00121190","FUN_00121190","00121210","00121190","FUN_00121190",tail
"00121190","FUN_00121190","0012121c","00121190","FUN_00121190",tail
"00121190","FUN_00121190","00121244","00121190","FUN_00121190",tail
"00121190","FUN_00121190","0012125c","0011aff8","FUN_0011aff8",direct
"00121190","FUN_00121190","00121264","00121190","FUN_00121190",tail
"00121190","FUN_00121190","00121270","00121190","FUN_00121190",tail
"00121190","FUN_00121190","0012127c","0011a3c8","FUN_0011a3c8",direct
"00121190","FUN_00121190","001212a4","00121190","FUN_00121190",tail
"00121190","FUN_00121190","001212ac","00121190","FUN_00121190",tail
"00121190","FUN_00121190","001212b4","00121190","FUN_00121190",tail
"00121190","FUN_00121190","001212bc","00121190","FUN_00121190",tail
"00121190","FUN_00121190","001212d8","0011aa70","FUN_0011aa70",direct
"00121190","FUN_00121190","00121304","0011b1c8","FUN_0011b1c8",direct
"00121190","FUN_00121190","0012130c","00121190","FUN_00121190",tail
"00121190","FUN_00121190","00121318","00118990","SignalSema",direct
"00121190","FUN_00121190","0012132c","00121190","FUN_00121190",tail
"00121190","FUN_00121190","00121334","00121190","FUN_00121190",tail
"00121190","FUN_00121190","0012133c","0011a3c8","FUN_0011a3c8",direct
"00121190","FUN_00121190","00121350","00118990","SignalSema",direct
"00121388","FUN_00121388","001213a8","00120d40","FUN_00120d40",direct
"00121388","FUN_00121388","001213b0","00121388","FUN_00121388",tail
"00121388","FUN_00121388","001213b8","00121388","FUN_00121388",tail
"00121388","FUN_00121388","001213c4","0011aa70","FUN_0011aa70",direct
"00121388","FUN_00121388","001213f8","0011b1c8","FUN_0011b1c8",direct
"00121388","FUN_00121388","00121400","00121388","FUN_00121388",tail
"00121388","FUN_00121388","0012140c","00118990","SignalSema",direct
"00121388","FUN_00121388","00121414","00121388","FUN_00121388",tail
"00121388","FUN_00121388","00121428","00118990","SignalSema",direct
"00121450","FUN_00121450","00121490","00121450","FUN_00121450",tail
"00121450","FUN_00121450","00121498","00120b98","FUN_00120b98",direct
"00121450","FUN_00121450","001214a4","00121450","FUN_00121450",tail
"00121450","FUN_00121450","001214ac","00120a28","FUN_00120a28",direct
"00121450","FUN_00121450","001214b4","00121450","FUN_00121450",tail
"00121450","FUN_00121450","001214fc","00121450","FUN_00121450",tail
"00121450","FUN_00121450","00121504","00121450","FUN_00121450",tail
"00121450","FUN_00121450","00121510","00121450","FUN_00121450",tail
"00121450","FUN_00121450","00121518","00121450","FUN_00121450",tail
"00121450","FUN_00121450","00121524","00121450","FUN_00121450",tail
"00121450","FUN_00121450","0012153c","00121450","FUN_00121450",tail
"00121450","FUN_00121450","00121544","0011aa70","FUN_0011aa70",direct
"00121450","FUN_00121450","00121558","0011aa70","FUN_0011aa70",direct
"00121450","FUN_00121450","00121564","0011aa70","FUN_0011aa70",direct
"00121450","FUN_00121450","00121570","0011aa70","FUN_0011aa70",direct
"00121450","FUN_00121450","0012157c","00121450","FUN_00121450",tail
"00121450","FUN_00121450","00121584","0011a3c8","FUN_0011a3c8",direct
"00121450","FUN_00121450","001215c8","0011b1c8","FUN_0011b1c8",direct
"00121450","FUN_00121450","001215d0","00121450","FUN_00121450",tail
"00121450","FUN_00121450","001215e4","00118990","SignalSema",direct
"00121450","FUN_00121450","001215ec","00121450","FUN_00121450",tail
"00121450","FUN_00121450","001215f4","00121450","FUN_00121450",tail
"00121450","FUN_00121450","00121600","0011a3c8","FUN_0011a3c8",direct
"00121630","FUN_00121630","0012163c","00120d40","FUN_00120d40",direct
"00121630","FUN_00121630","00121644","00121630","FUN_00121630",tail
"00121630","FUN_00121630","0012164c","00121630","FUN_00121630",tail
"00121630","FUN_00121630","0012167c","0011b1c8","FUN_0011b1c8",direct
"00121630","FUN_00121630","00121684","00121630","FUN_00121630",tail
"00121630","FUN_00121630","00121690","00118990","SignalSema",direct
"00121630","FUN_00121630","00121698","00121630","FUN_00121630",tail
"00121630","FUN_00121630","001216ac","00118990","SignalSema",direct
"001216c8","FUN_001216c8","001216d8","00120d40","FUN_00120d40",direct
"001216c8","FUN_001216c8","001216e0","001216c8","FUN_001216c8",tail
"001216c8","FUN_001216c8","001216e8","001216c8","FUN_001216c8",tail
"001216c8","FUN_001216c8","00121724","0011b1c8","FUN_0011b1c8",direct
"001216c8","FUN_001216c8","0012172c","001216c8","FUN_001216c8",tail
"001216c8","FUN_001216c8","00121738","00118990","SignalSema",direct
"001216c8","FUN_001216c8","00121744","001216c8","FUN_001216c8",tail
"001216c8","FUN_001216c8","00121760","00118990","SignalSema",direct
"00121780","FUN_00121780","0012179c","00120d40","FUN_00120d40",direct
"00121780","FUN_00121780","001217a4","00121780","FUN_00121780",tail
"00121780","FUN_00121780","001217ac","00121780","FUN_00121780",tail
"00121780","FUN_00121780","001217b8","00121780","FUN_00121780",tail
"00121780","FUN_00121780","001217c0","0011a3c8","FUN_0011a3c8",direct
"00121780","FUN_00121780","001217f4","0011b1c8","FUN_0011b1c8",direct
"00121780","FUN_00121780","001217fc","00121780","FUN_00121780",tail
"00121780","FUN_00121780","00121808","00118990","SignalSema",direct
"00121780","FUN_00121780","00121810","00121780","FUN_00121780",tail
"00121780","FUN_00121780","00121834","00121780","FUN_00121780",tail
"00121780","FUN_00121780","0012183c","0011a3c8","FUN_0011a3c8",direct
"00121780","FUN_00121780","00121850","00118990","SignalSema",direct
"00121878","FUN_00121878","001218b0","00121878","FUN_00121878",tail
"00121878","FUN_00121878","001218bc","00121878","FUN_00121878",tail
"00121878","FUN_00121878","001218c4","00121878","FUN_00121878",tail
"00121878","FUN_00121878","001218cc","00121878","FUN_00121878",tail
"00121878","FUN_00121878","001218d4","00121878","FUN_00121878",tail
"00121878","FUN_00121878","001218dc","00121878","FUN_00121878",tail
"00121878","FUN_00121878","001218e4","00121a08","FUN_00121a08",direct
"00121878","FUN_00121878","0012191c","00118ae0","GsPutIMR",direct
"00121878","FUN_00121878","0012192c","00121878","FUN_00121878",tail
"00121878","FUN_00121878","00121934","00119028","FUN_00119028",direct
"00121878","FUN_00121878","00121940","001187a0","RemoveIntcHandler",direct
"00121878","FUN_00121878","00121970","00118750","SetGsCrt",direct
"00121878","FUN_00121878","00121988","00121878","FUN_00121878",tail
"00121878","FUN_00121878","00121990","00121a08","FUN_00121a08",direct
"00121878","FUN_00121878","001219e8","00118750","SetGsCrt",direct
"00121a18","FUN_00121a18","00121a34","0011bc80","FUN_0011bc80",direct
"00121a18","FUN_00121a18","00121a40","00121a18","FUN_00121a18",tail
"00121a18","FUN_00121a18","00121a48","00121a18","FUN_00121a18",tail
"00121a18","FUN_00121a18","00121a50","00121a18","FUN_00121a18",tail
"00121a18","FUN_00121a18","00121a60","00121a18","FUN_00121a18",tail
"00121a18","FUN_00121a18","00121a6c","0011c2c0","FUN_0011c2c0",direct
"00121a18","FUN_00121a18","00121a78","00121a18","FUN_00121a18",tail
"00121a18","FUN_00121a18","00121a80","0011bf08","FUN_0011bf08",direct
"00121a18","FUN_00121a18","00121a8c","00112380","FUN_00112380",direct
"00121ac8","FUN_00121ac8","00121b14","00121a08","FUN_00121a08",direct
"00121ac8","FUN_00121ac8","00121b2c","00121ac8","FUN_00121ac8",tail
"00121ac8","FUN_00121ac8","00121b34","00121a18","FUN_00121a18",direct
"00121ac8","FUN_00121ac8","00121b3c","00121ac8","FUN_00121ac8",tail
"00121ac8","FUN_00121ac8","00121b50","00121ab8","FUN_00121ab8",direct
"00121ac8","FUN_00121ac8","00121b58","00121ac8","FUN_00121ac8",tail
"00121ac8","FUN_00121ac8","00121b84","00121ac8","FUN_00121ac8",tail
"00121ac8","FUN_00121ac8","00121b90","00121ac8","FUN_00121ac8",tail
"00121ac8","FUN_00121ac8","00121bc8","00121ac8","FUN_00121ac8",tail
"00121ac8","FUN_00121ac8","00121bdc","00121ac8","FUN_00121ac8",tail
"00121ac8","FUN_00121ac8","00121be8","00121ac8","FUN_00121ac8",tail
"00121ac8","FUN_00121ac8","00121c34","00121ac8","FUN_00121ac8",tail
"00121ac8","FUN_00121ac8","00121c44","00121ac8","FUN_00121ac8",tail
"00121ac8","FUN_00121ac8","00121c4c","00121ac8","FUN_00121ac8",tail
"00121ac8","FUN_00121ac8","00121c70","00121ac8","FUN_00121ac8",tail
"00121ac8","FUN_00121ac8","00121c7c","00121ac8","FUN_00121ac8",tail
"00121ac8","FUN_00121ac8","00121c90","00121ac8","FUN_00121ac8",tail
"00121ac8","FUN_00121ac8","00121c9c","00121ac8","FUN_00121ac8",tail
"00121ac8","FUN_00121ac8","00121ce8","00121ac8","FUN_00121ac8",tail
"00121ac8","FUN_00121ac8","00121cf8","00121ac8","FUN_00121ac8",tail
"00121ac8","FUN_00121ac8","00121d18","00121ac8","FUN_00121ac8",tail
"00121ac8","FUN_00121ac8","00121d20","00121ac8","FUN_00121ac8",tail
"00121ac8","FUN_00121ac8","00121d84","00121ac8","FUN_00121ac8",tail
"00121ac8","FUN_00121ac8","00121d8c","00121ac8","FUN_00121ac8",tail
"00121ac8","FUN_00121ac8","00121e00","00121ac8","FUN_00121ac8",tail
"00121ac8","FUN_00121ac8","00121e08","0011a3c8","FUN_0011a3c8",direct
"00121e40","FUN_00121e40","00121e4c","00121a08","FUN_00121a08",direct
"00121e40","FUN_00121e40","00121e5c","00121e40","FUN_00121e40",tail
"00121e40","FUN_00121e40","00121e9c","00121e40","FUN_00121e40",tail
"00121f00","FUN_00121f00","00121f28","00121a08","FUN_00121a08",direct
"00121f00","FUN_00121f00","00121f4c","00121f00","FUN_00121f00",tail
"00121f00","FUN_00121f00","00121f64","00121f00","FUN_00121f00",tail
"00121f00","FUN_00121f00","00121f98","00121f00","FUN_00121f00",tail
"00121f00","FUN_00121f00","00121fa0","00121f00","FUN_00121f00",tail
"00121fc8","FUN_00121fc8","00122040","00121fc8","FUN_00121fc8",tail
"00121fc8","FUN_00121fc8","00122050","00121f00","FUN_00121f00",direct
"00121fc8","FUN_00121fc8","00122074","00121fc8","FUN_00121fc8",tail
"00121fc8","FUN_00121fc8","00122084","00121f00","FUN_00121f00",direct
"00121fc8","FUN_00121fc8","00122134","00121fc8","FUN_00121fc8",tail
"00121fc8","FUN_00121fc8","00122140","00121fc8","FUN_00121fc8",tail
"00121fc8","FUN_00121fc8","0012215c","00121fc8","FUN_00121fc8",tail
"00121fc8","FUN_00121fc8","00122170","00121fc8","FUN_00121fc8",tail
"001221b0","FUN_001221b0","001221cc","001221b0","FUN_001221b0",tail
"001221b0","FUN_001221b0","001221ec","001221b0","FUN_001221b0",tail
"001221b0","FUN_001221b0","001221fc","001221b0","FUN_001221b0",tail
"001221b0","FUN_001221b0","0012222c","001221b0","FUN_001221b0",tail
"001221b0","FUN_001221b0","00122248","001221b0","FUN_001221b0",tail
"001221b0","FUN_001221b0","00122254","0011a3c8","FUN_0011a3c8",direct
"001221b0","FUN_001221b0","0012225c","001221b0","FUN_001221b0",tail
"00122298","FUN_00122298","001222a4","00121a08","FUN_00121a08",direct
"00122298","FUN_00122298","001222b4","00122298","FUN_00122298",tail
"00122298","FUN_00122298","001222bc","00118bd0","FUN_00118bd0",direct
"00122298","FUN_00122298","001222cc","00122298","FUN_00122298",tail
"00122298","FUN_00122298","001222f0","00122298","FUN_00122298",tail
"00122298","FUN_00122298","001222f8","00118c60","FUN_00118c60",direct
"00122298","FUN_00122298","00122310","00122298","FUN_00122298",tail
"00122330","FUN_00122330","00122378","00122330","FUN_00122330",tail
"00122330","FUN_00122330","00122394","00122330","FUN_00122330",computed
"00122330","FUN_00122330","00122394","00122330","FUN_00122330",computed
"00122330","FUN_00122330","00122394","00122330","FUN_00122330",computed
"00122330","FUN_00122330","00122394","00122330","FUN_00122330",computed
"00122330","FUN_00122330","00122394","00122330","FUN_00122330",computed
"00122330","FUN_00122330","00122394","00122330","FUN_00122330",computed
"00122330","FUN_00122330","001223a0","00122330","FUN_00122330",tail
"00122330","FUN_00122330","001223b4","00122330","FUN_00122330",tail
"00122330","FUN_00122330","001223c0","00122330","FUN_00122330",tail
"00122330","FUN_00122330","001223cc","00122330","FUN_00122330",tail
"00122330","FUN_00122330","001223e4","00122330","FUN_00122330",tail
"00122330","FUN_00122330","001223ec","0011a3c8","FUN_0011a3c8",direct
"00122330","FUN_00122330","001223f4","00122330","FUN_00122330",tail
"00122658","FUN_00122658","00122678","00122658","FUN_00122658",tail
"00122658","FUN_00122658","00122694","00122658","FUN_00122658",tail
"00122658","FUN_00122658","001226a4","00122658","FUN_00122658",tail
"00122658","FUN_00122658","001226c4","00122658","FUN_00122658",tail
"00122658","FUN_00122658","001226e0","00122658","FUN_00122658",tail
"00122658","FUN_00122658","00122714","00122658","FUN_00122658",tail
"00122658","FUN_00122658","0012272c","00122658","FUN_00122658",tail
"00122658","FUN_00122658","0012273c","00122658","FUN_00122658",tail
"00122658","FUN_00122658","00122768","00122658","FUN_00122658",tail
"00122658","FUN_00122658","00122784","00122658","FUN_00122658",tail
"00122658","FUN_00122658","00122790","0011a3c8","FUN_0011a3c8",direct
"00122658","FUN_00122658","00122798","00122658","FUN_00122658",tail
"00122e68","FUN_00122e68","00122e7c","00121a08","FUN_00121a08",direct
"00122e68","FUN_00122e68","00122e88","00122e68","FUN_00122e68",tail
"00122e68","FUN_00122e68","00122e90","00119028","FUN_00119028",direct
"00122e68","FUN_00122e68","00122e9c","001187a0","RemoveIntcHandler",direct
"00122e68","FUN_00122e68","00122ea8","00122e68","FUN_00122e68",tail
"00122e68","FUN_00122e68","00122eb0","00122e68","FUN_00122e68",tail
"00122e68","FUN_00122e68","00122eb8","00119028","FUN_00119028",direct
"00122e68","FUN_00122e68","00122ec4","001187a0","RemoveIntcHandler",direct
"00122e68","FUN_00122e68","00122ed8","00118790","AddIntcHandler",direct
"00122e68","FUN_00122e68","00122ee4","00119090","FUN_00119090",direct
"00122f08","FUN_00122f08","00122f2c","00122f08","FUN_00122f08",tail
"00122f08","FUN_00122f08","00122f38","00122f08","FUN_00122f08",tail
"00122f08","FUN_00122f08","00122f40","0011a3c8","FUN_0011a3c8",direct
"00122f08","FUN_00122f08","00122f48","00123350","FUN_00123350",direct
"00122f08","FUN_00122f08","00122f58","00122f08","FUN_00122f08",tail
"00122f80","FUN_00122f80","00122f88","00122f80","FUN_00122f80",tail
"00122fa8","FUN_00122fa8","00122fa8","00122fa8","FUN_00122fa8",tail
"00122fa8","FUN_00122fa8","00122fcc","00122fa8","FUN_00122fa8",tail
"00122fe0","FUN_00122fe0","00122fe4","00122fe0","FUN_00122fe0",tail
"00123008","FUN_00123008","00123044","00123008","FUN_00123008",tail
"00123008","FUN_00123008","00123070","00123008","FUN_00123008",tail
"00123008","FUN_00123008","0012309c","00122fa8","FUN_00122fa8",direct
"00123008","FUN_00123008","001230a4","001230e8","FUN_001230e8",direct
"00123008","FUN_00123008","001230b0","00123008","FUN_00123008",tail
"001230e8","FUN_001230e8","00123130","001230e8","FUN_001230e8",tail
"001230e8","FUN_001230e8","00123144","001230e8","FUN_001230e8",tail
"001230e8","FUN_001230e8","00123158","001230e8","FUN_001230e8",tail
"001230e8","FUN_001230e8","0012316c","001230e8","FUN_001230e8",tail
"001230e8","FUN_001230e8","001231ec","001230e8","FUN_001230e8",tail
"001230e8","FUN_001230e8","00123210","001230e8","FUN_001230e8",tail
"001232c8","FUN_001232c8","001232dc","00122f80","FUN_00122f80",direct
"001232c8","FUN_001232c8","001232e8","00122f08","FUN_00122f08",direct
"001232c8","FUN_001232c8","001232fc","001232c8","FUN_001232c8",tail
"00123350","FUN_00123350","00123360","0011d660","FUN_0011d660",direct
"00123350","FUN_00123350","00123380","00123350","FUN_00123350",tail
"00123350","FUN_00123350","001233c0","00123350","FUN_00123350",tail
"00123350","FUN_00123350","001233c8","0011d6a8","FUN_0011d6a8",direct
"001233f0","FUN_001233f0","00123418","001233f0","FUN_001233f0",tail
"001233f0","FUN_001233f0","00123430","00118970","CreateSema",direct
"001233f0","FUN_001233f0","00123444","00123c30","FUN_00123c30",direct
"001233f0","FUN_001233f0","0012344c","001189b0","WaitSema",direct
"001233f0","FUN_001233f0","00123454","0011ab20","FUN_0011ab20",direct
"001233f0","FUN_001233f0","00123464","001233f0","FUN_001233f0",tail
"001233f0","FUN_001233f0","0012348c","001233f0","FUN_001233f0",tail
"001233f0","FUN_001233f0","001234a0","0011aff8","FUN_0011aff8",direct
"001233f0","FUN_001233f0","001234a8","001233f0","FUN_001233f0",tail
"001233f0","FUN_001233f0","001234b4","0011a3c8","FUN_0011a3c8",direct
"001233f0","FUN_001233f0","001234d4","001233f0","FUN_001233f0",tail
"001233f0","FUN_001233f0","001234e0","001233f0","FUN_001233f0",tail
"001233f0","FUN_001233f0","0012350c","0011b1c8","FUN_0011b1c8",direct
"001233f0","FUN_001233f0","00123518","00118990","SignalSema",direct
"001233f0","FUN_001233f0","00123520","001233f0","FUN_001233f0",tail
"001233f0","FUN_001233f0","0012352c","001233f0","FUN_001233f0",tail
"001233f0","FUN_001233f0","00123538","001233f0","FUN_001233f0",tail
"001233f0","FUN_001233f0","00123540","0011a3c8","FUN_0011a3c8",direct
"001233f0","FUN_001233f0","0012354c","001233f0","FUN_001233f0",tail
"001233f0","FUN_001233f0","0012355c","001233f0","FUN_001233f0",tail
"001233f0","FUN_001233f0","00123564","0011a3c8","FUN_0011a3c8",direct
"001233f0","FUN_001233f0","00123570","001233f0","FUN_001233f0",tail
"001235b0","FUN_001235b0","001235ec","001235b0","FUN_001235b0",tail
"001235b0","FUN_001235b0","001235f4","001235b0","FUN_001235b0",tail
"001235b0","FUN_001235b0","00123600","001189c0","PollSema",direct
"001235b0","FUN_001235b0","00123608","001235b0","FUN_001235b0",tail
"001235b0","FUN_001235b0","00123610","001235b0","FUN_001235b0",tail
"001235b0","FUN_001235b0","0012361c","001235b0","FUN_001235b0",tail
"001235b0","FUN_001235b0","00123624","00118990","SignalSema",direct
"001235b0","FUN_001235b0","0012362c","001235b0","FUN_001235b0",tail
"001235b0","FUN_001235b0","00123640","00116808","FUN_00116808",direct
"001235b0","FUN_001235b0","00123680","0011b1c8","FUN_0011b1c8",direct
"001235b0","FUN_001235b0","0012368c","001235b0","FUN_001235b0",tail
"001235b0","FUN_001235b0","00123698","001235b0","FUN_001235b0",tail
"001235b0","FUN_001235b0","001236a0","00118990","SignalSema",direct
"001236d8","FUN_001236d8","001236e0","001235b0","FUN_001235b0",direct
"001236d8","FUN_001236d8","001236ec","001236d8","FUN_001236d8",tail
"00123710","FUN_00123710","00123730","00123710","FUN_00123710",tail
"00123710","FUN_00123710","00123738","00123710","FUN_00123710",tail
"00123710","FUN_00123710","00123744","001189c0","PollSema",direct
"00123710","FUN_00123710","0012374c","00123710","FUN_00123710",tail
"00123710","FUN_00123710","00123754","00123710","FUN_00123710",tail
"00123710","FUN_00123710","00123784","0011b1c8","FUN_0011b1c8",direct
"00123710","FUN_00123710","00123790","00123710","FUN_00123710",tail
"00123710","FUN_00123710","0012379c","00123710","FUN_00123710",tail
"00123710","FUN_00123710","001237a4","00118990","SignalSema",direct
"001237c8","FUN_001237c8","001237f8","001237c8","FUN_001237c8",tail
"001237c8","FUN_001237c8","00123800","001237c8","FUN_001237c8",tail
"001237c8","FUN_001237c8","0012380c","001189c0","PollSema",direct
"001237c8","FUN_001237c8","00123814","001237c8","FUN_001237c8",tail
"001237c8","FUN_001237c8","0012381c","001237c8","FUN_001237c8",tail
"001237c8","FUN_001237c8","00123854","0011b1c8","FUN_0011b1c8",direct
"001237c8","FUN_001237c8","00123860","001237c8","FUN_001237c8",tail
"001237c8","FUN_001237c8","0012386c","001237c8","FUN_001237c8",tail
"001237c8","FUN_001237c8","00123874","00118990","SignalSema",direct
"00123930","FUN_00123930","00123968","00123930","FUN_00123930",tail
"00123930","FUN_00123930","00123970","00123930","FUN_00123930",tail
"00123930","FUN_00123930","0012397c","001189c0","PollSema",direct
"00123930","FUN_00123930","00123984","00123930","FUN_00123930",tail
"00123930","FUN_00123930","0012398c","00123930","FUN_00123930",tail
"00123930","FUN_00123930","001239b4","0011aa70","FUN_0011aa70",direct
"00123930","FUN_00123930","001239c0","0011aa70","FUN_0011aa70",direct
"00123930","FUN_00123930","001239f0","0011b1c8","FUN_0011b1c8",direct
"00123930","FUN_00123930","001239fc","00123930","FUN_00123930",tail
"00123930","FUN_00123930","00123a08","00123930","FUN_00123930",tail
"00123930","FUN_00123930","00123a10","00118990","SignalSema",direct
"00123a48","FUN_00123a48","00123a7c","00123a48","FUN_00123a48",tail
"00123a48","FUN_00123a48","00123a84","00123a48","FUN_00123a48",tail
"00123a48","FUN_00123a48","00123a90","001189c0","PollSema",direct
"00123a48","FUN_00123a48","00123a98","00123a48","FUN_00123a48",tail
"00123a48","FUN_00123a48","00123aa0","00123a48","FUN_00123a48",tail
"00123a48","FUN_00123a48","00123ab0","00123a48","FUN_00123a48",tail
"00123a48","FUN_00123a48","00123ac0","00123a48","FUN_00123a48",tail
"00123a48","FUN_00123a48","00123b00","00123a48","FUN_00123a48",tail
"00123a48","FUN_00123a48","00123b30","00123a48","FUN_00123a48",tail
"00123a48","FUN_00123a48","00123b38","00123a48","FUN_00123a48",tail
"00123a48","FUN_00123a48","00123b44","00118a80","FlushCache",direct
"00123a48","FUN_00123a48","00123b6c","0011b1c8","FUN_0011b1c8",direct
"00123a48","FUN_00123a48","00123b78","00123a48","FUN_00123a48",tail
"00123a48","FUN_00123a48","00123b84","00123a48","FUN_00123a48",tail
"00123a48","FUN_00123a48","00123b8c","00118990","SignalSema",direct
"00123bc0","FUN_00123bc0","00123bc8","00119378","FUN_00119378",direct
"00123be8","FUN_00123be8","00123c00","001188e0","GetThreadId",direct
"00123be8","FUN_00123be8","00123c10","00118820","SetAlarm",direct
"00123be8","FUN_00123be8","00123c24","00118900","SleepThread",direct
"00123c30","FUN_00123c30","00123c60","00123c30","FUN_00123c30",tail
"00123c30","FUN_00123c30","00123c68","00123c30","FUN_00123c30",tail
"00123c30","FUN_00123c30","00123c74","0011b3b8","FUN_0011b3b8",direct
"00123c30","FUN_00123c30","00123c7c","00123c30","FUN_00123c30",tail
"00123c30","FUN_00123c30","00123c84","00123c30","FUN_00123c30",tail
"00123c30","FUN_00123c30","00123c8c","00123c30","FUN_00123c30",tail
"00123c30","FUN_00123c30","00123c98","00123be8","FUN_00123be8",direct
"00123c30","FUN_00123c30","00123ca0","0011b3b8","FUN_0011b3b8",direct
"00123c30","FUN_00123c30","00123ca8","00123c30","FUN_00123c30",tail
"00123c30","FUN_00123c30","00123cb0","00123c30","FUN_00123c30",tail
"00123c30","FUN_00123c30","00123cc0","00123c30","FUN_00123c30",tail
"00123c30","FUN_00123c30","00123cc8","00123c30","FUN_00123c30",tail
"00123c30","FUN_00123c30","00123ce0","00118990","SignalSema",direct
"00123d68","FUN_00123d68","00123dac","00123d68","FUN_00123d68",tail
"00123d68","FUN_00123d68","00123db4","00123d68","FUN_00123d68",tail
"00123d68","FUN_00123d68","00123dc0","001189c0","PollSema",direct
"00123d68","FUN_00123d68","00123dc8","00123d68","FUN_00123d68",tail
"00123d68","FUN_00123d68","00123dd0","00123d68","FUN_00123d68",tail
"00123d68","FUN_00123d68","00123dec","00123d68","FUN_00123d68",tail
"00123d68","FUN_00123d68","00123df8","00123d68","FUN_00123d68",tail
"00123d68","FUN_00123d68","00123e04","00123d68","FUN_00123d68",tail
"00123d68","FUN_00123d68","00123e10","00123d68","FUN_00123d68",tail
"00123d68","FUN_00123d68","00123e20","00123d68","FUN_00123d68",tail
"00123d68","FUN_00123d68","00123e2c","00123d68","FUN_00123d68",tail
"00123d68","FUN_00123d68","00123e5c","0011aa70","FUN_0011aa70",direct
"00123d68","FUN_00123d68","00123e8c","0011b1c8","FUN_0011b1c8",direct
"00123d68","FUN_00123d68","00123e98","00123d68","FUN_00123d68",tail
"00123d68","FUN_00123d68","00123ea4","00123d68","FUN_00123d68",tail
"00123d68","FUN_00123d68","00123eac","00118990","SignalSema",direct
"00123ef0","FUN_00123ef0","00123f38","00123ef0","FUN_00123ef0",tail
"00123ef0","FUN_00123ef0","00123f40","00123ef0","FUN_00123ef0",tail
"00123ef0","FUN_00123ef0","00123f4c","001189c0","PollSema",direct
"00123ef0","FUN_00123ef0","00123f54","00123ef0","FUN_00123ef0",tail
"00123ef0","FUN_00123ef0","00123f5c","00123ef0","FUN_00123ef0",tail
"00123ef0","FUN_00123ef0","00123f68","00123ef0","FUN_00123ef0",tail
"00123ef0","FUN_00123ef0","00123f70","00118990","SignalSema",direct
"00123ef0","FUN_00123ef0","00123f78","00123ef0","FUN_00123ef0",tail
"00123ef0","FUN_00123ef0","00123fa0","00116808","FUN_00116808",direct
"00123ef0","FUN_00123ef0","00123fa8","00123ef0","FUN_00123ef0",tail
"00123ef0","FUN_00123ef0","00123fb4","0011aa70","FUN_0011aa70",direct
"00123ef0","FUN_00123ef0","00123fe0","0011b1c8","FUN_0011b1c8",direct
"00123ef0","FUN_00123ef0","00123fec","00123ef0","FUN_00123ef0",tail
"00123ef0","FUN_00123ef0","00123ff8","00123ef0","FUN_00123ef0",tail
"00123ef0","FUN_00123ef0","00124000","00118990","SignalSema",direct
"00124038","FUN_00124038","0012404c","00124038","FUN_00124038",tail
"00124038","FUN_00124038","00124064","001166cc","FUN_001166cc",direct
"00124038","FUN_00124038","00124070","00124038","FUN_00124038",tail
"00124038","FUN_00124038","00124078","001166cc","FUN_001166cc",direct
"00124038","FUN_00124038","00124094","00115248","FUN_00115248",direct
"001240c0","FUN_001240c0","00124100","001240c0","FUN_001240c0",tail
"001240c0","FUN_001240c0","00124108","001240c0","FUN_001240c0",tail
"001240c0","FUN_001240c0","00124114","001189c0","PollSema",direct
"001240c0","FUN_001240c0","0012411c","001240c0","FUN_001240c0",tail
"001240c0","FUN_001240c0","00124124","001240c0","FUN_001240c0",tail
"001240c0","FUN_001240c0","00124130","001240c0","FUN_001240c0",tail
"001240c0","FUN_001240c0","00124138","00118990","SignalSema",direct
"001240c0","FUN_001240c0","00124140","001240c0","FUN_001240c0",tail
"001240c0","FUN_001240c0","00124168","00116808","FUN_00116808",direct
"001240c0","FUN_001240c0","00124178","0011aa70","FUN_0011aa70",direct
"001240c0","FUN_001240c0","001241a8","0011b1c8","FUN_0011b1c8",direct
"001240c0","FUN_001240c0","001241b4","001240c0","FUN_001240c0",tail
"001240c0","FUN_001240c0","001241c0","001240c0","FUN_001240c0",tail
"001240c0","FUN_001240c0","001241c8","00118990","SignalSema",direct
"00124200","FUN_00124200","00124228","00124200","FUN_00124200",tail
"00124200","FUN_00124200","00124230","00124200","FUN_00124200",tail
"00124200","FUN_00124200","0012423c","001189c0","PollSema",direct
"00124200","FUN_00124200","00124244","00124200","FUN_00124200",tail
"00124200","FUN_00124200","0012424c","00124200","FUN_00124200",tail
"00124200","FUN_00124200","00124284","0011b1c8","FUN_0011b1c8",direct
"00124200","FUN_00124200","00124290","00124200","FUN_00124200",tail
"00124200","FUN_00124200","0012429c","00124200","FUN_00124200",tail
"00124200","FUN_00124200","001242a4","00118990","SignalSema",direct
"001242d0","FUN_001242d0","00124304","001242d0","FUN_001242d0",tail
"001242d0","FUN_001242d0","0012430c","001242d0","FUN_001242d0",tail
"001242d0","FUN_001242d0","00124318","001189c0","PollSema",direct
"001242d0","FUN_001242d0","00124320","001242d0","FUN_001242d0",tail
"001242d0","FUN_001242d0","00124328","001242d0","FUN_001242d0",tail
"001242d0","FUN_001242d0","00124334","001242d0","FUN_001242d0",tail
"001242d0","FUN_001242d0","0012433c","00118990","SignalSema",direct
"001242d0","FUN_001242d0","00124344","001242d0","FUN_001242d0",tail
"001242d0","FUN_001242d0","00124358","00116808","FUN_00116808",direct
"001242d0","FUN_001242d0","00124398","0011b1c8","FUN_0011b1c8",direct
"001242d0","FUN_001242d0","001243a4","001242d0","FUN_001242d0",tail
"001242d0","FUN_001242d0","001243b0","001242d0","FUN_001242d0",tail
"001242d0","FUN_001242d0","001243b8","00118990","SignalSema",direct
"001243e8","FUN_001243e8","00124410","001243e8","FUN_001243e8",tail
"001243e8","FUN_001243e8","00124418","001243e8","FUN_001243e8",tail
"001243e8","FUN_001243e8","00124424","001189c0","PollSema",direct
"001243e8","FUN_001243e8","0012442c","001243e8","FUN_001243e8",tail
"001243e8","FUN_001243e8","00124434","001243e8","FUN_001243e8",tail
"001243e8","FUN_001243e8","0012446c","0011b1c8","FUN_0011b1c8",direct
"001243e8","FUN_001243e8","00124478","001243e8","FUN_001243e8",tail
"001243e8","FUN_001243e8","00124484","001243e8","FUN_001243e8",tail
"001243e8","FUN_001243e8","0012448c","00118990","SignalSema",direct
"001244b8","FUN_001244b8","001244f0","0011b1c8","FUN_0011b1c8",direct
"00124510","FUN_00124510","00124520","0011ab20","FUN_0011ab20",direct
"00124510","FUN_00124510","00124528","00124510","FUN_00124510",tail
"00124510","FUN_00124510","0012454c","00124510","FUN_00124510",tail
"00124510","FUN_00124510","00124564","0011aff8","FUN_0011aff8",direct
"00124510","FUN_00124510","0012456c","00124510","FUN_00124510",tail
"00124510","FUN_00124510","00124578","00124a20","FUN_00124a20",direct
"00124510","FUN_00124510","00124580","001138b8","FUN_001138b8",direct
"00124510","FUN_00124510","00124588","00124510","FUN_00124510",tail
"00124510","FUN_00124510","00124590","00124510","FUN_00124510",tail
"00124510","FUN_00124510","001245b4","00124510","FUN_00124510",tail
"00124510","FUN_00124510","001245cc","0011aff8","FUN_0011aff8",direct
"00124510","FUN_00124510","001245d4","00124510","FUN_00124510",tail
"00124510","FUN_00124510","001245e0","00124a20","FUN_00124a20",direct
"00124510","FUN_00124510","001245e8","001138b8","FUN_001138b8",direct
"00124510","FUN_00124510","001245f0","00124510","FUN_00124510",tail
"00124510","FUN_00124510","001245f8","001244b8","FUN_001244b8",direct
"00124510","FUN_00124510","0012460c","00124510","FUN_00124510",tail
"00124510","FUN_00124510","00124614","0011a3c8","FUN_0011a3c8",direct
"00124510","FUN_00124510","00124630","0011a3c8","FUN_0011a3c8",direct
"00124510","FUN_00124510","00124638","00124510","FUN_00124510",tail
"00124510","FUN_00124510","00124664","00124510","FUN_00124510",tail
"00124510","FUN_00124510","0012467c","00124a20","FUN_00124a20",direct
"00124510","FUN_00124510","00124684","001246a8","FUN_001246a8",direct
"001246a8","FUN_001246a8","001246e4","0011b1c8","FUN_0011b1c8",direct
"001246a8","FUN_001246a8","001246ec","001246a8","FUN_001246a8",tail
"001246a8","FUN_001246a8","001246f8","00124a20","FUN_00124a20",direct
"00124718","FUN_00124718","00124780","00124718","FUN_00124718",tail
"00124718","FUN_00124718","001247b0","0011b1c8","FUN_0011b1c8",direct
"00124718","FUN_00124718","001247b8","00124718","FUN_00124718",tail
"00124718","FUN_00124718","001247c4","00124a20","FUN_00124a20",direct
"001247e0","FUN_001247e0","00124800","00118f88","FUN_00118f88",direct
"001247e0","FUN_001247e0","00124808","0011d660","FUN_0011d660",direct
"001247e0","FUN_001247e0","0012489c","0011d6a8","FUN_0011d6a8",direct
"001247e0","FUN_001247e0","001248b4","001247e0","FUN_001247e0",tail
"001247e0","FUN_001247e0","001248f0","0011b1c8","FUN_0011b1c8",direct
"001247e0","FUN_001247e0","001248f8","001247e0","FUN_001247e0",tail
"001247e0","FUN_001247e0","00124904","00124a20","FUN_00124a20",direct
"00124930","FUN_00124930","0012498c","0011b1c8","FUN_0011b1c8",direct
"00124930","FUN_00124930","00124994","00124930","FUN_00124930",tail
"00124930","FUN_00124930","001249a0","00124a20","FUN_00124a20",direct
"00124930","FUN_00124930","001249a8","00124930","FUN_00124930",tail
"00124930","FUN_00124930","001249b0","00124930","FUN_00124930",tail
"00124930","FUN_00124930","001249c4","00124930","FUN_00124930",tail
"00124930","FUN_00124930","001249f0","00124930","FUN_00124930",tail
"00124930","FUN_00124930","001249f8","00124930","FUN_00124930",tail
"00124a48","FUN_00124a48","00124a74","00124a48","FUN_00124a48",tail
"00124a88","FUN_00124a88","00124aac","00124a88","FUN_00124a88",tail
"00124a88","FUN_00124a88","00124ab4","00124a88","FUN_00124a88",tail
"00124a88","FUN_00124a88","00124abc","00124a88","FUN_00124a88",tail
"00124a88","FUN_00124a88","00124b04","00124a88","FUN_00124a88",tail
"00124a88","FUN_00124a88","00124b38","00124718","FUN_00124718",direct
"00124a88","FUN_00124a88","00124b44","00124a88","FUN_00124a88",tail
"00124a88","FUN_00124a88","00124b9c","001153fc","FUN_001153fc",direct
"00124a88","FUN_00124a88","00124ba4","00124a88","FUN_00124a88",tail
"00124bd8","FUN_00124bd8","00124c0c","00124bd8","FUN_00124bd8",tail
"00124bd8","FUN_00124bd8","00124c1c","00124bd8","FUN_00124bd8",tail
"00124bd8","FUN_00124bd8","00124c24","00124ee0","FUN_00124ee0",direct
"00124bd8","FUN_00124bd8","00124c2c","00124bd8","FUN_00124bd8",tail
"00124bd8","FUN_00124bd8","00124c34","00124f38","FUN_00124f38",direct
"00124bd8","FUN_00124bd8","00124c44","00124bd8","FUN_00124bd8",tail
"00124bd8","FUN_00124bd8","00124c50","00124bd8","FUN_00124bd8",tail
"00124bd8","FUN_00124bd8","00124c58","00115248","FUN_00115248",direct
"00124bd8","FUN_00124bd8","00124c7c","00125020","FUN_00125020",direct
"00124bd8","FUN_00124bd8","00124c88","00124bd8","FUN_00124bd8",tail
"00124cb0","FUN_00124cb0","00124ce0","00124cb0","FUN_00124cb0",tail
"00124cb0","FUN_00124cb0","00124ce8","00124ee0","FUN_00124ee0",direct
"00124cb0","FUN_00124cb0","00124cf0","00124cb0","FUN_00124cb0",tail
"00124cb0","FUN_00124cb0","00124cf8","00124cb0","FUN_00124cb0",tail
"00124cb0","FUN_00124cb0","00124d5c","00124930","FUN_00124930",direct
"00124cb0","FUN_00124cb0","00124d64","00124cb0","FUN_00124cb0",tail
"00124cb0","FUN_00124cb0","00124d7c","00125020","FUN_00125020",direct
"00124da0","FUN_00124da0","00124dd0","00124da0","FUN_00124da0",tail
"00124da0","FUN_00124da0","00124dd8","00124ee0","FUN_00124ee0",direct
"00124da0","FUN_00124da0","00124de0","00124da0","FUN_00124da0",tail
"00124da0","FUN_00124da0","00124de8","00124fa0","FUN_00124fa0",direct
"00124da0","FUN_00124da0","00124df0","00124da0","FUN_00124da0",tail
"00124da0","FUN_00124da0","00124df8","00124f38","FUN_00124f38",direct
"00124da0","FUN_00124da0","00124e08","00124da0","FUN_00124da0",tail
"00124da0","FUN_00124da0","00124e10","00124ee0","FUN_00124ee0",direct
"00124da0","FUN_00124da0","00124e18","00124da0","FUN_00124da0",tail
"00124da0","FUN_00124da0","00124e34","00124da0","FUN_00124da0",tail
"00124da0","FUN_00124da0","00124e3c","00124da0","FUN_00124da0",tail
"00124da0","FUN_00124da0","00124ea8","00124930","FUN_00124930",direct
"00124da0","FUN_00124da0","00124eb0","00124da0","FUN_00124da0",tail
"00124da0","FUN_00124da0","00124eb8","00124da0","FUN_00124da0",tail
"00124ee0","FUN_00124ee0","00124eec","001247e0","FUN_001247e0",direct
"00124ee0","FUN_00124ee0","00124ef8","00124ee0","FUN_00124ee0",tail
"00124f38","FUN_00124f38","00124f68","00118f88","FUN_00118f88",direct
"00124fa0","FUN_00124fa0","00124fc8","00124fa0","FUN_00124fa0",tail
"00124fa0","FUN_00124fa0","00124fd8","00124fa0","FUN_00124fa0",tail
"00124fa0","FUN_00124fa0","00124fe8","00124fa0","FUN_00124fa0",tail
"00124fa0","FUN_00124fa0","00124ff0","00124fa0","FUN_00124fa0",tail
"00125020","FUN_00125020","00125044","00125020","FUN_00125020",tail
"00125020","FUN_00125020","0012505c","00125020","FUN_00125020",tail
"00125020","FUN_00125020","0012506c","00125020","FUN_00125020",tail
"00125020","FUN_00125020","00125078","00125020","FUN_00125020",tail
"00125020","FUN_00125020","00125084","00125020","FUN_00125020",tail
"00125020","FUN_00125020","00125090","00125020","FUN_00125020",tail
"00125020","FUN_00125020","001250ac","00125020","FUN_00125020",tail
"00125020","FUN_00125020","001250c0","00125020","FUN_00125020",tail
"001250d8","FUN_001250d8","0012513c","00124930","FUN_00124930",direct
"001250d8","FUN_001250d8","00125144","001250d8","FUN_001250d8",tail
"00125240","FUN_00125240","00125298","00125240","FUN_00125240",tail
"00125240","FUN_00125240","001252a0","00125240","FUN_00125240",tail
"001252b8","FUN_001252b8","001252cc","001252b8","FUN_001252b8",tail
"001252b8","FUN_001252b8","001252d8","001252b8","FUN_001252b8",tail
"001252b8","FUN_001252b8","001252f4","00125240","FUN_00125240",direct
"001252b8","FUN_001252b8","0012534c","001252b8","FUN_001252b8",tail
"00125360","FUN_00125360","00125374","00125360","FUN_00125360",tail
"00125360","FUN_00125360","00125380","00125360","FUN_00125360",tail
"00125360","FUN_00125360","0012539c","00125240","FUN_00125240",direct
"00125360","FUN_00125360","001253f8","00125360","FUN_00125360",tail
"00125408","FUN_00125408","0012541c","00125408","FUN_00125408",tail
"00125408","FUN_00125408","00125428","00125408","FUN_00125408",tail
"00125408","FUN_00125408","00125444","00125240","FUN_00125240",direct
"00125408","FUN_00125408","001254a0","00125408","FUN_00125408",tail
"001254f0","FUN_001254f0","00125538","001254f0","FUN_001254f0",tail
"001254f0","FUN_001254f0","00125554","001254f0","FUN_001254f0",tail
"001254f0","FUN_001254f0","00125584","001254f0","FUN_001254f0",tail
"001254f0","FUN_001254f0","00125598","001254f0","FUN_001254f0",tail
"001254f0","FUN_001254f0","001255a8","001254f0","FUN_001254f0",tail
"001254f0","FUN_001254f0","001255bc","0012c2f0","FUN_0012c2f0",direct
"001254f0","FUN_001254f0","001255cc","001254f0","FUN_001254f0",tail
"001254f0","FUN_001254f0","001255d4","00125740","FUN_00125740",direct
"001254f0","FUN_001254f0","0012560c","001254f0","FUN_001254f0",tail
"001254f0","FUN_001254f0","00125614","00129fb8","FUN_00129fb8",direct
"001254f0","FUN_001254f0","00125638","001254f0","FUN_001254f0",tail
"001254f0","FUN_001254f0","00125644","001254f0","FUN_001254f0",tail
"001254f0","FUN_001254f0","00125658","001254f0","FUN_001254f0",tail
"001254f0","FUN_001254f0","00125694","001254f0","FUN_001254f0",tail
"001254f0","FUN_001254f0","001256c8","001254f0","FUN_001254f0",tail
"001254f0","FUN_001254f0","001256d0","001254f0","FUN_001254f0",tail
"00125740","FUN_00125740","001257a4","00125740","FUN_00125740",tail
"00125740","FUN_00125740","001257b4","00125740","FUN_00125740",tail
"00125740","FUN_00125740","001257c4","00125740","FUN_00125740",tail
"00125740","FUN_00125740","001257d0","00125740","FUN_00125740",tail
"00125740","FUN_00125740","001257d8","00125740","FUN_00125740",tail
"00125740","FUN_00125740","00125810","00125740","FUN_00125740",tail
"00125740","FUN_00125740","00125818","00125740","FUN_00125740",tail
"00125740","FUN_00125740","00125854","00125e48","FUN_00125e48",direct
"00125740","FUN_00125740","00125894","00125e48","FUN_00125e48",direct
"00125740","FUN_00125740","0012589c","00125740","FUN_00125740",tail
"00125740","FUN_00125740","001258a4","00125740","FUN_00125740",tail
"00125740","FUN_00125740","001258c0","00127480","FUN_00127480",direct
"00125740","FUN_00125740","00125900","00125e48","FUN_00125e48",direct
"00125740","FUN_00125740","0012593c","00125e48","FUN_00125e48",direct
"00125740","FUN_00125740","0012597c","00125e48","FUN_00125e48",direct
"00125740","FUN_00125740","001259b4","00125740","FUN_00125740",tail
"00125740","FUN_00125740","001259c4","0012c2f0","FUN_0012c2f0",direct
"00125740","FUN_00125740","001259cc","00125740","FUN_00125740",tail
"00125740","FUN_00125740","00125a00","00125740","FUN_00125740",tail
"00125740","FUN_00125740","00125a0c","00125740","FUN_00125740",tail
"00125740","FUN_00125740","00125a24","00125740","FUN_00125740",tail
"00125740","FUN_00125740","00125a2c","00125740","FUN_00125740",tail
"00125740","FUN_00125740","00125a6c","00125740","FUN_00125740",tail
"00125740","FUN_00125740","00125a74","00125740","FUN_00125740",tail
"00125740","FUN_00125740","00125ac8","00125e48","FUN_00125e48",direct
"00125740","FUN_00125740","00125ad4","00125740","FUN_00125740",tail
"00125740","FUN_00125740","00125ae0","00125740","FUN_00125740",tail
"00125740","FUN_00125740","00125af0","00125740","FUN_00125740",tail
"00125740","FUN_00125740","00125b3c","00125740","FUN_00125740",tail
"00125740","FUN_00125740","00125b44","00125740","FUN_00125740",tail
"00125740","FUN_00125740","00125b68","00127480","FUN_00127480",direct
"00125740","FUN_00125740","00125bb0","00125e48","FUN_00125e48",direct
"00125740","FUN_00125740","00125c00","00125e48","FUN_00125e48",direct
"00125740","FUN_00125740","00125c08","00125740","FUN_00125740",tail
"00125740","FUN_00125740","00125c18","0012c2f0","FUN_0012c2f0",direct
"00125740","FUN_00125740","00125c2c","00125740","FUN_00125740",tail
"00125740","FUN_00125740","00125c38","00125740","FUN_00125740",tail
"00125740","FUN_00125740","00125c44","00125740","FUN_00125740",tail
"00125740","FUN_00125740","00125c7c","00125740","FUN_00125740",tail
"00125740","FUN_00125740","00125cbc","00125e48","FUN_00125e48",direct
"00125740","FUN_00125740","00125cfc","00125e48","FUN_00125e48",direct
"00125740","FUN_00125740","00125d04","00125740","FUN_00125740",tail
"00125740","FUN_00125740","00125d0c","00125740","FUN_00125740",tail
"00125740","FUN_00125740","00125d18","00125740","FUN_00125740",tail
"00125740","FUN_00125740","00125d54","00125e48","FUN_00125e48",direct
"00125740","FUN_00125740","00125d5c","00125740","FUN_00125740",tail
"00125740","FUN_00125740","00125d64","00125740","FUN_00125740",tail
"00125740","FUN_00125740","00125d70","00125740","FUN_00125740",tail
"00125740","FUN_00125740","00125dac","00125e48","FUN_00125e48",direct
"00125740","FUN_00125740","00125db8","00125740","FUN_00125740",tail
"00125740","FUN_00125740","00125df4","00125e48","FUN_00125e48",direct
"00125740","FUN_00125740","00125dfc","00125740","FUN_00125740",tail
"00125740","FUN_00125740","00125e0c","0012c2f0","FUN_0012c2f0",direct
"00125e48","FUN_00125e48","00125ee8","00125e48","FUN_00125e48",tail
"00125e48","FUN_00125e48","00125ef8","00125e48","FUN_00125e48",tail
"00125e48","FUN_00125e48","00125f58","00125e48","FUN_00125e48",tail
"00125e48","FUN_00125e48","00125f6c","00125e48","FUN_00125e48",tail
"00125e48","FUN_00125e48","00125f90","00125e48","FUN_00125e48",tail
"00125e48","FUN_00125e48","00125fa4","00125e48","FUN_00125e48",tail
"00125e48","FUN_00125e48","00125fc4","00125e48","FUN_00125e48",tail
"00125e48","FUN_00125e48","00126060","00125e48","FUN_00125e48",tail
"00125e48","FUN_00125e48","0012607c","00125e48","FUN_00125e48",tail
"00125e48","FUN_00125e48","001260d4","00125e48","FUN_00125e48",tail
"00125e48","FUN_00125e48","001260e8","00125e48","FUN_00125e48",tail
"00125e48","FUN_00125e48","0012610c","00125e48","FUN_00125e48",tail
"00125e48","FUN_00125e48","00126120","00125e48","FUN_00125e48",tail
"00125e48","FUN_00125e48","00126140","00125e48","FUN_00125e48",tail
"00126268","FUN_00126268","001262ac","00126268","FUN_00126268",tail
"00126268","FUN_00126268","001262c0","00126268","FUN_00126268",tail
"00126268","FUN_00126268","0012633c","00126268","FUN_00126268",tail
"00126268","FUN_00126268","00126344","00126268","FUN_00126268",tail
"00126268","FUN_00126268","00126354","00126268","FUN_00126268",tail
"00126268","FUN_00126268","00126380","00126268","FUN_00126268",tail
"00126268","FUN_00126268","0012638c","00126268","FUN_00126268",tail
"00126268","FUN_00126268","00126398","0012c328","FUN_0012c328",direct
"00126268","FUN_00126268","001263b8","00126268","FUN_00126268",tail
"00126268","FUN_00126268","001263f8","00126268","FUN_00126268",tail
"00126268","FUN_00126268","00126404","00126268","FUN_00126268",tail
"00126268","FUN_00126268","0012643c","00126268","FUN_00126268",tail
"00126268","FUN_00126268","0012647c","00126268","FUN_00126268",tail
"00126268","FUN_00126268","001271c4","00126268","FUN_00126268",tail
"00126268","FUN_00126268","00127210","00126268","FUN_00126268",tail
"00127260","FUN_00127260","00127288","00128450","FUN_00128450",direct
"00127260","FUN_00127260","0012729c","00127260","FUN_00127260",tail
"00127260","FUN_00127260","001272b0","00127260","FUN_00127260",tail
"00127260","FUN_00127260","001272e4","00127260","FUN_00127260",tail
"00127260","FUN_00127260","001272f4","00127260","FUN_00127260",tail
"00127260","FUN_00127260","00127300","0012bb38","FUN_0012bb38",direct
"00127260","FUN_00127260","0012730c","00127260","FUN_00127260",tail
"00127260","FUN_00127260","0012731c","00127260","FUN_00127260",tail
"00127260","FUN_00127260","00127340","00127260","FUN_00127260",tail
"00127260","FUN_00127260","0012734c","00127260","FUN_00127260",tail
"00127260","FUN_00127260","00127354","00127260","FUN_00127260",tail
"00127260","FUN_00127260","0012735c","00127260","FUN_00127260",tail
"00127260","FUN_00127260","0012737c","00127260","FUN_00127260",tail
"00127260","FUN_00127260","00127388","0012c328","FUN_0012c328",direct
"00127260","FUN_00127260","001273a0","0012bb38","FUN_0012bb38",direct
"00127260","FUN_00127260","001273c0","0012bb38","FUN_0012bb38",direct
"00127260","FUN_00127260","001273c8","0011d660","FUN_0011d660",direct
"00127260","FUN_00127260","00127410","00127260","FUN_00127260",tail
"00127260","FUN_00127260","00127418","0011d6a8","FUN_0011d6a8",direct
"00127460","FUN_00127460","00127468","001285a8","FUN_001285a8",direct
"00127480","FUN_00127480","00127488","00127480","FUN_00127480",tail
"00127480","FUN_00127480","00127494","00127480","FUN_00127480",tail
"00127480","FUN_00127480","0012749c","00127480","FUN_00127480",tail
"00127480","FUN_00127480","001274a8","00127480","FUN_00127480",tail
"00127480","FUN_00127480","001274bc","00127480","FUN_00127480",tail
"00127480","FUN_00127480","001274c8","00127480","FUN_00127480",tail
"00127480","FUN_00127480","001274e8","00127480","FUN_00127480",tail
"00127480","FUN_00127480","00127508","00127480","FUN_00127480",tail
"00127480","FUN_00127480","0012752c","00127480","FUN_00127480",tail
"00127480","FUN_00127480","0012754c","00127480","FUN_00127480",tail
"00127480","FUN_00127480","00127568","00127480","FUN_00127480",tail
"00127480","FUN_00127480","00127574","00127480","FUN_00127480",tail
"00127480","FUN_00127480","00127588","00127480","FUN_00127480",tail
"00127480","FUN_00127480","00127590","00127480","FUN_00127480",tail
"00127480","FUN_00127480","00127598","00127480","FUN_00127480",tail
"00127480","FUN_00127480","001275a0","00127480","FUN_00127480",tail
"00127480","FUN_00127480","001275ac","00127480","FUN_00127480",tail
"00127480","FUN_00127480","001275c0","00127480","FUN_00127480",tail
"00127480","FUN_00127480","001275cc","00127480","FUN_00127480",tail
"00127480","FUN_00127480","001275e8","00127480","FUN_00127480",tail
"00127608","FUN_00127608","00127650","001285a8","FUN_001285a8",direct
"00127608","FUN_00127608","0012765c","00127608","FUN_00127608",tail
"00127608","FUN_00127608","00127664","00127608","FUN_00127608",tail
"00127608","FUN_00127608","0012766c","00127608","FUN_00127608",tail
"00127608","FUN_00127608","00127674","00127608","FUN_00127608",tail
"00127608","FUN_00127608","0012767c","00127608","FUN_00127608",tail
"00127608","FUN_00127608","00127688","00127608","FUN_00127608",tail
"00127608","FUN_00127608","00127690","00128720","FUN_00128720",direct
"00127608","FUN_00127608","001276a0","00127608","FUN_00127608",tail
"00127608","FUN_00127608","001276a8","00127608","FUN_00127608",tail
"00127608","FUN_00127608","001276b4","00128828","FUN_00128828",direct
"00127608","FUN_00127608","001276bc","00127608","FUN_00127608",tail
"00127608","FUN_00127608","001276c8","0012c2f0","FUN_0012c2f0",direct
"00127608","FUN_00127608","001276d4","00127608","FUN_00127608",tail
"00127608","FUN_00127608","001276e0","00127608","FUN_00127608",tail
"00127718","FUN_00127718","0012776c","00127950","FUN_00127950",direct
"00127718","FUN_00127718","00127778","00127718","FUN_00127718",tail
"00127718","FUN_00127718","00127780","00127718","FUN_00127718",tail
"00127718","FUN_00127718","00127788","00128450","FUN_00128450",direct
"00127718","FUN_00127718","00127790","00127260","FUN_00127260",direct
"00127718","FUN_00127718","001277c4","00127718","FUN_00127718",tail
"00127718","FUN_00127718","001277cc","00127718","FUN_00127718",tail
"00127718","FUN_00127718","001277dc","00126268","FUN_00126268",direct
"00127718","FUN_00127718","001277e8","00127718","FUN_00127718",tail
"00127718","FUN_00127718","001277f4","0012c328","FUN_0012c328",direct
"00127820","FUN_00127820","00127850","00128a68","FUN_00128a68",direct
"00127820","FUN_00127820","0012785c","00128720","FUN_00128720",direct
"00127820","FUN_00127820","00127870","00127820","FUN_00127820",tail
"00127820","FUN_00127820","00127880","0012c2f0","FUN_0012c2f0",direct
"00127820","FUN_00127820","00127888","00127820","FUN_00127820",tail
"00127820","FUN_00127820","00127890","00128828","FUN_00128828",direct
"00127820","FUN_00127820","00127898","00128ae8","FUN_00128ae8",direct
"00127820","FUN_00127820","001278a4","00127608","FUN_00127608",direct
"00127820","FUN_00127820","001278b8","00127820","FUN_00127820",tail
"00127820","FUN_00127820","001278c4","0012c328","FUN_0012c328",direct
"00127820","FUN_00127820","001278cc","00127820","FUN_00127820",tail
"00127950","FUN_00127950","00127980","00127820","FUN_00127820",direct
"00127950","FUN_00127950","00127988","00127950","FUN_00127950",tail
"00127950","FUN_00127950","001279a0","00127950","FUN_00127950",tail
"00127950","FUN_00127950","001279a8","00127950","FUN_00127950",tail
"00127950","FUN_00127950","001279c0","00127260","FUN_00127260",direct
"00127950","FUN_00127950","001279c8","00127950","FUN_00127950",tail
"00127950","FUN_00127950","001279d0","00127950","FUN_00127950",tail
"00127950","FUN_00127950","001279d8","00127950","FUN_00127950",tail
"00127950","FUN_00127950","001279e4","00128720","FUN_00128720",direct
"00127950","FUN_00127950","001279ec","00127950","FUN_00127950",tail
"00127950","FUN_00127950","001279f8","00127950","FUN_00127950",tail
"00127950","FUN_00127950","00127a04","00127950","FUN_00127950",tail
"00127950","FUN_00127950","00127a0c","00127608","FUN_00127608",direct
"00127950","FUN_00127950","00127a18","00127950","FUN_00127950",tail
"00127950","FUN_00127950","00127a28","00127950","FUN_00127950",tail
"00127950","FUN_00127950","00127a38","0012c328","FUN_0012c328",direct
"00127950","FUN_00127950","00127a40","00127950","FUN_00127950",tail
"00127950","FUN_00127950","00127a4c","00127950","FUN_00127950",tail
"00127950","FUN_00127950","00127a70","00127c00","FUN_00127c00",direct
"00127950","FUN_00127950","00127a78","00127950","FUN_00127950",tail
"00127950","FUN_00127950","00127a84","00127950","FUN_00127950",tail
"00127950","FUN_00127950","00127a9c","00127b40","FUN_00127b40",direct
"00127950","FUN_00127950","00127aa4","00127950","FUN_00127950",tail
"00127950","FUN_00127950","00127ac8","001254f0","FUN_001254f0",direct
"00127950","FUN_00127950","00127ad0","00127950","FUN_00127950",tail
"00127950","FUN_00127950","00127adc","00127950","FUN_00127950",tail
"00127950","FUN_00127950","00127ae4","00127950","FUN_00127950",tail
"00127950","FUN_00127950","00127af4","00126268","FUN_00126268",direct
"00127950","FUN_00127950","00127b1c","00127950","FUN_00127950",tail
"00127b40","FUN_00127b40","00127b74","00127b40","FUN_00127b40",tail
"00127b40","FUN_00127b40","00127b94","00127b40","FUN_00127b40",tail
"00127b40","FUN_00127b40","00127b9c","00127b40","FUN_00127b40",tail
"00127b40","FUN_00127b40","00127bc0","00127b40","FUN_00127b40",tail
"00127b40","FUN_00127b40","00127bcc","0012c328","FUN_0012c328",direct
"00127c00","FUN_00127c00","00127c74","001285a8","FUN_001285a8",direct
"00127c00","FUN_00127c00","00127c80","00127c00","FUN_00127c00",tail
"00127c00","FUN_00127c00","00127c90","0012c328","FUN_0012c328",direct
"00127c00","FUN_00127c00","00127ca0","00127c00","FUN_00127c00",tail
"00127c00","FUN_00127c00","00127cac","00127c00","FUN_00127c00",tail
"00127c00","FUN_00127c00","00127cb8","00127c00","FUN_00127c00",tail
"00127c00","FUN_00127c00","00127cc4","00127c00","FUN_00127c00",tail
"00127c00","FUN_00127c00","00127ccc","00127c00","FUN_00127c00",tail
"00127c00","FUN_00127c00","00127cd4","00128918","FUN_00128918",direct
"00127c00","FUN_00127c00","00127cdc","00127c00","FUN_00127c00",tail
"00127c00","FUN_00127c00","00127ce8","00127c00","FUN_00127c00",tail
"00127c00","FUN_00127c00","00127cf4","00127c00","FUN_00127c00",tail
"00127c00","FUN_00127c00","00127d18","00127c00","FUN_00127c00",tail
"00127c00","FUN_00127c00","00127d34","00127c00","FUN_00127c00",tail
"00127c00","FUN_00127c00","00127d58","00127c00","FUN_00127c00",tail
"00127c00","FUN_00127c00","00127d6c","00127c00","FUN_00127c00",tail
"00127c00","FUN_00127c00","00127d78","00127c00","FUN_00127c00",tail
"00127c00","FUN_00127c00","00127d88","00127c00","FUN_00127c00",tail
"00127c00","FUN_00127c00","00127d90","00128918","FUN_00128918",direct
"00127c00","FUN_00127c00","00127d98","00127c00","FUN_00127c00",tail
"00127c00","FUN_00127c00","00127db4","00127c00","FUN_00127c00",tail
"00127c00","FUN_00127c00","00127dbc","00128918","FUN_00128918",direct
"00127c00","FUN_00127c00","00127dd0","00127c00","FUN_00127c00",tail
"00127c00","FUN_00127c00","00127ddc","00127c00","FUN_00127c00",tail
"00127c00","FUN_00127c00","00127de8","00127c00","FUN_00127c00",tail
"00127c00","FUN_00127c00","00127df4","00127c00","FUN_00127c00",tail
"00127c00","FUN_00127c00","00127e2c","00128130","FUN_00128130",direct
"00127c00","FUN_00127c00","00127e34","00127c00","FUN_00127c00",tail
"00127c00","FUN_00127c00","00127e58","001282d0","FUN_001282d0",direct
"00127c00","FUN_00127c00","00127e64","00127c00","FUN_00127c00",tail
"00127c00","FUN_00127c00","00127e74","00127c00","FUN_00127c00",tail
"00127c00","FUN_00127c00","00127e80","00127c00","FUN_00127c00",tail
"00127c00","FUN_00127c00","00127eb8","00128130","FUN_00128130",direct
"00127c00","FUN_00127c00","00127ec0","00127c00","FUN_00127c00",tail
"00127c00","FUN_00127c00","00127ee4","001282d0","FUN_001282d0",direct
"00127c00","FUN_00127c00","00127ef0","00127c00","FUN_00127c00",tail
"00127c00","FUN_00127c00","00127f00","00127c00","FUN_00127c00",tail
"00127c00","FUN_00127c00","00127f0c","00127c00","FUN_00127c00",tail
"00127c00","FUN_00127c00","00127f14","00128828","FUN_00128828",direct
"00127c00","FUN_00127c00","00127f24","00127c00","FUN_00127c00",tail
"00127c00","FUN_00127c00","00127f3c","0012a128","FUN_0012a128",direct
"00127c00","FUN_00127c00","00127f44","00128450","FUN_00128450",direct
"00127c00","FUN_00127c00","00127f88","00128420","FUN_00128420",direct
"00127c00","FUN_00127c00","00127f90","00127c00","FUN_00127c00",tail
"00127c00","FUN_00127c00","00127fb0","00127c00","FUN_00127c00",tail
"00127c00","FUN_00127c00","00127fb8","00127c00","FUN_00127c00",tail
"00127c00","FUN_00127c00","00127fc8","00127c00","FUN_00127c00",tail
"00127c00","FUN_00127c00","00127fe0","00127c00","FUN_00127c00",tail
"00127c00","FUN_00127c00","00127fec","00127c00","FUN_00127c00",tail
"00127c00","FUN_00127c00","0012801c","00127c00","FUN_00127c00",tail
"00127c00","FUN_00127c00","0012802c","00127c00","FUN_00127c00",tail
"00127c00","FUN_00127c00","0012804c","00127c00","FUN_00127c00",tail
"00127c00","FUN_00127c00","00128054","00127c00","FUN_00127c00",tail
"001280a8","FUN_001280a8","001280bc","001280a8","FUN_001280a8",tail
"001280a8","FUN_001280a8","001280dc","001280a8","FUN_001280a8",tail
"001280a8","FUN_001280a8","001280e8","001280a8","FUN_001280a8",tail
"001280a8","FUN_001280a8","001280f0","001280a8","FUN_001280a8",tail
"001280a8","FUN_001280a8","00128114","001280a8","FUN_001280a8",tail
"00128130","FUN_00128130","00128180","00128130","FUN_00128130",tail
"00128130","FUN_00128130","00128188","00128130","FUN_00128130",tail
"00128130","FUN_00128130","00128190","00128130","FUN_00128130",tail
"00128130","FUN_00128130","00128198","00128918","FUN_00128918",direct
"00128130","FUN_00128130","001281b0","00128130","FUN_00128130",tail
"00128130","FUN_00128130","001281bc","00128918","FUN_00128918",direct
"00128130","FUN_00128130","001281f4","001282d0","FUN_001282d0",direct
"00128130","FUN_00128130","00128200","00128918","FUN_00128918",direct
"00128130","FUN_00128130","00128258","001282d0","FUN_001282d0",direct
"00128130","FUN_00128130","00128284","001282d0","FUN_001282d0",direct
"001282d0","FUN_001282d0","0012831c","001285a8","FUN_001285a8",direct
"001282d0","FUN_001282d0","00128324","001282d0","FUN_001282d0",tail
"001282d0","FUN_001282d0","0012832c","001282d0","FUN_001282d0",tail
"001282d0","FUN_001282d0","00128334","00128918","FUN_00128918",direct
"001282d0","FUN_001282d0","0012833c","001282d0","FUN_001282d0",tail
"001282d0","FUN_001282d0","00128354","001280a8","FUN_001280a8",direct
"001282d0","FUN_001282d0","0012835c","001282d0","FUN_001282d0",tail
"001282d0","FUN_001282d0","00128364","00127460","FUN_00127460",direct
"001282d0","FUN_001282d0","00128374","001285a8","FUN_001285a8",direct
"001282d0","FUN_001282d0","0012837c","001282d0","FUN_001282d0",tail
"001282d0","FUN_001282d0","00128384","001282d0","FUN_001282d0",tail
"001282d0","FUN_001282d0","0012838c","00128918","FUN_00128918",direct
"001282d0","FUN_001282d0","00128394","001282d0","FUN_001282d0",tail
"001282d0","FUN_001282d0","001283a0","001282d0","FUN_001282d0",tail
"001282d0","FUN_001282d0","001283bc","001280a8","FUN_001280a8",direct
"001282d0","FUN_001282d0","001283c4","001282d0","FUN_001282d0",tail
"001282d0","FUN_001282d0","001283d8","001282d0","FUN_001282d0",tail
"001282d0","FUN_001282d0","001283e0","00127460","FUN_00127460",direct
"00128450","FUN_00128450","0012848c","00128450","FUN_00128450",tail
"00128450","FUN_00128450","001284b4","00128450","FUN_00128450",tail
"00128450","FUN_00128450","001284bc","0012bb88","FUN_0012bb88",direct
"00128450","FUN_00128450","001284d0","00128450","FUN_00128450",tail
"001284f8","FUN_001284f8","00128520","001284f8","FUN_001284f8",tail
"001284f8","FUN_001284f8","00128538","001284f8","FUN_001284f8",tail
"001284f8","FUN_001284f8","0012855c","001284f8","FUN_001284f8",tail
"001284f8","FUN_001284f8","00128564","0012bb88","FUN_0012bb88",direct
"001284f8","FUN_001284f8","00128574","001284f8","FUN_001284f8",tail
"001284f8","FUN_001284f8","00128584","001284f8","FUN_001284f8",tail
"001285a8","FUN_001285a8","001285e8","001285a8","FUN_001285a8",tail
"001285a8","FUN_001285a8","00128600","001285a8","FUN_001285a8",tail
"001285a8","FUN_001285a8","00128608","0012bb88","FUN_0012bb88",direct
"001285a8","FUN_001285a8","00128630","001285a8","FUN_001285a8",tail
"001285a8","FUN_001285a8","00128638","001285a8","FUN_001285a8",tail
"001285a8","FUN_001285a8","00128670","001285a8","FUN_001285a8",tail
"001285a8","FUN_001285a8","0012868c","001285a8","FUN_001285a8",tail
"001285a8","FUN_001285a8","00128698","0012bb88","FUN_0012bb88",direct
"001285a8","FUN_001285a8","001286a4","001285a8","FUN_001285a8",tail
"001285a8","FUN_001285a8","001286c8","001285a8","FUN_001285a8",tail
"001285a8","FUN_001285a8","001286d8","001285a8","FUN_001285a8",tail
"00128720","FUN_00128720","0012873c","00128720","FUN_00128720",tail
"00128720","FUN_00128720","0012874c","00128720","FUN_00128720",tail
"00128720","FUN_00128720","00128770","00128720","FUN_00128720",tail
"00128720","FUN_00128720","00128788","00128720","FUN_00128720",tail
"00128720","FUN_00128720","00128790","0012bb88","FUN_0012bb88",direct
"00128720","FUN_00128720","001287b8","00128720","FUN_00128720",tail
"00128720","FUN_00128720","001287c0","00128720","FUN_00128720",tail
"00128720","FUN_00128720","001287e8","001284f8","FUN_001284f8",direct
"00128828","FUN_00128828","00128864","00128828","FUN_00128828",tail
"00128828","FUN_00128828","00128878","00128828","FUN_00128828",tail
"00128828","FUN_00128828","00128880","0012bb88","FUN_0012bb88",direct
"00128828","FUN_00128828","001288a8","00128828","FUN_00128828",tail
"00128828","FUN_00128828","001288b0","00128828","FUN_00128828",tail
"00128828","FUN_00128828","001288e4","001284f8","FUN_001284f8",direct
"00128918","FUN_00128918","00128958","00128918","FUN_00128918",tail
"00128918","FUN_00128918","0012896c","00128918","FUN_00128918",tail
"00128918","FUN_00128918","00128974","0012bb88","FUN_0012bb88",direct
"00128918","FUN_00128918","0012899c","00128918","FUN_00128918",tail
"00128918","FUN_00128918","001289a4","00128918","FUN_00128918",tail
"00128918","FUN_00128918","001289b0","00128918","FUN_00128918",tail
"00128918","FUN_00128918","001289c0","00128918","FUN_00128918",tail
"00128918","FUN_00128918","001289e0","001284f8","FUN_001284f8",direct
"00128918","FUN_00128918","00128a34","001284f8","FUN_001284f8",direct
"00128a68","FUN_00128a68","00128a78","00128450","FUN_00128450",direct
"00128a68","FUN_00128a68","00128a98","00128a68","FUN_00128a68",tail
"00128a68","FUN_00128a68","00128aa0","00128828","FUN_00128828",direct
"00128a68","FUN_00128a68","00128aa8","00128a68","FUN_00128a68",tail
"00128a68","FUN_00128a68","00128ab0","00128828","FUN_00128828",direct
"00128a68","FUN_00128a68","00128abc","00128720","FUN_00128720",direct
"00128a68","FUN_00128a68","00128ac8","00128a68","FUN_00128a68",tail
"00128ae8","FUN_00128ae8","00128af8","00128918","FUN_00128918",direct
"00128ae8","FUN_00128ae8","00128b08","00128918","FUN_00128918",direct
"00128ae8","FUN_00128ae8","00128b10","00128ae8","FUN_00128ae8",tail
"00128ae8","FUN_00128ae8","00128b1c","00128918","FUN_00128918",direct
"00128ae8","FUN_00128ae8","00128b28","00128828","FUN_00128828",direct
"00128ae8","FUN_00128ae8","00128b30","00129040","FUN_00129040",direct
"00128b50","FUN_00128b50","00128b90","00128a68","FUN_00128a68",direct
"00128b50","FUN_00128b50","00128b9c","00128918","FUN_00128918",direct
"00128b50","FUN_00128b50","00128ba8","00128b50","FUN_00128b50",tail
"00128b50","FUN_00128b50","00128bb0","00128b50","FUN_00128b50",tail
"00128b50","FUN_00128b50","00128bb8","00128b50","FUN_00128b50",tail
"00128b50","FUN_00128b50","00128bc0","00128b50","FUN_00128b50",tail
"00128b50","FUN_00128b50","00128bc8","00128b50","FUN_00128b50",tail
"00128b50","FUN_00128b50","00128bd0","00128b50","FUN_00128b50",tail
"00128b50","FUN_00128b50","00128bd8","00128b50","FUN_00128b50",tail
"00128b50","FUN_00128b50","00128be0","0012c3a0","FUN_0012c3a0",direct
"00128b50","FUN_00128b50","00128be8","00128b50","FUN_00128b50",tail
"00128b50","FUN_00128b50","00128bf0","00129100","FUN_00129100",direct
"00128b50","FUN_00128b50","00128bf8","00128b50","FUN_00128b50",tail
"00128b50","FUN_00128b50","00128c00","00128c60","FUN_00128c60",direct
"00128b50","FUN_00128b50","00128c18","0012bb38","FUN_0012bb38",direct
"00128c60","FUN_00128c60","00128c74","00128918","FUN_00128918",direct
"00128c60","FUN_00128c60","00128c84","00128918","FUN_00128918",direct
"00128c60","FUN_00128c60","00128c94","00128918","FUN_00128918",direct
"00128c60","FUN_00128c60","00128ca8","00128c60","FUN_00128c60",tail
"00128c60","FUN_00128c60","00128cb0","00128918","FUN_00128918",direct
"00128c60","FUN_00128c60","00128cc0","00128918","FUN_00128918",direct
"00128c60","FUN_00128c60","00128cd4","00128c60","FUN_00128c60",tail
"00128c60","FUN_00128c60","00128cdc","00128918","FUN_00128918",direct
"00128c60","FUN_00128c60","00128cec","00128918","FUN_00128918",direct
"00128c60","FUN_00128c60","00128cf8","00129040","FUN_00129040",direct
"00128c60","FUN_00128c60","00128d00","00128d28","FUN_00128d28",direct
"00128c60","FUN_00128c60","00128d1c","00129088","FUN_00129088",direct
"00128d28","FUN_00128d28","00128dac","00128a68","FUN_00128a68",direct
"00128d28","FUN_00128d28","00128db4","00128d28","FUN_00128d28",tail
"00128d28","FUN_00128d28","00128dc0","00128d28","FUN_00128d28",tail
"00128d28","FUN_00128d28","00128dc8","00128828","FUN_00128828",direct
"00128d28","FUN_00128d28","00128dd4","00128918","FUN_00128918",direct
"00128d28","FUN_00128d28","00128df8","00128a68","FUN_00128a68",direct
"00128d28","FUN_00128d28","00128e00","00128d28","FUN_00128d28",tail
"00128d28","FUN_00128d28","00128e08","00128828","FUN_00128828",direct
"00128d28","FUN_00128d28","00128e10","00128a68","FUN_00128a68",direct
"00128d28","FUN_00128d28","00128e1c","00128720","FUN_00128720",direct
"00128d28","FUN_00128d28","00128e28","00128d28","FUN_00128d28",tail
"00128d28","FUN_00128d28","00128e30","00128d28","FUN_00128d28",tail
"00128e50","FUN_00128e50","00128e60","00128918","FUN_00128918",direct
"00128e50","FUN_00128e50","00128e70","00128918","FUN_00128918",direct
"00128e50","FUN_00128e50","00128e80","00128918","FUN_00128918",direct
"00128e50","FUN_00128e50","00128e90","00128918","FUN_00128918",direct
"00128e50","FUN_00128e50","00128ea0","00128918","FUN_00128918",direct
"00128e50","FUN_00128e50","00128ed0","00128918","FUN_00128918",direct
"00128e50","FUN_00128e50","00128ee0","00128e50","FUN_00128e50",tail
"00128e50","FUN_00128e50","00128ef0","00128918","FUN_00128918",direct
"00128e50","FUN_00128e50","00128f00","00128918","FUN_00128918",direct
"00128e50","FUN_00128e50","00128f10","00128918","FUN_00128918",direct
"00128e50","FUN_00128e50","00128f20","00128918","FUN_00128918",direct
"00128e50","FUN_00128e50","00128f50","00128918","FUN_00128918",direct
"00128e50","FUN_00128e50","00128f80","00128918","FUN_00128918",direct
"00128e50","FUN_00128e50","00128fb0","00128918","FUN_00128918",direct
"00128e50","FUN_00128e50","00128fc0","00128918","FUN_00128918",direct
"00128e50","FUN_00128e50","00128fcc","00128918","FUN_00128918",direct
"00128e50","FUN_00128e50","00128fdc","00128918","FUN_00128918",direct
"00128e50","FUN_00128e50","00128fe4","00128e50","FUN_00128e50",tail
"00128e50","FUN_00128e50","00128ff0","00128918","FUN_00128918",direct
"00128e50","FUN_00128e50","00128ffc","00128918","FUN_00128918",direct
"00128e50","FUN_00128e50","00129008","00128918","FUN_00128918",direct
"00128e50","FUN_00128e50","00129014","00128918","FUN_00128918",direct
"00128e50","FUN_00128e50","0012902c","00128918","FUN_00128918",direct
"00129040","FUN_00129040","0012904c","00129040","FUN_00129040",tail
"00129040","FUN_00129040","00129058","00128828","FUN_00128828",direct
"00129040","FUN_00129040","00129064","00128918","FUN_00128918",direct
"00129040","FUN_00129040","00129070","00129040","FUN_00129040",tail
"00129088","FUN_00129088","00129098","00129088","FUN_00129088",tail
"00129088","FUN_00129088","001290a0","00129088","FUN_00129088",tail
"00129088","FUN_00129088","001290a8","00129088","FUN_00129088",tail
"00129088","FUN_00129088","001290c8","00129088","FUN_00129088",tail
"00129088","FUN_00129088","001290d4","00129088","FUN_00129088",tail
"00129100","FUN_00129100","00129128","00128918","FUN_00128918",direct
"00129100","FUN_00129100","00129134","00128918","FUN_00128918",direct
"00129100","FUN_00129100","00129140","00128918","FUN_00128918",direct
"00129100","FUN_00129100","0012914c","00128918","FUN_00128918",direct
"00129100","FUN_00129100","00129158","00128918","FUN_00128918",direct
"00129100","FUN_00129100","00129164","00128918","FUN_00128918",direct
"00129100","FUN_00129100","00129170","00128918","FUN_00128918",direct
"00129100","FUN_00129100","00129180","00128918","FUN_00128918",direct
"00129100","FUN_00129100","00129198","00128d28","FUN_00128d28",direct
"001291a0","FUN_001291a0","001291b0","00128918","FUN_00128918",direct
"001291a0","FUN_001291a0","001291b8","001291a0","FUN_001291a0",tail
"001291a0","FUN_001291a0","001291c0","00128450","FUN_00128450",direct
"001291a0","FUN_001291a0","001291cc","00128420","FUN_00128420",direct
"001291a0","FUN_001291a0","001291d4","00128450","FUN_00128450",direct
"001291a0","FUN_001291a0","001291e0","00128918","FUN_00128918",direct
"001291a0","FUN_001291a0","001291e8","001291a0","FUN_001291a0",tail
"001291a0","FUN_001291a0","001291f0","00128450","FUN_00128450",direct
"001291a0","FUN_001291a0","001291fc","00128420","FUN_00128420",direct
"001291a0","FUN_001291a0","00129204","00128450","FUN_00128450",direct
"001291a0","FUN_001291a0","00129210","00128918","FUN_00128918",direct
"001291a0","FUN_001291a0","00129218","001291a0","FUN_001291a0",tail
"001291a0","FUN_001291a0","00129224","0012c328","FUN_0012c328",direct
"001291a0","FUN_001291a0","00129230","00128918","FUN_00128918",direct
"001291a0","FUN_001291a0","00129238","001291a0","FUN_001291a0",tail
"001291a0","FUN_001291a0","00129250","0012c328","FUN_0012c328",direct
"00129268","FUN_00129268","00129290","00129268","FUN_00129268",tail
"00129268","FUN_00129268","0012929c","00129268","FUN_00129268",tail
"00129268","FUN_00129268","001292ac","00129268","FUN_00129268",tail
"00129268","FUN_00129268","001292b8","00129268","FUN_00129268",tail
"00129268","FUN_00129268","001292c0","00129268","FUN_00129268",tail
"00129268","FUN_00129268","001292d0","00129268","FUN_00129268",tail
"00129268","FUN_00129268","001292e8","00128918","FUN_00128918",direct
"00129268","FUN_00129268","00129300","00128918","FUN_00128918",direct
"00129268","FUN_00129268","00129310","00128918","FUN_00128918",direct
"00129268","FUN_00129268","00129324","00128918","FUN_00128918",direct
"00129268","FUN_00129268","00129330","00129268","FUN_00129268",tail
"00129360","FUN_00129360","00129370","00128918","FUN_00128918",direct
"00129360","FUN_00129360","0012937c","00128918","FUN_00128918",direct
"00129360","FUN_00129360","00129388","00128918","FUN_00128918",direct
"00129360","FUN_00129360","00129394","00128918","FUN_00128918",direct
"00129360","FUN_00129360","001293a0","00128918","FUN_00128918",direct
"00129360","FUN_00129360","001293ac","00128918","FUN_00128918",direct
"00129360","FUN_00129360","001293b8","00128918","FUN_00128918",direct
"00129360","FUN_00129360","001293c4","00128918","FUN_00128918",direct
"00129360","FUN_00129360","001293d0","00128918","FUN_00128918",direct
"00129360","FUN_00129360","001293e8","00128918","FUN_00128918",direct
"001293f0","FUN_001293f0","0012940c","001293f0","FUN_001293f0",tail
"001293f0","FUN_001293f0","00129418","001293f0","FUN_001293f0",tail
"001293f0","FUN_001293f0","00129424","0012c328","FUN_0012c328",direct
"001293f0","FUN_001293f0","00129438","001293f0","FUN_001293f0",tail
"001293f0","FUN_001293f0","00129440","001293f0","FUN_001293f0",tail
"001293f0","FUN_001293f0","00129448","001293f0","FUN_001293f0",tail
"001293f0","FUN_001293f0","00129450","001293f0","FUN_001293f0",tail
"001293f0","FUN_001293f0","0012945c","001293f0","FUN_001293f0",tail
"001293f0","FUN_001293f0","00129464","001293f0","FUN_001293f0",tail
"001293f0","FUN_001293f0","0012946c","001293f0","FUN_001293f0",tail
"001293f0","FUN_001293f0","00129474","001293f0","FUN_001293f0",tail
"001293f0","FUN_001293f0","00129484","0012c328","FUN_0012c328",direct
"001293f0","FUN_001293f0","0012948c","00127718","FUN_00127718",direct
"001293f0","FUN_001293f0","00129498","001293f0","FUN_001293f0",tail
"001294c0","FUN_001294c0","001294d0","001294c0","FUN_001294c0",tail
"001294c0","FUN_001294c0","001294e0","001294c0","FUN_001294c0",tail
"001294c0","FUN_001294c0","001294e8","001294c0","FUN_001294c0",tail
"001294c0","FUN_001294c0","001294f8","00129cf0","FUN_00129cf0",direct
"001294c0","FUN_001294c0","00129500","001294c0","FUN_001294c0",tail
"001294c0","FUN_001294c0","00129508","001294c0","FUN_001294c0",tail
"001294c0","FUN_001294c0","00129514","001294c0","FUN_001294c0",tail
"001294c0","FUN_001294c0","00129524","00129e00","FUN_00129e00",direct
"001294c0","FUN_001294c0","00129534","001294c0","FUN_001294c0",tail
"00129550","FUN_00129550","00129574","00129550","FUN_00129550",tail
"00129550","FUN_00129550","001295a0","00129550","FUN_00129550",tail
"00129550","FUN_00129550","001295b8","00129550","FUN_00129550",tail
"00129550","FUN_00129550","001295c4","00129550","FUN_00129550",tail
"00129550","FUN_00129550","001295d0","00129550","FUN_00129550",tail
"00129550","FUN_00129550","001295fc","00129550","FUN_00129550",tail
"00129550","FUN_00129550","00129610","00129550","FUN_00129550",tail
"00129550","FUN_00129550","0012961c","00129550","FUN_00129550",tail
"00129550","FUN_00129550","00129624","00129550","FUN_00129550",tail
"00129550","FUN_00129550","00129638","00129550","FUN_00129550",tail
"00129550","FUN_00129550","00129648","00129550","FUN_00129550",tail
"00129550","FUN_00129550","00129654","00129550","FUN_00129550",tail
"00129550","FUN_00129550","00129668","00129550","FUN_00129550",tail
"00129550","FUN_00129550","00129680","00129550","FUN_00129550",tail
"00129550","FUN_00129550","00129688","00129550","FUN_00129550",tail
"00129550","FUN_00129550","001296d4","00129550","FUN_00129550",tail
"00129550","FUN_00129550","001296dc","00129550","FUN_00129550",tail
"00129550","FUN_00129550","001296e8","00129550","FUN_00129550",tail
"00129550","FUN_00129550","001296fc","00129550","FUN_00129550",tail
"00129550","FUN_00129550","00129704","00129550","FUN_00129550",tail
"00129550","FUN_00129550","00129710","00129550","FUN_00129550",tail
"00129550","FUN_00129550","00129720","00129550","FUN_00129550",tail
"00129550","FUN_00129550","00129730","00129550","FUN_00129550",tail
"00129550","FUN_00129550","00129740","00129550","FUN_00129550",tail
"00129550","FUN_00129550","00129748","00129550","FUN_00129550",tail
"00129550","FUN_00129550","00129750","00129550","FUN_00129550",tail
"00129550","FUN_00129550","00129758","00129550","FUN_00129550",tail
"00129550","FUN_00129550","00129764","00129550","FUN_00129550",tail
"00129550","FUN_00129550","0012976c","00129550","FUN_00129550",tail
"00129808","FUN_00129808","00129820","00129808","FUN_00129808",tail
"00129808","FUN_00129808","00129834","00129808","FUN_00129808",tail
"00129808","FUN_00129808","00129844","00129808","FUN_00129808",tail
"00129808","FUN_00129808","00129864","00129808","FUN_00129808",tail
"00129808","FUN_00129808","0012987c","00116248","FUN_00116248",direct
"00129808","FUN_00129808","00129888","0012c328","FUN_0012c328",direct
"001298a8","FUN_001298a8","00129900","001298a8","FUN_001298a8",tail
"001298a8","FUN_001298a8","0012990c","001298a8","FUN_001298a8",tail
"001298a8","FUN_001298a8","00129914","001298a8","FUN_001298a8",tail
"001298a8","FUN_001298a8","00129930","001298a8","FUN_001298a8",tail
"001298a8","FUN_001298a8","0012993c","001298a8","FUN_001298a8",tail
"001298a8","FUN_001298a8","0012994c","001298a8","FUN_001298a8",tail
"001298a8","FUN_001298a8","00129980","001298a8","FUN_001298a8",tail
"001298a8","FUN_001298a8","00129994","001298a8","FUN_001298a8",tail
"001298a8","FUN_001298a8","001299a0","0011d660","FUN_0011d660",direct
"001298a8","FUN_001298a8","001299dc","001298a8","FUN_001298a8",tail
"001298a8","FUN_001298a8","001299e4","0011d6a8","FUN_0011d6a8",direct
"001298a8","FUN_001298a8","00129a14","001298a8","FUN_001298a8",tail
"001298a8","FUN_001298a8","00129a1c","0011d660","FUN_0011d660",direct
"001298a8","FUN_001298a8","00129a58","001298a8","FUN_001298a8",tail
"001298a8","FUN_001298a8","00129a60","0011d6a8","FUN_0011d6a8",direct
"001298a8","FUN_001298a8","00129a8c","001298a8","FUN_001298a8",tail
"001298a8","FUN_001298a8","00129ab4","001298a8","FUN_001298a8",tail
"001298a8","FUN_001298a8","00129ac4","001298a8","FUN_001298a8",tail
"001298a8","FUN_001298a8","00129acc","001298a8","FUN_001298a8",tail
"001298a8","FUN_001298a8","00129b00","001298a8","FUN_001298a8",tail
"00129b60","FUN_00129b60","00129ba0","00129b60","FUN_00129b60",tail
"00129b60","FUN_00129b60","00129bac","00129b60","FUN_00129b60",tail
"00129b60","FUN_00129b60","00129bb8","00129b60","FUN_00129b60",tail
"00129b60","FUN_00129b60","00129bd8","0011ebc8","FUN_0011ebc8",direct
"00129b60","FUN_00129b60","00129be8","0011ebc8","FUN_0011ebc8",direct
"00129b60","FUN_00129b60","00129bfc","0011ebc8","FUN_0011ebc8",direct
"00129b60","FUN_00129b60","00129c20","0011ebc8","FUN_0011ebc8",direct
"00129b60","FUN_00129b60","00129c28","00129b60","FUN_00129b60",tail
"00129b60","FUN_00129b60","00129c30","00129b60","FUN_00129b60",tail
"00129b60","FUN_00129b60","00129c48","00129b60","FUN_00129b60",tail
"00129b60","FUN_00129b60","00129c54","00129b60","FUN_00129b60",tail
"00129cf0","FUN_00129cf0","00129b40","00129cf0","FUN_00129cf0",tail
"00129cf0","FUN_00129cf0","00129d14","00129b60","FUN_00129b60",direct
"00129cf0","FUN_00129cf0","00129d94","00129808","FUN_00129808",direct
"00129cf0","FUN_00129cf0","00129d9c","00129cf0","FUN_00129cf0",tail
"00129cf0","FUN_00129cf0","00129da8","00129cf0","FUN_00129cf0",tail
"00129cf0","FUN_00129cf0","00129db4","00129cf0","FUN_00129cf0",tail
"00129cf0","FUN_00129cf0","00129dbc","0012a6a8","FUN_0012a6a8",direct
"00129cf0","FUN_00129cf0","00129dc4","00129cf0","FUN_00129cf0",tail
"00129cf0","FUN_00129cf0","00129dcc","001298a8","FUN_001298a8",direct
"00129cf0","FUN_00129cf0","00129de4","00129cf0","FUN_00129cf0",tail
"00129e00","FUN_00129e00","00129e38","00129e00","FUN_00129e00",tail
"00129e00","FUN_00129e00","00129e48","00129e00","FUN_00129e00",tail
"00129e00","FUN_00129e00","00129e70","00129b60","FUN_00129b60",direct
"00129e00","FUN_00129e00","00129e98","00129b60","FUN_00129b60",direct
"00129e00","FUN_00129e00","00129f00","00129808","FUN_00129808",direct
"00129e00","FUN_00129e00","00129f08","00129e00","FUN_00129e00",tail
"00129e00","FUN_00129e00","00129f14","00129e00","FUN_00129e00",tail
"00129e00","FUN_00129e00","00129f20","00129e00","FUN_00129e00",tail
"00129e00","FUN_00129e00","00129f38","00129e00","FUN_00129e00",tail
"00129e00","FUN_00129e00","00129f40","0012a6a8","FUN_0012a6a8",direct
"00129e00","FUN_00129e00","00129f48","00129e00","FUN_00129e00",tail
"00129e00","FUN_00129e00","00129f50","001298a8","FUN_001298a8",direct
"00129e00","FUN_00129e00","00129f88","00129cf0","FUN_00129cf0",tail
"00129fb8","FUN_00129fb8","0012a000","00129fb8","FUN_00129fb8",tail
"00129fb8","FUN_00129fb8","0012a088","00129fb8","FUN_00129fb8",tail
"00129fb8","FUN_00129fb8","0012a090","00129fb8","FUN_00129fb8",tail
"00129fb8","FUN_00129fb8","0012a09c","0011d660","FUN_0011d660",direct
"00129fb8","FUN_00129fb8","0012a0f4","00129fb8","FUN_00129fb8",tail
"00129fb8","FUN_00129fb8","0012a108","0011d6a8","FUN_0011d6a8",direct
"0012a128","FUN_0012a128","0012a13c","0011d660","FUN_0011d660",direct
"0012a128","FUN_0012a128","0012a184","0012a128","FUN_0012a128",tail
"0012a128","FUN_0012a128","0012a194","0011d6a8","FUN_0011d6a8",direct
"0012a1b0","FUN_0012a1b0","0012a1f4","0012a1b0","FUN_0012a1b0",tail
"0012a1b0","FUN_0012a1b0","0012a1fc","0011d660","FUN_0011d660",direct
"0012a1b0","FUN_0012a1b0","0012a238","0012a1b0","FUN_0012a1b0",tail
"0012a1b0","FUN_0012a1b0","0012a240","0011d6a8","FUN_0011d6a8",direct
"0012a1b0","FUN_0012a1b0","0012a250","00128420","FUN_00128420",direct
"0012a1b0","FUN_0012a1b0","0012a264","0012bb38","FUN_0012bb38",direct
"0012a1b0","FUN_0012a1b0","0012a28c","0012a1b0","FUN_0012a1b0",tail
"0012a1b0","FUN_0012a1b0","0012a2b4","0012a1b0","FUN_0012a1b0",tail
"0012a418","FUN_0012a418","0012a450","0012a418","FUN_0012a418",tail
"0012a418","FUN_0012a418","0012a49c","0012a418","FUN_0012a418",tail
"0012a418","FUN_0012a418","0012a4b0","001187c0","AddDmacHandler",direct
"0012a418","FUN_0012a418","0012a4cc","00119160","FUN_00119160",direct
"0012a418","FUN_0012a418","0012a4d4","0011d660","FUN_0011d660",direct
"0012a418","FUN_0012a418","0012a514","0012a418","FUN_0012a418",tail
"0012a418","FUN_0012a418","0012a51c","0011d6a8","FUN_0011d6a8",direct
"0012a418","FUN_0012a418","0012a544","0012bb38","FUN_0012bb38",direct
"0012a418","FUN_0012a418","0012a56c","0012a418","FUN_0012a418",tail
"0012a418","FUN_0012a418","0012a574","0012a418","FUN_0012a418",tail
"0012a418","FUN_0012a418","0012a580","0012c328","FUN_0012c328",direct
"0012a418","FUN_0012a418","0012a5a4","0012a418","FUN_0012a418",tail
"0012a418","FUN_0012a418","0012a5ac","001190f8","FUN_001190f8",direct
"0012a418","FUN_0012a418","0012a5b8","001187d0","RemoveDmacHandler",direct
"0012a6a8","FUN_0012a6a8","0012a6e8","0012bb38","FUN_0012bb38",direct
"0012a6a8","FUN_0012a6a8","0012a700","0012a6a8","FUN_0012a6a8",tail
"0012a6a8","FUN_0012a6a8","0012a734","0012a6a8","FUN_0012a6a8",tail
"0012a6a8","FUN_0012a6a8","0012a740","00128420","FUN_00128420",direct
"0012a6a8","FUN_0012a6a8","0012a76c","0012a6a8","FUN_0012a6a8",tail
"0012a6a8","FUN_0012a6a8","0012a794","0012a6a8","FUN_0012a6a8",tail
"0012a6a8","FUN_0012a6a8","0012a7ac","001187c0","AddDmacHandler",direct
"0012a6a8","FUN_0012a6a8","0012a7c8","00119160","FUN_00119160",direct
"0012a6a8","FUN_0012a6a8","0012a7d0","0011d660","FUN_0011d660",direct
"0012a6a8","FUN_0012a6a8","0012a804","0012a6a8","FUN_0012a6a8",tail
"0012a6a8","FUN_0012a6a8","0012a80c","0011d6a8","FUN_0011d6a8",direct
"0012a6a8","FUN_0012a6a8","0012a834","0012a6a8","FUN_0012a6a8",tail
"0012a6a8","FUN_0012a6a8","0012a844","0012a1b0","FUN_0012a1b0",direct
"0012a6a8","FUN_0012a6a8","0012a84c","0012a6a8","FUN_0012a6a8",tail
"0012a6a8","FUN_0012a6a8","0012a85c","0012a418","FUN_0012a418",direct
"0012a6a8","FUN_0012a6a8","0012a864","001190f8","FUN_001190f8",direct
"0012a6a8","FUN_0012a6a8","0012a870","001187d0","RemoveDmacHandler",direct
"0012a6a8","FUN_0012a6a8","0012a878","0012a6a8","FUN_0012a6a8",tail
"0012a6a8","FUN_0012a6a8","0012a880","0011d660","FUN_0011d660",direct
"0012a6a8","FUN_0012a6a8","0012a8b8","0012a6a8","FUN_0012a6a8",tail
"0012a6a8","FUN_0012a6a8","0012a8c0","0011d6a8","FUN_0011d6a8",direct
"0012a6a8","FUN_0012a6a8","0012a8c8","0012a6a8","FUN_0012a6a8",tail
"0012a6a8","FUN_0012a6a8","0012a8d8","0012a1b0","FUN_0012a1b0",direct
"0012a6a8","FUN_0012a6a8","0012a8e0","0012a6a8","FUN_0012a6a8",tail
"0012a6a8","FUN_0012a6a8","0012a8f0","0012a418","FUN_0012a418",direct
"0012a6a8","FUN_0012a6a8","0012a904","0012bb38","FUN_0012bb38",direct
"0012a930","FUN_0012a930","0012a95c","0012a988","FUN_0012a988",direct
"0012a988","FUN_0012a988","0012a9a4","0012a988","FUN_0012a988",tail
"0012a988","FUN_0012a988","0012a9e4","0012a988","FUN_0012a988",tail
"0012a988","FUN_0012a988","0012a9fc","0012a988","FUN_0012a988",tail
"0012a988","FUN_0012a988","0012aa04","0012a988","FUN_0012a988",tail
"0012aa20","FUN_0012aa20","0012aa38","0012a968","FUN_0012a968",direct
"0012aa20","FUN_0012aa20","0012aa48","0012a988","FUN_0012a988",direct
"0012aa70","FUN_0012aa70","0012aa84","0012a968","FUN_0012a968",direct
"0012aa70","FUN_0012aa70","0012aa94","0012a988","FUN_0012a988",direct
"0012aab8","FUN_0012aab8","0012aaec","0012aab8","FUN_0012aab8",tail
"0012aab8","FUN_0012aab8","0012ab04","0012a988","FUN_0012a988",direct
"0012ab10","FUN_0012ab10","0012ab24","0012ab10","FUN_0012ab10",tail
"0012ab40","FUN_0012ab40","0012ab50","0012ab40","FUN_0012ab40",tail
"0012ab40","FUN_0012ab40","0012ab74","0012ab40","FUN_0012ab40",tail
"0012ab40","FUN_0012ab40","0012ab7c","0012ab40","FUN_0012ab40",tail
"0012ab40","FUN_0012ab40","0012ab8c","0012ab40","FUN_0012ab40",tail
"0012ab40","FUN_0012ab40","0012ab94","0012ab40","FUN_0012ab40",tail
"0012ab40","FUN_0012ab40","0012ab9c","0012ab40","FUN_0012ab40",tail
"0012abd0","FUN_0012abd0","0012ac28","0012a930","FUN_0012a930",direct
"0012abd0","FUN_0012abd0","0012ac40","0012abd0","FUN_0012abd0",tail
"0012abd0","FUN_0012abd0","0012ac68","0012abd0","FUN_0012abd0",tail
"0012abd0","FUN_0012abd0","0012ac84","0012abd0","FUN_0012abd0",tail
"0012abd0","FUN_0012abd0","0012ac90","0012abd0","FUN_0012abd0",tail
"0012abd0","FUN_0012abd0","0012ac98","0012abd0","FUN_0012abd0",tail
"0012abd0","FUN_0012abd0","0012acac","0012a968","FUN_0012a968",direct
"0012abd0","FUN_0012abd0","0012acb8","0012abd0","FUN_0012abd0",tail
"0012abd0","FUN_0012abd0","0012acc4","0012afc0","FUN_0012afc0",direct
"0012abd0","FUN_0012abd0","0012accc","0012abd0","FUN_0012abd0",tail
"0012abd0","FUN_0012abd0","0012acdc","0012ab10","FUN_0012ab10",direct
"0012abd0","FUN_0012abd0","0012acec","0012ab10","FUN_0012ab10",direct
"0012abd0","FUN_0012abd0","0012ad28","0012abd0","FUN_0012abd0",tail
"0012abd0","FUN_0012abd0","0012ad34","0012b180","FUN_0012b180",direct
"0012abd0","FUN_0012abd0","0012ad44","0012abd0","FUN_0012abd0",tail
"0012abd0","FUN_0012abd0","0012ad54","0012abd0","FUN_0012abd0",tail
"0012abd0","FUN_0012abd0","0012ad80","0012abd0","FUN_0012abd0",tail
"0012abd0","FUN_0012abd0","0012ad90","0012abd0","FUN_0012abd0",tail
"0012abd0","FUN_0012abd0","0012ad98","0012abd0","FUN_0012abd0",tail
"0012abd0","FUN_0012abd0","0012ada0","0012abd0","FUN_0012abd0",tail
"0012abd0","FUN_0012abd0","0012adac","0012ab10","FUN_0012ab10",direct
"0012abd0","FUN_0012abd0","0012adbc","0012ab10","FUN_0012ab10",direct
"0012abd0","FUN_0012abd0","0012adf8","0012abd0","FUN_0012abd0",tail
"0012abd0","FUN_0012abd0","0012ae14","0012a968","FUN_0012a968",direct
"0012abd0","FUN_0012abd0","0012ae20","0012abd0","FUN_0012abd0",tail
"0012abd0","FUN_0012abd0","0012ae28","0012a968","FUN_0012a968",direct
"0012abd0","FUN_0012abd0","0012ae34","0012abd0","FUN_0012abd0",tail
"0012abd0","FUN_0012abd0","0012ae3c","0012a968","FUN_0012a968",direct
"0012abd0","FUN_0012abd0","0012ae48","0012abd0","FUN_0012abd0",tail
"0012abd0","FUN_0012abd0","0012ae58","0012abd0","FUN_0012abd0",tail
"0012abd0","FUN_0012abd0","0012ae60","0012abd0","FUN_0012abd0",tail
"0012abd0","FUN_0012abd0","0012ae68","0012abd0","FUN_0012abd0",tail
"0012abd0","FUN_0012abd0","0012ae78","0012abd0","FUN_0012abd0",tail
"0012abd0","FUN_0012abd0","0012ae80","0012a968","FUN_0012a968",direct
"0012abd0","FUN_0012abd0","0012ae8c","0012abd0","FUN_0012abd0",tail
"0012aec8","FUN_0012aec8","0012af04","0012ab40","FUN_0012ab40",direct
"0012aec8","FUN_0012aec8","0012af14","0012aec8","FUN_0012aec8",tail
"0012aec8","FUN_0012aec8","0012af20","0012aec8","FUN_0012aec8",tail
"0012aec8","FUN_0012aec8","0012af28","0012aec8","FUN_0012aec8",tail
"0012aec8","FUN_0012aec8","0012af34","0012aec8","FUN_0012aec8",tail
"0012aec8","FUN_0012aec8","0012af48","0012aec8","FUN_0012aec8",tail
"0012aec8","FUN_0012aec8","0012af58","0012aec8","FUN_0012aec8",tail
"0012afc0","FUN_0012afc0","0012aff0","0012aa20","FUN_0012aa20",direct
"0012afc0","FUN_0012afc0","0012affc","0012aa20","FUN_0012aa20",direct
"0012afc0","FUN_0012afc0","0012b008","0012aa70","FUN_0012aa70",direct
"0012afc0","FUN_0012afc0","0012b014","0012aa20","FUN_0012aa20",direct
"0012afc0","FUN_0012afc0","0012b020","0012aa70","FUN_0012aa70",direct
"0012afc0","FUN_0012afc0","0012b02c","0012aa20","FUN_0012aa20",direct
"0012afc0","FUN_0012afc0","0012b038","0012aa70","FUN_0012aa70",direct
"0012afc0","FUN_0012afc0","0012b044","0012aa20","FUN_0012aa20",direct
"0012afc0","FUN_0012afc0","0012b054","0012aa20","FUN_0012aa20",direct
"0012afc0","FUN_0012afc0","0012b060","0012aa20","FUN_0012aa20",direct
"0012afc0","FUN_0012afc0","0012b088","0012afc0","FUN_0012afc0",tail
"0012afc0","FUN_0012afc0","0012b098","0012aa20","FUN_0012aa20",direct
"0012afc0","FUN_0012afc0","0012b0a8","0012afc0","FUN_0012afc0",tail
"0012afc0","FUN_0012afc0","0012b0b4","0012a968","FUN_0012a968",direct
"0012afc0","FUN_0012afc0","0012b0c0","0012afc0","FUN_0012afc0",tail
"0012afc0","FUN_0012afc0","0012b0d4","0012b110","FUN_0012b110",direct
"0012afc0","FUN_0012afc0","0012b0dc","0012afc0","FUN_0012afc0",tail
"0012b110","FUN_0012b110","0012b124","0012aa20","FUN_0012aa20",direct
"0012b110","FUN_0012b110","0012b134","0012aa20","FUN_0012aa20",direct
"0012b110","FUN_0012b110","0012b13c","0012b110","FUN_0012b110",tail
"0012b110","FUN_0012b110","0012b14c","0012aa20","FUN_0012aa20",direct
"0012b110","FUN_0012b110","0012b158","0012a968","FUN_0012a968",direct
"0012b110","FUN_0012b110","0012b160","0012b110","FUN_0012b110",tail
"0012b180","FUN_0012b180","0012b1ec","0012aa20","FUN_0012aa20",direct
"0012b180","FUN_0012b180","0012b1f8","0012aa20","FUN_0012aa20",direct
"0012b180","FUN_0012b180","0012b20c","0012aa20","FUN_0012aa20",direct
"0012b180","FUN_0012b180","0012b230","0012b180","FUN_0012b180",tail
"0012b180","FUN_0012b180","0012b240","0012b180","FUN_0012b180",tail
"0012b180","FUN_0012b180","0012b250","0012b180","FUN_0012b180",tail
"0012b180","FUN_0012b180","0012b260","0012b180","FUN_0012b180",tail
"0012b180","FUN_0012b180","0012b270","0012b180","FUN_0012b180",tail
"0012b180","FUN_0012b180","0012b280","0012b180","FUN_0012b180",tail
"0012b180","FUN_0012b180","0012b290","0012b180","FUN_0012b180",tail
"0012b180","FUN_0012b180","0012b2a0","0012b180","FUN_0012b180",tail
"0012b180","FUN_0012b180","0012b2ac","0012aa20","FUN_0012aa20",direct
"0012b180","FUN_0012b180","0012b2b8","0012aa20","FUN_0012aa20",direct
"0012b180","FUN_0012b180","0012b2c8","0012aa20","FUN_0012aa20",direct
"0012b180","FUN_0012b180","0012b2d4","0012aa20","FUN_0012aa20",direct
"0012b180","FUN_0012b180","0012b2e4","0012aa20","FUN_0012aa20",direct
"0012b180","FUN_0012b180","0012b2f4","0012aa20","FUN_0012aa20",direct
"0012b180","FUN_0012b180","0012b304","0012aa20","FUN_0012aa20",direct
"0012b180","FUN_0012b180","0012b314","0012aa20","FUN_0012aa20",direct
"0012b180","FUN_0012b180","0012b330","0012b180","FUN_0012b180",tail
"0012b180","FUN_0012b180","0012b33c","0012aa20","FUN_0012aa20",direct
"0012b180","FUN_0012b180","0012b348","0012aa20","FUN_0012aa20",direct
"0012b180","FUN_0012b180","0012b354","0012aa70","FUN_0012aa70",direct
"0012b180","FUN_0012b180","0012b360","0012aa20","FUN_0012aa20",direct
"0012b180","FUN_0012b180","0012b36c","0012aa70","FUN_0012aa70",direct
"0012b180","FUN_0012b180","0012b378","0012aa20","FUN_0012aa20",direct
"0012b180","FUN_0012b180","0012b384","0012aa70","FUN_0012aa70",direct
"0012b180","FUN_0012b180","0012b3bc","0012b180","FUN_0012b180",tail
"0012b180","FUN_0012b180","0012b3c8","0012aa20","FUN_0012aa20",direct
"0012b180","FUN_0012b180","0012b3d4","0012aa20","FUN_0012aa20",direct
"0012b180","FUN_0012b180","0012b3e0","0012aa70","FUN_0012aa70",direct
"0012b180","FUN_0012b180","0012b3ec","0012aa20","FUN_0012aa20",direct
"0012b180","FUN_0012b180","0012b3f8","0012aa70","FUN_0012aa70",direct
"0012b180","FUN_0012b180","0012b404","0012aa20","FUN_0012aa20",direct
"0012b180","FUN_0012b180","0012b410","0012aa70","FUN_0012aa70",direct
"0012b180","FUN_0012b180","0012b44c","0012b180","FUN_0012b180",tail
"0012b180","FUN_0012b180","0012b454","0012aa20","FUN_0012aa20",direct
"0012b180","FUN_0012b180","0012b45c","0012b180","FUN_0012b180",tail
"0012b180","FUN_0012b180","0012b468","0012aa20","FUN_0012aa20",direct
"0012b180","FUN_0012b180","0012b470","0012b180","FUN_0012b180",tail
"0012b180","FUN_0012b180","0012b47c","0012aa20","FUN_0012aa20",direct
"0012b180","FUN_0012b180","0012b48c","0012aa20","FUN_0012aa20",direct
"0012b180","FUN_0012b180","0012b49c","0012aa20","FUN_0012aa20",direct
"0012b180","FUN_0012b180","0012b4ac","0012aa20","FUN_0012aa20",direct
"0012b180","FUN_0012b180","0012b4bc","0012aa20","FUN_0012aa20",direct
"0012b180","FUN_0012b180","0012b4c8","0012aa20","FUN_0012aa20",direct
"0012b180","FUN_0012b180","0012b4d0","0012b180","FUN_0012b180",tail
"0012b180","FUN_0012b180","0012b4dc","0012aa20","FUN_0012aa20",direct
"0012b180","FUN_0012b180","0012b4e8","0012aa20","FUN_0012aa20",direct
"0012b180","FUN_0012b180","0012b4f4","0012aa20","FUN_0012aa20",direct
"0012b180","FUN_0012b180","0012b4fc","0012b180","FUN_0012b180",tail
"0012b180","FUN_0012b180","0012b508","0012c328","FUN_0012c328",direct
"0012b180","FUN_0012b180","0012b510","0012b180","FUN_0012b180",tail
"0012b180","FUN_0012b180","0012b518","0012b180","FUN_0012b180",tail
"0012b180","FUN_0012b180","0012b520","0012aa20","FUN_0012aa20",direct
"0012b180","FUN_0012b180","0012b528","0012b180","FUN_0012b180",tail
"0012b180","FUN_0012b180","0012b530","0012aa20","FUN_0012aa20",direct
"0012b180","FUN_0012b180","0012b538","0012b180","FUN_0012b180",tail
"0012b180","FUN_0012b180","0012b544","0012aa70","FUN_0012aa70",direct
"0012b180","FUN_0012b180","0012b550","0012aa20","FUN_0012aa20",direct
"0012b180","FUN_0012b180","0012b55c","0012b180","FUN_0012b180",tail
"0012b180","FUN_0012b180","0012b568","0012aa20","FUN_0012aa20",direct
"0012b180","FUN_0012b180","0012b578","0012b180","FUN_0012b180",tail
"0012b180","FUN_0012b180","0012b580","0012b180","FUN_0012b180",tail
"0012b180","FUN_0012b180","0012b5a0","0012b180","FUN_0012b180",tail
"0012b180","FUN_0012b180","0012b5a8","0012aab8","FUN_0012aab8",direct
"0012b180","FUN_0012b180","0012b5d4","0012b180","FUN_0012b180",tail
"0012b180","FUN_0012b180","0012b5e0","0012aa20","FUN_0012aa20",direct
"0012b180","FUN_0012b180","0012b600","0012b180","FUN_0012b180",tail
"0012b180","FUN_0012b180","0012b608","0012aab8","FUN_0012aab8",direct
"0012b180","FUN_0012b180","0012b610","0012b180","FUN_0012b180",tail
"0012b180","FUN_0012b180","0012b620","0012b180","FUN_0012b180",tail
"0012b180","FUN_0012b180","0012b630","0012b180","FUN_0012b180",tail
"0012b180","FUN_0012b180","0012b640","0012b180","FUN_0012b180",tail
"0012b180","FUN_0012b180","0012b650","0012b180","FUN_0012b180",tail
"0012b180","FUN_0012b180","0012b660","0012b180","FUN_0012b180",tail
"0012b180","FUN_0012b180","0012b670","0012b180","FUN_0012b180",tail
"0012b180","FUN_0012b180","0012b680","0012b180","FUN_0012b180",tail
"0012b180","FUN_0012b180","0012b690","0012b180","FUN_0012b180",tail
"0012b180","FUN_0012b180","0012b69c","0012aa20","FUN_0012aa20",direct
"0012b180","FUN_0012b180","0012b6bc","0012b180","FUN_0012b180",tail
"0012b180","FUN_0012b180","0012b6c8","0012aab8","FUN_0012aab8",direct
"0012b180","FUN_0012b180","0012b6d0","0012b180","FUN_0012b180",tail
"0012b180","FUN_0012b180","0012b6e0","0012b180","FUN_0012b180",tail
"0012b180","FUN_0012b180","0012b6ec","0012b180","FUN_0012b180",tail
"0012b180","FUN_0012b180","0012b6f4","0012aab8","FUN_0012aab8",direct
"0012b730","FUN_0012b730","0012b738","0011d660","FUN_0011d660",direct
"0012b730","FUN_0012b730","0012b7a4","0012b730","FUN_0012b730",tail
"0012b730","FUN_0012b730","0012b7ac","0011d6a8","FUN_0011d6a8",direct
"0012b730","FUN_0012b730","0012b7d0","0012cf28","FUN_0012cf28",direct
"0012b7d8","FUN_0012b7d8","0012b800","001153fc","FUN_001153fc",direct
"0012b7d8","FUN_0012b7d8","0012b820","0012b7d8","FUN_0012b7d8",tail
"0012b7d8","FUN_0012b7d8","0012b82c","0012c328","FUN_0012c328",direct
"0012b7d8","FUN_0012b7d8","0012b834","0012b7d8","FUN_0012b7d8",tail
"0012b7d8","FUN_0012b7d8","0012b850","0012bbe8","FUN_0012bbe8",direct
"0012b7d8","FUN_0012b7d8","0012b8f8","0012bc20","FUN_0012bc20",direct
"0012b7d8","FUN_0012b7d8","0012b944","0012c1b8","FUN_0012c1b8",direct
"0012b7d8","FUN_0012b7d8","0012b94c","0012ba68","FUN_0012ba68",direct
"0012b7d8","FUN_0012b7d8","0012b954","0012bab8","FUN_0012bab8",direct
"0012b7d8","FUN_0012b7d8","0012b9a4","0012bc00","FUN_0012bc00",direct
"0012b9f0","FUN_0012b9f0","0012ba24","0012bc90","FUN_0012bc90",direct
"0012ba68","FUN_0012ba68","0012ba98","0012c218","FUN_0012c218",direct
"0012ba68","FUN_0012ba68","0012bab0","0012c128","FUN_0012c128",direct
"0012bab8","FUN_0012bab8","0012bac0","0012bab8","FUN_0012bab8",tail
"0012bab8","FUN_0012bab8","0012bacc","0012bab8","FUN_0012bab8",tail
"0012bab8","FUN_0012bab8","0012bad8","0012bab8","FUN_0012bab8",tail
"0012bab8","FUN_0012bab8","0012bae4","0012bab8","FUN_0012bab8",tail
"0012bab8","FUN_0012bab8","0012baf0","0012bab8","FUN_0012bab8",tail
"0012bab8","FUN_0012bab8","0012bafc","0012bab8","FUN_0012bab8",tail
"0012bb38","FUN_0012bb38","0012bb40","0012bb38","FUN_0012bb38",tail
"0012bb38","FUN_0012bb38","0012bb4c","0012bb38","FUN_0012bb38",tail
"0012bb38","FUN_0012bb38","0012bb64","0012bb38","FUN_0012bb38",tail
"0012bb88","FUN_0012bb88","0012bb98","0012bb38","FUN_0012bb38",direct
"0012bc20","FUN_0012bc20","0012bc2c","0012bc20","FUN_0012bc20",tail
"0012bc20","FUN_0012bc20","0012bc60","0012bc20","FUN_0012bc20",tail
"0012bc20","FUN_0012bc20","0012bc68","0012bc20","FUN_0012bc20",tail
"0012bc20","FUN_0012bc20","0012bc74","0012c328","FUN_0012c328",direct
"0012bc90","FUN_0012bc90","0012bcc0","0012bc90","FUN_0012bc90",tail
"0012bc90","FUN_0012bc90","0012bcd0","0012c2f0","FUN_0012c2f0",direct
"0012bc90","FUN_0012bc90","0012bcd8","0012bc90","FUN_0012bc90",tail
"0012bc90","FUN_0012bc90","0012bce8","0012bc90","FUN_0012bc90",tail
"0012bc90","FUN_0012bc90","0012bcf0","00128b50","FUN_00128b50",direct
"0012bc90","FUN_0012bc90","0012bcfc","0012bc90","FUN_0012bc90",tail
"0012bc90","FUN_0012bc90","0012bd0c","0012bc90","FUN_0012bc90",tail
"0012bc90","FUN_0012bc90","0012bd18","0012bc90","FUN_0012bc90",tail
"0012bc90","FUN_0012bc90","0012bd20","0012bc90","FUN_0012bc90",tail
"0012bc90","FUN_0012bc90","0012bdcc","0012bc90","FUN_0012bc90",tail
"0012bc90","FUN_0012bc90","0012bdd8","0012bc90","FUN_0012bc90",tail
"0012be00","FUN_0012be00","0012be24","0012be00","FUN_0012be00",tail
"0012be00","FUN_0012be00","0012be30","0012be00","FUN_0012be00",tail
"0012be00","FUN_0012be00","0012be3c","0012be00","FUN_0012be00",tail
"0012be00","FUN_0012be00","0012be50","00129550","FUN_00129550",direct
"0012be00","FUN_0012be00","0012be58","0012be00","FUN_0012be00",tail
"0012be00","FUN_0012be00","0012be60","001293f0","FUN_001293f0",direct
"0012be00","FUN_0012be00","0012be6c","0012be00","FUN_0012be00",tail
"0012be00","FUN_0012be00","0012be74","00129550","FUN_00129550",direct
"0012be00","FUN_0012be00","0012be84","0012bb88","FUN_0012bb88",direct
"0012be00","FUN_0012be00","0012be94","001294c0","FUN_001294c0",direct
"0012be00","FUN_0012be00","0012bea4","0012be00","FUN_0012be00",tail
"0012be00","FUN_0012be00","0012beac","0012be00","FUN_0012be00",tail
"0012be00","FUN_0012be00","0012bed4","0012be00","FUN_0012be00",tail
"0012bf18","FUN_0012bf18","0012bf30","0012bf18","FUN_0012bf18",tail
"0012bf18","FUN_0012bf18","0012bf38","0012bf60","FUN_0012bf60",direct
"0012bf18","FUN_0012bf18","0012bf40","0012bf18","FUN_0012bf18",tail
"0012bf18","FUN_0012bf18","0012bf48","0012be00","FUN_0012be00",direct
"0012bf60","FUN_0012bf60","0012bf8c","0012bf60","FUN_0012bf60",tail
"0012bf60","FUN_0012bf60","0012bf98","0012bf60","FUN_0012bf60",tail
"0012bf60","FUN_0012bf60","0012bfa8","0012bf60","FUN_0012bf60",tail
"0012bf60","FUN_0012bf60","0012bfbc","00129550","FUN_00129550",direct
"0012bf60","FUN_0012bf60","0012bfc4","0012bf60","FUN_0012bf60",tail
"0012bf60","FUN_0012bf60","0012bfcc","0012bf60","FUN_0012bf60",tail
"0012bf60","FUN_0012bf60","0012bfd4","001293f0","FUN_001293f0",direct
"0012bf60","FUN_0012bf60","0012bfe4","00128b50","FUN_00128b50",direct
"0012bf60","FUN_0012bf60","0012bfec","0012bf60","FUN_0012bf60",tail
"0012bf60","FUN_0012bf60","0012bff4","0012c0c0","FUN_0012c0c0",direct
"0012bf60","FUN_0012bf60","0012c000","0012bf60","FUN_0012bf60",tail
"0012bf60","FUN_0012bf60","0012c018","0012bf60","FUN_0012bf60",tail
"0012bf60","FUN_0012bf60","0012c024","00129550","FUN_00129550",direct
"0012bf60","FUN_0012bf60","0012c034","0012bf60","FUN_0012bf60",tail
"0012bf60","FUN_0012bf60","0012c03c","0012bf60","FUN_0012bf60",tail
"0012bf60","FUN_0012bf60","0012c044","001293f0","FUN_001293f0",direct
"0012bf60","FUN_0012bf60","0012c058","001294c0","FUN_001294c0",direct
"0012bf60","FUN_0012bf60","0012c088","0012bf60","FUN_0012bf60",tail
"0012bf60","FUN_0012bf60","0012c090","0012bb88","FUN_0012bb88",direct
"0012c0c0","FUN_0012c0c0","0012c0dc","0012c0c0","FUN_0012c0c0",tail
"0012c0c0","FUN_0012c0c0","0012c0e8","0012c0c0","FUN_0012c0c0",tail
"0012c0c0","FUN_0012c0c0","0012c0f0","0012c138","FUN_0012c138",direct
"0012c128","FUN_0012c128","0012c12c","00127238","FUN_00127238",direct
"0012c138","FUN_0012c138","0012c14c","0012c138","FUN_0012c138",tail
"0012c138","FUN_0012c138","0012c158","0012c328","FUN_0012c328",direct
"0012c138","FUN_0012c138","0012c160","0012c138","FUN_0012c138",tail
"0012c138","FUN_0012c138","0012c170","0012c138","FUN_0012c138",tail
"0012c138","FUN_0012c138","0012c180","00129cf0","FUN_00129cf0",direct
"0012c138","FUN_0012c138","0012c188","0012c138","FUN_0012c138",tail
"0012c138","FUN_0012c138","0012c198","00129e00","FUN_00129e00",direct
"0012c1b8","FUN_0012c1b8","0012c1cc","00127238","FUN_00127238",direct
"0012c218","FUN_0012c218","0012c228","0011d660","FUN_0011d660",direct
"0012c218","FUN_0012c218","0012c288","0012c218","FUN_0012c218",tail
"0012c218","FUN_0012c218","0012c290","0011d6a8","FUN_0011d6a8",direct
"0012c218","FUN_0012c218","0012c2d8","0012ce58","FUN_0012ce58",direct
"0012c2e0","FUN_0012c2e0","0012c2e8","0011a3c8","FUN_0011a3c8",direct
"0012c2f0","FUN_0012c2f0","0012c300","00116248","FUN_00116248",direct
"0012c2f0","FUN_0012c2f0","0012c30c","0012c328","FUN_0012c328",direct
"0012c328","FUN_0012c328","0012c334","0012c328","FUN_0012c328",tail
"0012c328","FUN_0012c328","0012c33c","0012c328","FUN_0012c328",tail
"0012c328","FUN_0012c328","0012c348","0012c328","FUN_0012c328",tail
"0012c328","FUN_0012c328","0012c358","0012bb38","FUN_0012bb38",direct
"0012c328","FUN_0012c328","0012c360","0012c328","FUN_0012c328",tail
"0012c328","FUN_0012c328","0012c368","0012c2e0","FUN_0012c2e0",direct
"0012c3a0","FUN_0012c3a0","0012c3b4","00128918","FUN_00128918",direct
"0012c3a0","FUN_0012c3a0","0012c3d4","0012c3a0","FUN_0012c3a0",tail
"0012c3a0","FUN_0012c3a0","0012c3e4","0012c328","FUN_0012c328",direct
"0012c3a0","FUN_0012c3a0","0012c3f0","00128918","FUN_00128918",direct
"0012c3a0","FUN_0012c3a0","0012c414","00128918","FUN_00128918",direct
"0012c3a0","FUN_0012c3a0","0012c41c","0012c3a0","FUN_0012c3a0",tail
"0012c3a0","FUN_0012c3a0","0012c424","00128450","FUN_00128450",direct
"0012c3a0","FUN_0012c3a0","0012c430","00128420","FUN_00128420",direct
"0012c3a0","FUN_0012c3a0","0012c438","00128450","FUN_00128450",direct
"0012c3a0","FUN_0012c3a0","0012c440","0012c3a0","FUN_0012c3a0",tail
"0012c3a0","FUN_0012c3a0","0012c454","0012c850","FUN_0012c850",direct
"0012c3a0","FUN_0012c3a0","0012c460","00128918","FUN_00128918",direct
"0012c3a0","FUN_0012c3a0","0012c468","0012c3a0","FUN_0012c3a0",tail
"0012c3a0","FUN_0012c3a0","0012c470","00128450","FUN_00128450",direct
"0012c3a0","FUN_0012c3a0","0012c47c","00128420","FUN_00128420",direct
"0012c3a0","FUN_0012c3a0","0012c484","00128450","FUN_00128450",direct
"0012c3a0","FUN_0012c3a0","0012c48c","0012c3a0","FUN_0012c3a0",tail
"0012c3a0","FUN_0012c3a0","0012c4a0","0012c850","FUN_0012c850",direct
"0012c3a0","FUN_0012c3a0","0012c4a8","00128d28","FUN_00128d28",direct
"0012c3a0","FUN_0012c3a0","0012c4bc","0012c3a0","FUN_0012c3a0",tail
"0012c3a0","FUN_0012c3a0","0012c500","0012c3a0","FUN_0012c3a0",tail
"0012c3a0","FUN_0012c3a0","0012c538","0012c3a0","FUN_0012c3a0",tail
"0012c3a0","FUN_0012c3a0","0012c544","0012c3a0","FUN_0012c3a0",tail
"0012c3a0","FUN_0012c3a0","0012c554","0012c3a0","FUN_0012c3a0",tail
"0012c3a0","FUN_0012c3a0","0012c57c","0012c3a0","FUN_0012c3a0",tail
"0012c3a0","FUN_0012c3a0","0012c588","0012c3a0","FUN_0012c3a0",tail
"0012c3a0","FUN_0012c3a0","0012c5e8","0012bc10","FUN_0012bc10",direct
"0012c3a0","FUN_0012c3a0","0012c5fc","0012bc20","FUN_0012bc20",direct
"0012c3a0","FUN_0012c3a0","0012c614","0012bc20","FUN_0012bc20",direct
"0012c3a0","FUN_0012c3a0","0012c62c","0012bc20","FUN_0012bc20",direct
"0012c3a0","FUN_0012c3a0","0012c67c","0012c770","FUN_0012c770",direct
"0012c3a0","FUN_0012c3a0","0012c68c","0012c380","FUN_0012c380",direct
"0012c3a0","FUN_0012c3a0","0012c69c","0012c380","FUN_0012c380",direct
"0012c3a0","FUN_0012c3a0","0012c6ac","0012c380","FUN_0012c380",direct
"0012c3a0","FUN_0012c3a0","0012c6bc","0012c380","FUN_0012c380",direct
"0012c3a0","FUN_0012c3a0","0012c6cc","0012c380","FUN_0012c380",direct
"0012c3a0","FUN_0012c3a0","0012c6dc","0012c380","FUN_0012c380",direct
"0012c3a0","FUN_0012c3a0","0012c6ec","0012c380","FUN_0012c380",direct
"0012c3a0","FUN_0012c3a0","0012c6fc","0012c380","FUN_0012c380",direct
"0012c3a0","FUN_0012c3a0","0012c738","0012c380","FUN_0012c380",direct
"0012c850","FUN_0012c850","0012c87c","0012bb38","FUN_0012bb38",direct
"0012c850","FUN_0012c850","0012c884","00128450","FUN_00128450",direct
"0012c850","FUN_0012c850","0012c898","00128450","FUN_00128450",direct
"0012c850","FUN_0012c850","0012c8a0","0011d660","FUN_0011d660",direct
"0012c850","FUN_0012c850","0012c8e0","0012c850","FUN_0012c850",tail
"0012c850","FUN_0012c850","0012c8e8","0011d6a8","FUN_0011d6a8",direct
"0012c850","FUN_0012c850","0012c8f4","00128420","FUN_00128420",direct
"0012c850","FUN_0012c850","0012c8fc","00128450","FUN_00128450",direct
"0012c850","FUN_0012c850","0012c910","0012bb38","FUN_0012bb38",direct
"0012c930","FUN_0012c930","0012c95c","00127238","FUN_00127238",direct
"0012c930","FUN_0012c930","0012c968","00128918","FUN_00128918",direct
"0012c930","FUN_0012c930","0012c994","0012c930","FUN_0012c930",tail
"0012c930","FUN_0012c930","0012c9a4","0012c328","FUN_0012c328",direct
"0012c930","FUN_0012c930","0012c9c0","00128918","FUN_00128918",direct
"0012c930","FUN_0012c930","0012c9d0","0012c930","FUN_0012c930",tail
"0012c930","FUN_0012c930","0012c9d8","0012c930","FUN_0012c930",tail
"0012c930","FUN_0012c930","0012c9e0","0012c930","FUN_0012c930",tail
"0012c930","FUN_0012c930","0012c9ec","0012c328","FUN_0012c328",direct
"0012ca60","FUN_0012ca60","0012ca70","00128918","FUN_00128918",direct
"0012ca60","FUN_0012ca60","0012ca7c","00128918","FUN_00128918",direct
"0012ca60","FUN_0012ca60","0012ca84","0012ca60","FUN_0012ca60",tail
"0012ca60","FUN_0012ca60","0012ca8c","00128918","FUN_00128918",direct
"0012ca60","FUN_0012ca60","0012ca98","00128918","FUN_00128918",direct
"0012ca60","FUN_0012ca60","0012caa4","00128918","FUN_00128918",direct
"0012ca60","FUN_0012ca60","0012cab4","00128918","FUN_00128918",direct
"0012ca60","FUN_0012ca60","0012cac4","00128918","FUN_00128918",direct
"0012ca60","FUN_0012ca60","0012cad0","00128918","FUN_00128918",direct
"0012cb50","FUN_0012cb50","0012cb5c","0011d660","FUN_0011d660",direct
"0012cb50","FUN_0012cb50","0012cbac","0011d6a8","FUN_0011d6a8",direct
"0012cbb8","FUN_0012cbb8","0012cbc4","0011d660","FUN_0011d660",direct
"0012cbb8","FUN_0012cbb8","0012cc14","0011d6a8","FUN_0011d6a8",direct
"0012cc20","FUN_0012cc20","0012cc30","0012cbb8","FUN_0012cbb8",direct
"0012cc20","FUN_0012cc20","0012cc94","0012cc20","FUN_0012cc20",tail
"0012cc20","FUN_0012cc20","0012cc9c","0012cb50","FUN_0012cb50",direct
"0012cd08","FUN_0012cd08","0012cd54","0012cd08","FUN_0012cd08",tail
"0012cd08","FUN_0012cd08","0012cd60","0012cd08","FUN_0012cd08",tail
"0012cd08","FUN_0012cd08","0012cd84","0012cb50","FUN_0012cb50",direct
"0012cd08","FUN_0012cd08","0012cdac","0012cd08","FUN_0012cd08",tail
"0012cd08","FUN_0012cd08","0012cddc","0012cd08","FUN_0012cd08",tail
"0012cd08","FUN_0012cd08","0012cde4","0012cd08","FUN_0012cd08",tail
"0012cd08","FUN_0012cd08","0012cdec","0012cd08","FUN_0012cd08",tail
"0012cd08","FUN_0012cd08","0012ce38","0012cbb8","FUN_0012cbb8",direct
"0012ce58","FUN_0012ce58","0012ce58","0012ce58","FUN_0012ce58",tail
"0012ce58","FUN_0012ce58","0012ce64","0012ce58","FUN_0012ce58",tail
"0012ce58","FUN_0012ce58","0012ce6c","0012ce58","FUN_0012ce58",tail
"0012ce58","FUN_0012ce58","0012ce94","0012ce58","FUN_0012ce58",tail
"0012ce58","FUN_0012ce58","0012ce9c","0012ce58","FUN_0012ce58",tail
"0012cec0","FUN_0012cec0","0012cecc","0011d660","FUN_0011d660",direct
"0012cec0","FUN_0012cec0","0012cf1c","0011d6a8","FUN_0011d6a8",direct
"0012cf28","FUN_0012cf28","0012cf30","0012cec0","FUN_0012cec0",direct
"0012cf28","FUN_0012cf28","0012cf64","0012cf28","FUN_0012cf28",tail
"0012cf28","FUN_0012cf28","0012cf94","0012cf28","FUN_0012cf28",tail
"0012cf28","FUN_0012cf28","0012d01c","0012cf28","FUN_0012cf28",tail
"0012cf28","FUN_0012cf28","0012d054","0012cf28","FUN_0012cf28",tail
"0012cf28","FUN_0012cf28","0012d0ac","0012cf28","FUN_0012cf28",tail
"0012cf28","FUN_0012cf28","0012d0e4","0012cf28","FUN_0012cf28",tail
"0012cf28","FUN_0012cf28","0012d11c","0012cf28","FUN_0012cf28",tail
"0012cf28","FUN_0012cf28","0012d14c","0012cf28","FUN_0012cf28",tail
"0012d160","FUN_0012d160","0012d180","0012d160","FUN_0012d160",tail
"0012d160","FUN_0012d160","0012d194","0011bc80","FUN_0011bc80",direct
"0012d160","FUN_0012d160","0012d1a0","0012d160","FUN_0012d160",tail
"0012d160","FUN_0012d160","0012d1ac","0011a3c8","FUN_0011a3c8",direct
"0012d160","FUN_0012d160","0012d1bc","0011c2c0","FUN_0011c2c0",direct
"0012d160","FUN_0012d160","0012d1c4","0012d160","FUN_0012d160",tail
"0012d160","FUN_0012d160","0012d1cc","0011a3c8","FUN_0011a3c8",direct
"0012d160","FUN_0012d160","0012d1d4","0011bf08","FUN_0011bf08",direct
"0012d200","FUN_0012d200","0012d214","0012d200","FUN_0012d200",tail
"0012d200","FUN_0012d200","0012d21c","0012d160","FUN_0012d160",direct
"0012d240","FUN_0012d240","0012d248","001189f0","GetOsdConfigParam",direct
"0012d240","FUN_0012d240","0012d250","0012d200","FUN_0012d200",direct
"0012d240","FUN_0012d240","0012d258","0012d240","FUN_0012d240",tail
"0012d240","FUN_0012d240","0012d260","0012d240","FUN_0012d240",tail
"0012d240","FUN_0012d240","0012d268","001189f0","GetOsdConfigParam",direct
"0012d240","FUN_0012d240","0012d27c","0012d240","FUN_0012d240",tail
"0012d240","FUN_0012d240","0012d288","0012d240","FUN_0012d240",tail
"0012d2b0","FUN_0012d2b0","0012d2b8","0012d200","FUN_0012d200",direct
"0012d2b0","FUN_0012d2b0","0012d2c0","0012d2b0","FUN_0012d2b0",tail
"0012d2b0","FUN_0012d2b0","0012d2c8","0012d2b0","FUN_0012d2b0",tail
"0012d2b0","FUN_0012d2b0","0012d2d0","001189f0","GetOsdConfigParam",direct
"0012d308","FUN_0012d308","0012d310","0012d200","FUN_0012d200",direct
"0012d308","FUN_0012d308","0012d318","0012d308","FUN_0012d308",tail
"0012d308","FUN_0012d308","0012d320","0012d308","FUN_0012d308",tail
"0012d308","FUN_0012d308","0012d328","001189f0","GetOsdConfigParam",direct
"0012d308","FUN_0012d308","0012d33c","0012d308","FUN_0012d308",tail
"0012d308","FUN_0012d308","0012d344","0012d308","FUN_0012d308",tail
"0012d308","FUN_0012d308","0012d350","00118ac0","GetOsdConfigParam2",direct
"0012d370","FUN_0012d370","0012d380","0012d370","FUN_0012d370",tail
"0012d3c0","FUN_0012d3c0","0012d3d0","0012d3a0","FUN_0012d3a0",direct
"0012d3c0","FUN_0012d3c0","0012d3dc","0012d3a0","FUN_0012d3a0",direct
"0012d3c0","FUN_0012d3c0","0012d3e8","0012d3a0","FUN_0012d3a0",direct
"0012d3c0","FUN_0012d3c0","0012d3f4","0012d3a0","FUN_0012d3a0",direct
"0012d3c0","FUN_0012d3c0","0012d400","0012d3a0","FUN_0012d3a0",direct
"0012d3c0","FUN_0012d3c0","0012d40c","0012d3a0","FUN_0012d3a0",direct
"0012d428","FUN_0012d428","0012d438","0012d370","FUN_0012d370",direct
"0012d428","FUN_0012d428","0012d444","0012d370","FUN_0012d370",direct
"0012d428","FUN_0012d428","0012d450","0012d370","FUN_0012d370",direct
"0012d428","FUN_0012d428","0012d45c","0012d370","FUN_0012d370",direct
"0012d428","FUN_0012d428","0012d468","0012d370","FUN_0012d370",direct
"0012d428","FUN_0012d428","0012d474","0012d370","FUN_0012d370",direct
"0012d490","FUN_0012d490","0012d4d0","0012d490","FUN_0012d490",tail
"0012d490","FUN_0012d490","0012d4f4","0012d490","FUN_0012d490",tail
"0012d490","FUN_0012d490","0012d510","0012d490","FUN_0012d490",tail
"0012d490","FUN_0012d490","0012d520","0012d490","FUN_0012d490",tail
"0012d490","FUN_0012d490","0012d528","0012d490","FUN_0012d490",tail
"0012d548","FUN_0012d548","0012d588","0012d548","FUN_0012d548",tail
"0012d548","FUN_0012d548","0012d59c","0012d548","FUN_0012d548",tail
"0012d548","FUN_0012d548","0012d5b0","0012d548","FUN_0012d548",tail
"0012d548","FUN_0012d548","0012d5bc","0012d548","FUN_0012d548",tail
"0012d5f0","FUN_0012d5f0","0012d604","0012d5f0","FUN_0012d5f0",tail
"0012d5f0","FUN_0012d5f0","0012d610","0012d490","FUN_0012d490",direct
"0012d620","FUN_0012d620","0012d628","0012d620","FUN_0012d620",tail
"0012d620","FUN_0012d620","0012d634","0012d548","FUN_0012d548",direct
"0012d648","FUN_0012d648","0012d65c","0012d3c0","FUN_0012d3c0",direct
"0012d648","FUN_0012d648","0012d66c","0012d648","FUN_0012d648",tail
"0012d648","FUN_0012d648","0012d678","0012d648","FUN_0012d648",tail
"0012d648","FUN_0012d648","0012d688","0012d5f0","FUN_0012d5f0",direct
"0012d648","FUN_0012d648","0012d694","0012d648","FUN_0012d648",tail
"0012d648","FUN_0012d648","0012d69c","0012d648","FUN_0012d648",tail
"0012d648","FUN_0012d648","0012d6a8","0012d620","FUN_0012d620",direct
"0012d648","FUN_0012d648","0012d6b0","0012d648","FUN_0012d648",tail
"0012d648","FUN_0012d648","0012d6cc","0012d428","FUN_0012d428",direct
"0012d6d8","FUN_0012d6d8","0012d6e8","0012d2b0","FUN_0012d2b0",direct
"0012d6d8","FUN_0012d6d8","0012d6f0","0012d308","FUN_0012d308",direct
"0012d6d8","FUN_0012d6d8","0012d718","0012d648","FUN_0012d648",direct
"0012d728","entry","0012d860","0012d728","entry",tail
"0012d728","entry","0012d8b8","0011d8a8","FUN_0011d8a8",direct
"0012d728","entry","0012d8c0","00118a80","FlushCache",direct
"0012d728","entry","0012d8d8","0012d9d8","FUN_0012d9d8",direct
"0012d728","entry","0012d8e0","0011daa0","FUN_0011daa0",direct
"0012d8e8","FUN_0012d8e8","0012d8e8","0011daa0","FUN_0011daa0",direct
"0012d8f8","FUN_0012d8f8","0012d908","0012d8f8","FUN_0012d8f8",tail
"0012d8f8","FUN_0012d8f8","0012d91c","0012d8f8","FUN_0012d8f8",tail
"0012d8f8","FUN_0012d8f8","0012d928","0012d8f8","FUN_0012d8f8",tail
"0012d8f8","FUN_0012d8f8","0012d934","0012d8f8","FUN_0012d8f8",tail
"0012d8f8","FUN_0012d8f8","0012d944","0012d8f8","FUN_0012d8f8",tail
"0012d8f8","FUN_0012d8f8","0012d964","0012d8f8","FUN_0012d8f8",tail
"0012d8f8","FUN_0012d8f8","0012d96c","0012d8f8","FUN_0012d8f8",tail
"0012d8f8","FUN_0012d8f8","0012d974","0012d8f8","FUN_0012d8f8",tail
"0012d8f8","FUN_0012d8f8","0012d994","0012d8f8","FUN_0012d8f8",tail
"0012d8f8","FUN_0012d8f8","0012d9b0","0012d8f8","FUN_0012d8f8",tail
"0012d8f8","FUN_0012d8f8","0012d9b8","0012d8f8","FUN_0012d8f8",tail
"0012d8f8","FUN_0012d8f8","0012d9c4","0012d8f8","FUN_0012d8f8",tail
"0012d9d8","FUN_0012d9d8","0012d9e4","0011dcc8","FUN_0011dcc8",direct
"0012d9d8","FUN_0012d9d8","0012d9f8","001e9658","FUN_001e9658",direct
"0012d9d8","FUN_0012d9d8","0012da00","0012d8f8","FUN_0012d8f8",direct
"0012d9d8","FUN_0012d9d8","0012da0c","00118a80","FlushCache",direct
"0012d9d8","FUN_0012d9d8","0012da14","00118a80","FlushCache",direct
"0012d9d8","FUN_0012d9d8","0012da1c","0012d9d8","FUN_0012d9d8",tail
"0012da28","FUN_0012da28","0012dacc","0011ab20","FUN_0011ab20",direct
"0012da28","FUN_0012da28","0012dae0","0011aff8","FUN_0011aff8",direct
"0012da28","FUN_0012da28","0012dae8","0012da28","FUN_0012da28",tail
"0012da28","FUN_0012da28","0012daf8","00116078","FUN_00116078",direct
"0012da28","FUN_0012da28","0012db14","0012da28","FUN_0012da28",tail
"0012da28","FUN_0012da28","0012db1c","0012da28","FUN_0012da28",tail
"0012da28","FUN_0012da28","0012db44","0012da28","FUN_0012da28",tail
"0012da28","FUN_0012da28","0012db54","0012da28","FUN_0012da28",tail
"0012da28","FUN_0012da28","0012db98","0011aff8","FUN_0011aff8",direct
"0012da28","FUN_0012da28","0012dba0","0012da28","FUN_0012da28",tail
"0012da28","FUN_0012da28","0012dbb0","00116078","FUN_00116078",direct
"0012da28","FUN_0012da28","0012dbcc","0012da28","FUN_0012da28",tail
"0012da28","FUN_0012da28","0012dbd4","0012da28","FUN_0012da28",tail
"0012da28","FUN_0012da28","0012dbfc","0012da28","FUN_0012da28",tail
"0012da28","FUN_0012da28","0012dc0c","0012da28","FUN_0012da28",tail
"0012da28","FUN_0012da28","0012dc48","0012e548","FUN_0012e548",direct
"0012dc80","FUN_0012dc80","0012dc98","0012dc80","FUN_0012dc80",tail
"0012dc80","FUN_0012dc80","0012dca0","0012de70","FUN_0012de70",direct
"0012dc80","FUN_0012dc80","0012dca8","0012dc80","FUN_0012dc80",tail
"0012dc80","FUN_0012dc80","0012dcb0","0012dc80","FUN_0012dc80",tail
"0012dc80","FUN_0012dc80","0012dcb8","0012dc80","FUN_0012dc80",tail
"0012dc80","FUN_0012dc80","0012dcd0","0012dc80","FUN_0012dc80",tail
"0012dc80","FUN_0012dc80","0012dcf8","0012dc80","FUN_0012dc80",tail
"0012dc80","FUN_0012dc80","0012dd24","0012dc80","FUN_0012dc80",tail
"0012dc80","FUN_0012dc80","0012dd50","0012dc80","FUN_0012dc80",tail
"0012dc80","FUN_0012dc80","0012dd5c","0012dc80","FUN_0012dc80",tail
"0012dc80","FUN_0012dc80","0012dd64","00118a80","FlushCache",direct
"0012dc80","FUN_0012dc80","0012dd7c","0012dc80","FUN_0012dc80",tail
"0012dc80","FUN_0012dc80","0012dd84","0012dc80","FUN_0012dc80",tail
"0012dc80","FUN_0012dc80","0012ddb8","0012dc80","FUN_0012dc80",tail
"0012dc80","FUN_0012dc80","0012ddd8","0012dc80","FUN_0012dc80",tail
"0012dc80","FUN_0012dc80","0012dde0","0012dc80","FUN_0012dc80",tail
"0012dc80","FUN_0012dc80","0012dde8","0012e9d8","FUN_0012e9d8",direct
"0012dc80","FUN_0012dc80","0012ddf4","0012dc80","FUN_0012dc80",tail
"0012dc80","FUN_0012dc80","0012ddfc","0012ee08","FUN_0012ee08",direct
"0012dc80","FUN_0012dc80","0012de08","0012dc80","FUN_0012dc80",tail
"0012dc80","FUN_0012dc80","0012de14","0012dc80","FUN_0012dc80",tail
"0012dc80","FUN_0012dc80","0012de28","0012dc80","FUN_0012dc80",tail
"0012dc80","FUN_0012dc80","0012de34","0012dc80","FUN_0012dc80",tail
"0012de70","FUN_0012de70","0012de78","00118a80","FlushCache",direct
"0012de70","FUN_0012de70","0012de84","0012de70","FUN_0012de70",tail
"0012de70","FUN_0012de70","0012de8c","0012de70","FUN_0012de70",tail
"0012de70","FUN_0012de70","0012de94","0011b3b8","FUN_0011b3b8",direct
"0012de70","FUN_0012de70","0012de9c","0012de70","FUN_0012de70",tail
"0012de70","FUN_0012de70","0012deb4","0012de70","FUN_0012de70",tail
"0012de70","FUN_0012de70","0012decc","0012de70","FUN_0012de70",tail
"0012de70","FUN_0012de70","0012ded8","0012de70","FUN_0012de70",tail
"0012de70","FUN_0012de70","0012dee0","00116078","FUN_00116078",direct
"0012df20","FUN_0012df20","0012df40","0012df20","FUN_0012df20",tail
"0012df20","FUN_0012df20","0012df4c","0012df20","FUN_0012df20",tail
"0012df20","FUN_0012df20","0012df54","0012ee08","FUN_0012ee08",direct
"0012df20","FUN_0012df20","0012df60","0012df20","FUN_0012df20",tail
"0012df20","FUN_0012df20","0012df70","00116078","FUN_00116078",direct
"0012df20","FUN_0012df20","0012df78","0012df20","FUN_0012df20",tail
"0012df20","FUN_0012df20","0012dfa0","0012df20","FUN_0012df20",tail
"0012df20","FUN_0012df20","0012dfa8","00116078","FUN_00116078",direct
"0012df20","FUN_0012df20","0012dfb0","0012dc80","FUN_0012dc80",direct
"0012df20","FUN_0012df20","0012dfb8","00118a80","FlushCache",direct
"0012df20","FUN_0012df20","0012dfc4","0011b3b8","FUN_0011b3b8",direct
"0012df20","FUN_0012df20","0012dfcc","0012df20","FUN_0012df20",tail
"0012df20","FUN_0012df20","0012dff8","0011b1c8","FUN_0011b1c8",direct
"0012df20","FUN_0012df20","0012e000","0012df20","FUN_0012df20",tail
"0012df20","FUN_0012df20","0012e00c","00116078","FUN_00116078",direct
"0012df20","FUN_0012df20","0012e01c","0012df20","FUN_0012df20",tail
"0012df20","FUN_0012df20","0012e02c","0012df20","FUN_0012df20",tail
"0012df20","FUN_0012df20","0012e040","00118a80","FlushCache",direct
"0012df20","FUN_0012df20","0012e054","0012df20","FUN_0012df20",tail
"0012e088","FUN_0012e088","0012e0ac","0012e088","FUN_0012e088",tail
"0012e088","FUN_0012e088","0012e0b8","00116078","FUN_00116078",direct
"0012e088","FUN_0012e088","0012e0c0","0012e088","FUN_0012e088",tail
"0012e088","FUN_0012e088","0012e0c8","0012ee08","FUN_0012ee08",direct
"0012e088","FUN_0012e088","0012e0d4","0012e088","FUN_0012e088",tail
"0012e088","FUN_0012e088","0012e0e0","00116078","FUN_00116078",direct
"0012e088","FUN_0012e088","0012e0e8","0012e088","FUN_0012e088",tail
"0012e088","FUN_0012e088","0012e114","0012e088","FUN_0012e088",tail
"0012e088","FUN_0012e088","0012e120","00116078","FUN_00116078",direct
"0012e088","FUN_0012e088","0012e128","0012dc80","FUN_0012dc80",direct
"0012e088","FUN_0012e088","0012e130","00118a80","FlushCache",direct
"0012e088","FUN_0012e088","0012e13c","0011b3b8","FUN_0011b3b8",direct
"0012e088","FUN_0012e088","0012e144","0012e088","FUN_0012e088",tail
"0012e088","FUN_0012e088","0012e178","0011b1c8","FUN_0011b1c8",direct
"0012e1a8","FUN_0012e1a8","0012e1c0","0012e6e0","FUN_0012e6e0",direct
"0012e1d8","FUN_0012e1d8","0012e1f4","0012e6e0","FUN_0012e6e0",direct
"0012e208","FUN_0012e208","0012e228","0012e6e0","FUN_0012e6e0",direct
"0012e240","FUN_0012e240","0012e25c","0012e6e0","FUN_0012e6e0",direct
"0012e280","FUN_0012e280","0012e2a0","0012e6e0","FUN_0012e6e0",direct
"0012e2b8","FUN_0012e2b8","0012e2e0","0012e6e0","FUN_0012e6e0",direct
"0012e308","FUN_0012e308","0012e33c","0012e6e0","FUN_0012e6e0",direct
"0012e368","FUN_0012e368","0012e384","0012e6e0","FUN_0012e6e0",direct
"0012e3b8","FUN_0012e3b8","0012e3d0","0012e6e0","FUN_0012e6e0",direct
"0012e3e8","FUN_0012e3e8","0012e404","0012e6e0","FUN_0012e6e0",direct
"0012e418","FUN_0012e418","0012e434","0012e6e0","FUN_0012e6e0",direct
"0012e448","FUN_0012e448","0012e464","0012e6e0","FUN_0012e6e0",direct
"0012e4c0","FUN_0012e4c0","0012e4f4","0012e6e0","FUN_0012e6e0",direct
"0012e548","FUN_0012e548","0012e574","0012e548","FUN_0012e548",tail
"0012e548","FUN_0012e548","0012e59c","0012e548","FUN_0012e548",tail
"0012e548","FUN_0012e548","0012e5a4","0012e548","FUN_0012e548",tail
"0012e548","FUN_0012e548","0012e5b0","0012dc80","FUN_0012dc80",direct
"0012e548","FUN_0012e548","0012e5b8","00118a80","FlushCache",direct
"0012e548","FUN_0012e548","0012e5c4","0012e548","FUN_0012e548",tail
"0012e548","FUN_0012e548","0012e5cc","0012def8","FUN_0012def8",direct
"0012e548","FUN_0012e548","0012e5d4","0012e548","FUN_0012e548",tail
"0012e548","FUN_0012e548","0012e5e0","00116078","FUN_00116078",direct
"0012e548","FUN_0012e548","0012e5e8","0012dc80","FUN_0012dc80",direct
"0012e548","FUN_0012e548","0012e5f0","00118a80","FlushCache",direct
"0012e548","FUN_0012e548","0012e5f8","0011b3b8","FUN_0011b3b8",direct
"0012e548","FUN_0012e548","0012e600","0012e548","FUN_0012e548",tail
"0012e548","FUN_0012e548","0012e608","0012e548","FUN_0012e548",tail
"0012e548","FUN_0012e548","0012e630","0011b1c8","FUN_0011b1c8",direct
"0012e548","FUN_0012e548","0012e638","0012e548","FUN_0012e548",tail
"0012e548","FUN_0012e548","0012e660","0011b1c8","FUN_0011b1c8",direct
"0012e548","FUN_0012e548","0012e668","0012de70","FUN_0012de70",direct
"0012e548","FUN_0012e548","0012e67c","0012e548","FUN_0012e548",tail
"0012e548","FUN_0012e548","0012e6a0","0012e548","FUN_0012e548",tail
"0012e548","FUN_0012e548","0012e6a8","0012e548","FUN_0012e548",tail
"0012e548","FUN_0012e548","0012e6b0","0012e9d8","FUN_0012e9d8",direct
"0012e6e0","FUN_0012e6e0","0012e724","0012e6e0","FUN_0012e6e0",tail
"0012e6e0","FUN_0012e6e0","0012e730","0012e6e0","FUN_0012e6e0",tail
"0012e6e0","FUN_0012e6e0","0012e738","0012e6e0","FUN_0012e6e0",tail
"0012e6e0","FUN_0012e6e0","0012e740","0012e6e0","FUN_0012e6e0",tail
"0012e6e0","FUN_0012e6e0","0012e74c","0012def8","FUN_0012def8",direct
"0012e6e0","FUN_0012e6e0","0012e758","0012e6e0","FUN_0012e6e0",tail
"0012e6e0","FUN_0012e6e0","0012e760","00116078","FUN_00116078",direct
"0012e6e0","FUN_0012e6e0","0012e768","0012dc80","FUN_0012dc80",direct
"0012e6e0","FUN_0012e6e0","0012e770","00118a80","FlushCache",direct
"0012e6e0","FUN_0012e6e0","0012e77c","0011b3b8","FUN_0011b3b8",direct
"0012e6e0","FUN_0012e6e0","0012e784","0012e6e0","FUN_0012e6e0",tail
"0012e6e0","FUN_0012e6e0","0012e7ac","0011b1c8","FUN_0011b1c8",direct
"0012e6e0","FUN_0012e6e0","0012e7b4","0012e6e0","FUN_0012e6e0",tail
"0012e6e0","FUN_0012e6e0","0012e7c4","0012e6e0","FUN_0012e6e0",tail
"0012e6e0","FUN_0012e6e0","0012e814","0012e6e0","FUN_0012e6e0",tail
"0012e6e0","FUN_0012e6e0","0012e824","0012e6e0","FUN_0012e6e0",tail
"0012e6e0","FUN_0012e6e0","0012e834","0012dc80","FUN_0012dc80",direct
"0012e6e0","FUN_0012e6e0","0012e840","0012e6e0","FUN_0012e6e0",tail
"0012e6e0","FUN_0012e6e0","0012e860","00116078","FUN_00116078",direct
"0012e6e0","FUN_0012e6e0","0012e880","0012e6e0","FUN_0012e6e0",tail
"0012e6e0","FUN_0012e6e0","0012e894","0012e6e0","FUN_0012e6e0",tail
"0012e6e0","FUN_0012e6e0","0012e89c","0012e6e0","FUN_0012e6e0",tail
"0012e6e0","FUN_0012e6e0","0012e8a8","00116078","FUN_00116078",direct
"0012e6e0","FUN_0012e6e0","0012e8b0","0012e6e0","FUN_0012e6e0",tail
"0012e6e0","FUN_0012e6e0","0012e8ec","0012e6e0","FUN_0012e6e0",tail
"0012e6e0","FUN_0012e6e0","0012e90c","0012e6e0","FUN_0012e6e0",tail
"0012e6e0","FUN_0012e6e0","0012e968","0012e9a0","FUN_0012e9a0",direct
"0012e9a0","FUN_0012e9a0","0012e9c4","0012dc80","FUN_0012dc80",direct
"0012e9d8","FUN_0012e9d8","0012ea14","0012def8","FUN_0012def8",direct
"0012e9d8","FUN_0012e9d8","0012ea28","0012e9d8","FUN_0012e9d8",tail
"0012e9d8","FUN_0012e9d8","0012ea30","00116078","FUN_00116078",direct
"0012e9d8","FUN_0012e9d8","0012ea38","00118a80","FlushCache",direct
"0012e9d8","FUN_0012e9d8","0012ea44","0011b3b8","FUN_0011b3b8",direct
"0012e9d8","FUN_0012e9d8","0012ea4c","0012e9d8","FUN_0012e9d8",tail
"0012e9d8","FUN_0012e9d8","0012ea98","0011b1c8","FUN_0011b1c8",direct
"0012eb00","FUN_0012eb00","0012eb0c","0012dc80","FUN_0012dc80",direct
"0012eb20","FUN_0012eb20","0012eb4c","0012eb20","FUN_0012eb20",tail
"0012eb20","FUN_0012eb20","0012eb54","0012eb20","FUN_0012eb20",tail
"0012eb20","FUN_0012eb20","0012eb60","0012eb20","FUN_0012eb20",tail
"0012eb20","FUN_0012eb20","0012eb68","0012dc80","FUN_0012dc80",direct
"0012eb20","FUN_0012eb20","0012eb7c","0012eb20","FUN_0012eb20",tail
"0012eb20","FUN_0012eb20","0012eb84","0012ee08","FUN_0012ee08",direct
"0012eb20","FUN_0012eb20","0012eba4","0012e548","FUN_0012e548",direct
"0012ebd0","FUN_0012ebd0","0012ebe8","0012e6e0","FUN_0012e6e0",direct
"0012ec08","FUN_0012ec08","0012ec58","0012e6e0","FUN_0012e6e0",direct
"0012ec70","FUN_0012ec70","0012ec8c","0012e6e0","FUN_0012e6e0",direct
"0012eca0","FUN_0012eca0","0012ecbc","0012e6e0","FUN_0012e6e0",direct
"0012ecd0","FUN_0012ecd0","0012ecec","0012e6e0","FUN_0012e6e0",direct
"0012ed00","FUN_0012ed00","0012ed1c","0012e6e0","FUN_0012e6e0",direct
"0012ed30","FUN_0012ed30","0012ed44","0012e548","FUN_0012e548",direct
"0012ed58","FUN_0012ed58","0012ed7c","0012ed58","FUN_0012ed58",tail
"0012ed58","FUN_0012ed58","0012ed84","00121450","FUN_00121450",direct
"0012ed58","FUN_0012ed58","0012ed8c","0012ed58","FUN_0012ed58",tail
"0012ed58","FUN_0012ed58","0012ed98","0012ee08","FUN_0012ee08",direct
"0012ed58","FUN_0012ed58","0012eda0","0012ed58","FUN_0012ed58",tail
"0012ed58","FUN_0012ed58","0012edd0","0012e6e0","FUN_0012e6e0",direct
"0012ed58","FUN_0012ed58","0012ede0","0012ed58","FUN_0012ed58",tail
"0012ee08","FUN_0012ee08","0012ee18","0012ee08","FUN_0012ee08",tail
"0012ee08","FUN_0012ee08","0012ee20","00120c30","FUN_00120c30",direct
"0012ee08","FUN_0012ee08","0012ee28","0012ee08","FUN_0012ee08",tail
"0012ee08","FUN_0012ee08","0012ee30","00118a80","FlushCache",direct
"0012ee08","FUN_0012ee08","0012ee48","0012ee08","FUN_0012ee08",tail
"0012ee08","FUN_0012ee08","0012ee50","0012ee08","FUN_0012ee08",tail
"0012ee08","FUN_0012ee08","0012ee58","0012ee08","FUN_0012ee08",tail
"0012ee08","FUN_0012ee08","0012ee60","0012ee08","FUN_0012ee08",tail
"0012ee08","FUN_0012ee08","0012ee70","0012dc80","FUN_0012dc80",direct
"0012ee08","FUN_0012ee08","0012ee78","00118a80","FlushCache",direct
"0012ee08","FUN_0012ee08","0012ee88","0012ee08","FUN_0012ee08",tail
"0012eea8","FUN_0012eea8","0012eeb0","0012eea8","FUN_0012eea8",tail
"0012eea8","FUN_0012eea8","0012eec8","0012e6e0","FUN_0012e6e0",direct
"0012eea8","FUN_0012eea8","0012eed0","0012eea8","FUN_0012eea8",tail
"0012eea8","FUN_0012eea8","0012eed8","001216c8","FUN_001216c8",direct
"0012eef0","FUN_0012eef0","0012eef8","0012eef0","FUN_0012eef0",tail
"0012eef0","FUN_0012eef0","0012ef0c","0012eef0","FUN_0012eef0",tail
"0012eef0","FUN_0012eef0","0012ef14","00121630","FUN_00121630",direct
"0012ef28","FUN_0012ef28","0012ef30","0012ef28","FUN_0012ef28",tail
"0012ef28","FUN_0012ef28","0012ef3c","0012ef28","FUN_0012ef28",tail
"0012ef28","FUN_0012ef28","0012ef44","00120678","FUN_00120678",direct
"0012ef68","FUN_0012ef68","0012ef94","0012e6e0","FUN_0012e6e0",direct
"0012efa8","FUN_0012efa8","0012efc8","0012e6e0","FUN_0012e6e0",direct
"0012efe0","FUN_0012efe0","0012f008","0012e6e0","FUN_0012e6e0",direct
"0012f068","FUN_0012f068","0012f090","0012e548","FUN_0012e548",direct
"0012f0a8","FUN_0012f0a8","0012f0b8","0012e548","FUN_0012e548",direct
"0012f0e0","FUN_0012f0e0","0012f0f0","0012e548","FUN_0012e548",direct
"0012f108","FUN_0012f108","0012f12c","0012e548","FUN_0012e548",direct
"0012f148","FUN_0012f148","0012f160","0012e548","FUN_0012e548",direct
"0012f178","FUN_0012f178","0012f188","0012e548","FUN_0012e548",direct
"0012f1a0","FUN_0012f1a0","0012f1ac","0012f1a0","FUN_0012f1a0",tail
"0012f208","FUN_0012f208","0012f258","00121450","FUN_00121450",direct
"0012f208","FUN_0012f208","0012f260","0012f208","FUN_0012f208",tail
"0012f208","FUN_0012f208","0012f268","00122298","FUN_00122298",direct
"0012f208","FUN_0012f208","0012f270","00120c30","FUN_00120c30",direct
"0012f208","FUN_0012f208","0012f27c","0012f208","FUN_0012f208",tail
"0012f208","FUN_0012f208","0012f284","00121630","FUN_00121630",direct
"0012f208","FUN_0012f208","0012f28c","0012f208","FUN_0012f208",tail
"0012f2b8","FUN_0012f2b8","0012f2f0","00121450","FUN_00121450",direct
"0012f2b8","FUN_0012f2b8","0012f2f8","0012f2b8","FUN_0012f2b8",tail
"0012f2b8","FUN_0012f2b8","0012f300","00122298","FUN_00122298",direct
"0012f2b8","FUN_0012f2b8","0012f308","00120c30","FUN_00120c30",direct
"0012f2b8","FUN_0012f2b8","0012f314","0012f2b8","FUN_0012f2b8",tail
"0012f2b8","FUN_0012f2b8","0012f31c","00121630","FUN_00121630",direct
"0012f2b8","FUN_0012f2b8","0012f324","0012f2b8","FUN_0012f2b8",tail
"0012f2b8","FUN_0012f2b8","0012f34c","0012f2b8","FUN_0012f2b8",tail
"0012f368","FUN_0012f368","0012f3b8","00121450","FUN_00121450",direct
"0012f368","FUN_0012f368","0012f3c0","0012f368","FUN_0012f368",tail
"0012f368","FUN_0012f368","0012f3c8","00122298","FUN_00122298",direct
"0012f368","FUN_0012f368","0012f3d0","00120c30","FUN_00120c30",direct
"0012f368","FUN_0012f368","0012f3dc","0012f368","FUN_0012f368",tail
"0012f368","FUN_0012f368","0012f3e4","00121630","FUN_00121630",direct
"0012f368","FUN_0012f368","0012f3ec","0012f368","FUN_0012f368",tail
"0012f368","FUN_0012f368","0012f414","0012f368","FUN_0012f368",tail
"001e9168","FUN_001e9168","001e919c","001f97e8","FUN_001f97e8",direct
"001e9168","FUN_001e9168","001e91b0","001e9168","FUN_001e9168",tail
"001e9168","FUN_001e9168","001e91c4","001f97a0","FUN_001f97a0",direct
"001e9168","FUN_001e9168","001e91d0","001f97a0","FUN_001f97a0",direct
"001e9168","FUN_001e9168","001e9220","00122330","FUN_00122330",direct
"001e9168","FUN_001e9168","001e9228","00118a80","FlushCache",direct
"001e9168","FUN_001e9168","001e9234","00122658","FUN_00122658",direct
"001e9168","FUN_001e9168","001e9240","00120558","FUN_00120558",direct
"001e9168","FUN_001e9168","001e9250","001e9168","FUN_001e9168",tail
"001e9168","FUN_001e9168","001e9284","00122330","FUN_00122330",direct
"001e9168","FUN_001e9168","001e928c","00118a80","FlushCache",direct
"001e9168","FUN_001e9168","001e9298","00122658","FUN_00122658",direct
"001e9168","FUN_001e9168","001e92a4","00120558","FUN_00120558",direct
"001e9338","FUN_001e9338","001e935c","00216828","FUN_00216828",direct
"001e9338","FUN_001e9338","001e9380","001e9168","FUN_001e9168",direct
"001e9488","FUN_001e9488","001e94a4","001e9488","FUN_001e9488",tail
"001e9488","FUN_001e9488","001e94b4","001e9488","FUN_001e9488",tail
"001e9488","FUN_001e9488","001e94d0","001e9488","FUN_001e9488",tail
"001e9488","FUN_001e9488","001e951c","00118a80","FlushCache",direct
"001e9488","FUN_001e9488","001e9524","0022dcd0","FUN_0022dcd0",direct
"001e9488","FUN_001e9488","001e952c","00215ee8","FUN_00215ee8",direct
"001e9488","FUN_001e9488","001e9534","001f96f8","FUN_001f96f8",direct
"001e9488","FUN_001e9488","001e953c","001f4a58","FUN_001f4a58",direct
"001e9488","FUN_001e9488","001e954c","00118a80","FlushCache",direct
"001e9488","FUN_001e9488","001e9554","0022dcd0","FUN_0022dcd0",direct
"001e9488","FUN_001e9488","001e955c","00215ee8","FUN_00215ee8",direct
"001e9488","FUN_001e9488","001e9564","0012ee08","FUN_0012ee08",direct
"001e9488","FUN_001e9488","001e9570","001e9488","FUN_001e9488",tail
"001e9488","FUN_001e9488","001e9578","002093d8","FUN_002093d8",direct
"001e9488","FUN_001e9488","001e9590","001e9488","FUN_001e9488",tail
"001e9488","FUN_001e9488","001e959c","001e9488","FUN_001e9488",tail
"001e9488","FUN_001e9488","001e95c0","0023a3b8","FUN_0023a3b8",direct
"001e9488","FUN_001e9488","001e95c8","00120c30","FUN_00120c30",direct
"001e9488","FUN_001e9488","001e95d0","00122298","FUN_00122298",direct
"001e9488","FUN_001e9488","001e95dc","00120558","FUN_00120558",direct
"001e9488","FUN_001e9488","001e95e4","00122e68","FUN_00122e68",direct
"001e9488","FUN_001e9488","001e9604","00200b10","FUN_00200b10",direct
"001e9488","FUN_001e9488","001e9614","001f4a58","FUN_001f4a58",direct
"001e9658","FUN_001e9658","001e9680","00201650","FUN_00201650",direct
"001e9658","FUN_001e9658","001e9688","001e9128","FUN_001e9128",direct
"001e9658","FUN_001e9658","001e96a4","001e9658","FUN_001e9658",tail
"001e9658","FUN_001e9658","001e96cc","001e9658","FUN_001e9658",tail
"001e9658","FUN_001e9658","001e96d4","002335d0","FUN_002335d0",direct
"001e9658","FUN_001e9658","001e96dc","00233d00","FUN_00233d00",direct
"001e9658","FUN_001e9658","001e96e4","001f0b88","FUN_001f0b88",direct
"001e9658","FUN_001e9658","001e96f0","00122298","FUN_00122298",direct
"001e9658","FUN_001e9658","001e96f8","001fb2a8","FUN_001fb2a8",direct
"001e9658","FUN_001e9658","001e9708","001fb280","FUN_001fb280",direct
"001e9658","FUN_001e9658","001e9734","001e9658","FUN_001e9658",tail
"001e9658","FUN_001e9658","001e9740","001e9658","FUN_001e9658",tail
"001e9658","FUN_001e9658","001e9750","00118a80","FlushCache",direct
"001e9658","FUN_001e9658","001e9774","0020b618","FUN_0020b618",direct
"001e9658","FUN_001e9658","001e977c","00118a80","FlushCache",direct
"001e9658","FUN_001e9658","001e9784","002335d0","FUN_002335d0",direct
"001e9658","FUN_001e9658","001e9794","001fb280","FUN_001fb280",direct
"001e9658","FUN_001e9658","001e979c","001fb2d0","FUN_001fb2d0",direct
"001e9658","FUN_001e9658","001e97a4","001fb368","FUN_001fb368",direct
"001e9658","FUN_001e9658","001e97b0","002012b8","FUN_002012b8",direct
"001e9658","FUN_001e9658","001e97b8","001fb3d0","FUN_001fb3d0",direct
"001e9658","FUN_001e9658","001e97c0","001fb6e0","FUN_001fb6e0",direct
"001e9658","FUN_001e9658","001e97c8","002336a0","FUN_002336a0",direct
"001e9658","FUN_001e9658","001e97d0","00233630","FUN_00233630",direct
"001e9658","FUN_001e9658","001e97d8","002337b0","FUN_002337b0",direct
"001e9658","FUN_001e9658","001e97e4","00122298","FUN_00122298",direct
"001e9658","FUN_001e9658","001e97ec","00217a10","FUN_00217a10",direct
"001e9658","FUN_001e9658","001e97f4","00209168","FUN_00209168",direct
"001e9658","FUN_001e9658","001e9800","001e9658","FUN_001e9658",tail
"001e9658","FUN_001e9658","001e9808","001e9658","FUN_001e9658",tail
"001e9658","FUN_001e9658","001e9814","001e9658","FUN_001e9658",tail
"001e9658","FUN_001e9658","001e981c","001e9658","FUN_001e9658",tail
"001e9658","FUN_001e9658","001e9824","001f4a58","FUN_001f4a58",direct
"001e9658","FUN_001e9658","001e9848","001e9658","FUN_001e9658",tail
"001e9658","FUN_001e9658","001e987c","0023a3b8","FUN_0023a3b8",direct
"001e9658","FUN_001e9658","001e9884","001e9658","FUN_001e9658",tail
"001e9658","FUN_001e9658","001e98b8","0023a3b8","FUN_0023a3b8",direct
"001e9658","FUN_001e9658","001e98c4","001f96f8","FUN_001f96f8",direct
"001e9658","FUN_001e9658","001e98cc","001f4a58","FUN_001f4a58",direct
"001e9658","FUN_001e9658","001e98d4","00118a80","FlushCache",direct
"001e9658","FUN_001e9658","001e98e4","001e9658","FUN_001e9658",tail
"001e9658","FUN_001e9658","001e98f8","0020b618","FUN_0020b618",direct
"001e9658","FUN_001e9658","001e9900","001e9658","FUN_001e9658",tail
"001e9658","FUN_001e9658","001e9910","0020b618","FUN_0020b618",direct
"001e9658","FUN_001e9658","001e9918","00118a80","FlushCache",direct
"001e9658","FUN_001e9658","001e9920","002335d0","FUN_002335d0",direct
"001e9658","FUN_001e9658","001e9930","001fb280","FUN_001fb280",direct
"001e9658","FUN_001e9658","001e9938","001fb2d0","FUN_001fb2d0",direct
"001e9658","FUN_001e9658","001e9940","001fb368","FUN_001fb368",direct
"001e9658","FUN_001e9658","001e994c","002012b8","FUN_002012b8",direct
"001e9658","FUN_001e9658","001e9954","001fb3d0","FUN_001fb3d0",direct
"001e9658","FUN_001e9658","001e995c","001fb6e0","FUN_001fb6e0",direct
"001e9658","FUN_001e9658","001e9964","002336a0","FUN_002336a0",direct
"001e9658","FUN_001e9658","001e996c","00233630","FUN_00233630",direct
"001e9658","FUN_001e9658","001e9974","002337b0","FUN_002337b0",direct
"001e9658","FUN_001e9658","001e997c","00122298","FUN_00122298",direct
"001e9658","FUN_001e9658","001e9998","001e93b0","FUN_001e93b0",direct
"001e9658","FUN_001e9658","001e99a8","0022d708","FUN_0022d708",direct
"001e9658","FUN_001e9658","001e99b0","0012e1a8","FUN_0012e1a8",direct
"001e9658","FUN_001e9658","001e9a08","001eb798","FUN_001eb798",direct
"001e9658","FUN_001e9658","001e9a20","001e9658","FUN_001e9658",tail
"001e9658","FUN_001e9658","001e9a28","001204b8","FUN_001204b8",direct
"001e9658","FUN_001e9658","001e9a4c","00121878","FUN_00121878",direct
"001e9658","FUN_001e9658","001e9a54","001f34e8","FUN_001f34e8",direct
"001e9658","FUN_001e9658","001e9a5c","001fb2a8","FUN_001fb2a8",direct
"001e9658","FUN_001e9658","001e9a88","00231ff0","FUN_00231ff0",direct
"001e9ab8","FUN_001e9ab8","001e9ac0","0022b4c8","FUN_0022b4c8",direct
"001e9ab8","FUN_001e9ab8","001e9ac8","0022ae70","FUN_0022ae70",direct
"001e9ab8","FUN_001e9ab8","001e9ad0","0022b558","FUN_0022b558",direct
"001e9ab8","FUN_001e9ab8","001e9ae0","00233980","FUN_00233980",direct
"001e9ab8","FUN_001e9ab8","001e9afc","00233980","FUN_00233980",direct
"001e9b10","FUN_001e9b10","001e9b64","001f97e8","FUN_001f97e8",direct
"001e9b10","FUN_001e9b10","001e9b78","001f97e8","FUN_001f97e8",direct
"001e9b10","FUN_001e9b10","001e9b8c","001f97e8","FUN_001f97e8",direct
"001e9b10","FUN_001e9b10","001e9b9c","001e9b10","FUN_001e9b10",tail
"001e9b10","FUN_001e9b10","001e9bb8","001e9b10","FUN_001e9b10",tail
"001e9b10","FUN_001e9b10","001e9bc0","00214970","FUN_00214970",direct
"001e9b10","FUN_001e9b10","001e9bc8","001e9b10","FUN_001e9b10",tail
"001e9b10","FUN_001e9b10","001e9be4","001e9b10","FUN_001e9b10",tail
"001e9b10","FUN_001e9b10","001e9bec","00214970","FUN_00214970",direct
"001e9b10","FUN_001e9b10","001e9c38","001f9810","FUN_001f9810",direct
"001e9b10","FUN_001e9b10","001e9c48","001f9810","FUN_001f9810",direct
"001e9b10","FUN_001e9b10","001e9ce0","001f2588","FUN_001f2588",direct
"001e9b10","FUN_001e9b10","001e9d38","001fb280","FUN_001fb280",direct
"001e9b10","FUN_001e9b10","001e9d44","002334d8","FUN_002334d8",direct
"001e9b10","FUN_001e9b10","001e9d54","001f9810","FUN_001f9810",direct
"001e9b10","FUN_001e9b10","001e9d64","001f9810","FUN_001f9810",direct
"001e9b10","FUN_001e9b10","001e9d78","001f9810","FUN_001f9810",direct
"001e9b10","FUN_001e9b10","001e9d94","001e9b10","FUN_001e9b10",tail
"001e9b10","FUN_001e9b10","001e9da0","001e93b0","FUN_001e93b0",direct
"001e9b10","FUN_001e9b10","001e9dac","001e9b10","FUN_001e9b10",tail
"001e9b10","FUN_001e9b10","001e9db8","001f9838","FUN_001f9838",direct
"001e9b10","FUN_001e9b10","001e9dc8","001e9b10","FUN_001e9b10",tail
"001e9b10","FUN_001e9b10","001e9dec","001e9b10","FUN_001e9b10",tail
"001e9b10","FUN_001e9b10","001e9dfc","001e9b10","FUN_001e9b10",tail
"001e9b10","FUN_001e9b10","001e9e14","001e9b10","FUN_001e9b10",tail
"001e9b10","FUN_001e9b10","001e9e2c","001e9b10","FUN_001e9b10",tail
"001e9b10","FUN_001e9b10","001e9e40","001e9b10","FUN_001e9b10",tail
"001e9b10","FUN_001e9b10","001e9e50","00234f98","FUN_00234f98",direct
"001e9b10","FUN_001e9b10","001e9e64","001e9b10","FUN_001e9b10",tail
"001e9b10","FUN_001e9b10","001e9e9c","001e9b10","FUN_001e9b10",tail
"001e9b10","FUN_001e9b10","001e9eac","001f97e8","FUN_001f97e8",direct
"001e9b10","FUN_001e9b10","001e9ee4","001e9b10","FUN_001e9b10",tail
"001e9b10","FUN_001e9b10","001e9ef4","001f97e8","FUN_001f97e8",direct
"001e9b10","FUN_001e9b10","001e9f20","001e9b10","FUN_001e9b10",tail
"001e9b10","FUN_001e9b10","001e9f7c","001e9b10","FUN_001e9b10",tail
"001e9b10","FUN_001e9b10","001ea064","001f9cf8","FUN_001f9cf8",direct
"001e9b10","FUN_001e9b10","001ea06c","001f9af0","FUN_001f9af0",direct
"001e9b10","FUN_001e9b10","001ea078","001f9af0","FUN_001f9af0",direct
"001e9b10","FUN_001e9b10","001ea084","001f99c8","FUN_001f99c8",direct
"001e9b10","FUN_001e9b10","001ea090","001f9af0","FUN_001f9af0",direct
"001e9b10","FUN_001e9b10","001ea09c","001f99c8","FUN_001f99c8",direct
"001e9b10","FUN_001e9b10","001ea0c8","001f9a80","FUN_001f9a80",direct
"001e9b10","FUN_001e9b10","001ea0d8","001f9a10","FUN_001f9a10",direct
"001e9b10","FUN_001e9b10","001ea0e8","001f9af0","FUN_001f9af0",direct
"001e9b10","FUN_001e9b10","001ea104","001f9af0","FUN_001f9af0",direct
"001e9b10","FUN_001e9b10","001ea120","001f9af0","FUN_001f9af0",direct
"001e9b10","FUN_001e9b10","001ea148","001f9838","FUN_001f9838",direct
"001e9b10","FUN_001e9b10","001ea164","001e9b10","FUN_001e9b10",tail
"001e9b10","FUN_001e9b10","001ea178","001e9b10","FUN_001e9b10",tail
"001e9b10","FUN_001e9b10","001ea194","001e9b10","FUN_001e9b10",tail
"001e9b10","FUN_001e9b10","001ea1a4","00237370","FUN_00237370",direct
"001e9b10","FUN_001e9b10","001ea1dc","001e9b10","FUN_001e9b10",tail
"001e9b10","FUN_001e9b10","001ea1ec","001f97e8","FUN_001f97e8",direct
"001e9b10","FUN_001e9b10","001ea220","001e9b10","FUN_001e9b10",tail
"001e9b10","FUN_001e9b10","001ea230","001f97e8","FUN_001f97e8",direct
"001e9b10","FUN_001e9b10","001ea260","001e9b10","FUN_001e9b10",tail
"001e9b10","FUN_001e9b10","001ea270","001f97e8","FUN_001f97e8",direct
"001e9b10","FUN_001e9b10","001ea2c0","001e9b10","FUN_001e9b10",tail
"001e9b10","FUN_001e9b10","001ea308","001e9b10","FUN_001e9b10",tail
"001e9b10","FUN_001e9b10","001ea370","001e9b10","FUN_001e9b10",tail
"001e9b10","FUN_001e9b10","001ea390","001e9b10","FUN_001e9b10",tail
"001e9b10","FUN_001e9b10","001ea398","001fa6d0","FUN_001fa6d0",direct
"001e9b10","FUN_001e9b10","001ea3a4","001fa6c0","FUN_001fa6c0",direct
"001e9b10","FUN_001e9b10","001ea3c4","001e9b10","FUN_001e9b10",tail
"001e9b10","FUN_001e9b10","001ea428","001f9af0","FUN_001f9af0",direct
"001e9b10","FUN_001e9b10","001ea434","001f9af0","FUN_001f9af0",direct
"001e9b10","FUN_001e9b10","001ea44c","001f9af0","FUN_001f9af0",direct
"001e9b10","FUN_001e9b10","001ea458","001fa6d0","FUN_001fa6d0",direct
"001e9b10","FUN_001e9b10","001ea464","001fa6d0","FUN_001fa6d0",direct
"001e9b10","FUN_001e9b10","001ea4d8","001f9cf8","FUN_001f9cf8",direct
"001e9b10","FUN_001e9b10","001ea4e0","001f9af0","FUN_001f9af0",direct
"001e9b10","FUN_001e9b10","001ea4ec","001f9af0","FUN_001f9af0",direct
"001e9b10","FUN_001e9b10","001ea4f8","001f99c8","FUN_001f99c8",direct
"001e9b10","FUN_001e9b10","001ea504","001f9af0","FUN_001f9af0",direct
"001e9b10","FUN_001e9b10","001ea510","001f99c8","FUN_001f99c8",direct
"001e9b10","FUN_001e9b10","001ea530","001f9a80","FUN_001f9a80",direct
"001e9b10","FUN_001e9b10","001ea540","001f9a10","FUN_001f9a10",direct
"001e9b10","FUN_001e9b10","001ea554","001e9b10","FUN_001e9b10",tail
"001e9b10","FUN_001e9b10","001ea568","001e9b10","FUN_001e9b10",tail
"001e9b10","FUN_001e9b10","001ea584","001e9b10","FUN_001e9b10",tail
"001e9b10","FUN_001e9b10","001ea594","0022a5e0","FUN_0022a5e0",direct
"001e9b10","FUN_001e9b10","001ea5a4","001e9b10","FUN_001e9b10",tail
"001e9b10","FUN_001e9b10","001ea60c","001e9b10","FUN_001e9b10",tail
"001e9b10","FUN_001e9b10","001ea618","001e9b10","FUN_001e9b10",tail
"001e9b10","FUN_001e9b10","001ea620","001e9b10","FUN_001e9b10",tail
"001e9b10","FUN_001e9b10","001ea62c","001e9b10","FUN_001e9b10",tail
"001e9b10","FUN_001e9b10","001ea66c","001e9b10","FUN_001e9b10",tail
"001e9b10","FUN_001e9b10","001ea680","001f97e8","FUN_001f97e8",direct
"001e9b10","FUN_001e9b10","001ea700","001f9810","FUN_001f9810",direct
"001e9b10","FUN_001e9b10","001ea718","001e9b10","FUN_001e9b10",tail
"001e9b10","FUN_001e9b10","001ea73c","001e9b10","FUN_001e9b10",tail
"001e9b10","FUN_001e9b10","001ea754","001e9b10","FUN_001e9b10",tail
"001e9b10","FUN_001e9b10","001ea774","001e9b10","FUN_001e9b10",tail
"001e9b10","FUN_001e9b10","001ea784","001e9b10","FUN_001e9b10",tail
"001e9b10","FUN_001e9b10","001ea7ac","001e9b10","FUN_001e9b10",tail
"001e9b10","FUN_001e9b10","001ea7bc","001f37e8","FUN_001f37e8",direct
"001e9b10","FUN_001e9b10","001ea7c4","00217020","FUN_00217020",direct
"001e9b10","FUN_001e9b10","001ea7cc","001f61e8","FUN_001f61e8",direct
"001ea830","FUN_001ea830","001ea870","002335a0","FUN_002335a0",direct
"001ea830","FUN_001ea830","001ea878","002015d8","FUN_002015d8",direct
"001ea830","FUN_001ea830","001ea8b8","001f97e8","FUN_001f97e8",direct
"001ea830","FUN_001ea830","001ea8cc","001f97e8","FUN_001f97e8",direct
"001ea830","FUN_001ea830","001ea8e4","001f97e8","FUN_001f97e8",direct
"001ea830","FUN_001ea830","001ea8f8","001f97e8","FUN_001f97e8",direct
"001ea830","FUN_001ea830","001ea900","001f2c60","FUN_001f2c60",direct
"001ea830","FUN_001ea830","001ea908","001f2d98","FUN_001f2d98",direct
"001ea830","FUN_001ea830","001ea910","002335d0","FUN_002335d0",direct
"001ea830","FUN_001ea830","001ea924","00216788","FUN_00216788",direct
"001ea830","FUN_001ea830","001ea92c","002168a8","FUN_002168a8",direct
"001ea830","FUN_001ea830","001ea934","00118a80","FlushCache",direct
"001ea830","FUN_001ea830","001ea944","0020b618","FUN_0020b618",direct
"001ea830","FUN_001ea830","001ea950","00118a80","FlushCache",direct
"001ea830","FUN_001ea830","001ea96c","00203120","FUN_00203120",direct
"001ea830","FUN_001ea830","001eaa10","001ea830","FUN_001ea830",tail
"001ea830","FUN_001ea830","001eaa2c","001f97a0","FUN_001f97a0",direct
"001ea830","FUN_001ea830","001eaa58","001ea830","FUN_001ea830",tail
"001ea830","FUN_001ea830","001eaa70","001ea830","FUN_001ea830",tail
"001ea830","FUN_001ea830","001eaa8c","001f97a0","FUN_001f97a0",direct
"001ea830","FUN_001ea830","001eaab8","001ea830","FUN_001ea830",tail
"001ea830","FUN_001ea830","001eaad0","001ea830","FUN_001ea830",tail
"001ea830","FUN_001ea830","001eaaec","001f97a0","FUN_001f97a0",direct
"001ea830","FUN_001ea830","001eab18","001ea830","FUN_001ea830",tail
"001ea830","FUN_001ea830","001eab30","001ea830","FUN_001ea830",tail
"001ea830","FUN_001ea830","001eab4c","001f97a0","FUN_001f97a0",direct
"001ea830","FUN_001ea830","001eab78","001ea830","FUN_001ea830",tail
"001ea830","FUN_001ea830","001eab90","002040e0","FUN_002040e0",direct
"001ea830","FUN_001ea830","001eab9c","002028e0","FUN_002028e0",direct
"001ea830","FUN_001ea830","001eabc0","001ea830","FUN_001ea830",tail
"001ea830","FUN_001ea830","001eabe4","00203640","FUN_00203640",direct
"001ea830","FUN_001ea830","001eabf4","001ea830","FUN_001ea830",tail
"001ea830","FUN_001ea830","001eac08","001ea830","FUN_001ea830",tail
"001ea830","FUN_001ea830","001eac30","00203730","FUN_00203730",direct
"001ea830","FUN_001ea830","001eac40","001ea830","FUN_001ea830",tail
"001ea830","FUN_001ea830","001eac54","001ea830","FUN_001ea830",tail
"001ea830","FUN_001ea830","001eac7c","00203b08","FUN_00203b08",direct
"001ea830","FUN_001ea830","001eac8c","001ea830","FUN_001ea830",tail
"001ea830","FUN_001ea830","001eacb4","00202800","FUN_00202800",direct
"001ea830","FUN_001ea830","001eacd8","002026c8","FUN_002026c8",direct
"001ea830","FUN_001ea830","001ead08","00122330","FUN_00122330",direct
"001ea830","FUN_001ea830","001ead10","00118a80","FlushCache",direct
"001ea830","FUN_001ea830","001ead20","00122658","FUN_00122658",direct
"001ea830","FUN_001ea830","001ead2c","00120558","FUN_00120558",direct
"001ea830","FUN_001ea830","001ead80","001e9b10","FUN_001e9b10",direct
"001ea830","FUN_001ea830","001ead94","001f97e8","FUN_001f97e8",direct
"001ea830","FUN_001ea830","001eada8","001f97e8","FUN_001f97e8",direct
"001ea830","FUN_001ea830","001eadd8","001ea830","FUN_001ea830",tail
"001ea830","FUN_001ea830","001eae08","001ea830","FUN_001ea830",tail
"001ea830","FUN_001ea830","001eae14","001ea830","FUN_001ea830",tail
"001ea830","FUN_001ea830","001eae20","002049f0","FUN_002049f0",direct
"001ea830","FUN_001ea830","001eae40","00216828","FUN_00216828",direct
"001ea830","FUN_001ea830","001eae78","001eaf50","FUN_001eaf50",direct
"001ea830","FUN_001ea830","001eae88","001ea830","FUN_001ea830",tail
"001ea830","FUN_001ea830","001eaec0","001ea830","FUN_001ea830",tail
"001ea830","FUN_001ea830","001eaed0","001ea830","FUN_001ea830",tail
"001ea830","FUN_001ea830","001eaed8","001eaf50","FUN_001eaf50",direct
"001ea830","FUN_001ea830","001eaeec","001ea830","FUN_001ea830",tail
"001eaf88","FUN_001eaf88","001eafd0","001f2d98","FUN_001f2d98",direct
"001eaf88","FUN_001eaf88","001eafe8","00125218","FUN_00125218",direct
"001eaf88","FUN_001eaf88","001eaff8","00125360","FUN_00125360",direct
"001eaf88","FUN_001eaf88","001eb008","00125408","FUN_00125408",direct
"001eaf88","FUN_001eaf88","001eb018","001252b8","FUN_001252b8",direct
"001eb0a8","FUN_001eb0a8","001eb0c8","001e9430","FUN_001e9430",direct
"001eb0a8","FUN_001eb0a8","001eb110","001eb0a8","FUN_001eb0a8",tail
"001eb0a8","FUN_001eb0a8","001eb128","001eb0a8","FUN_001eb0a8",tail
"001eb0a8","FUN_001eb0a8","001eb138","002049f0","FUN_002049f0",direct
"001eb0a8","FUN_001eb0a8","001eb140","001eb0a8","FUN_001eb0a8",tail
"001eb0a8","FUN_001eb0a8","001eb148","001eb0a8","FUN_001eb0a8",tail
"001eb0a8","FUN_001eb0a8","001eb158","002049f0","FUN_002049f0",direct
"001eb0a8","FUN_001eb0a8","001eb160","001eaf88","FUN_001eaf88",direct
"001eb0a8","FUN_001eb0a8","001eb170","001eb0a8","FUN_001eb0a8",tail
"001eb0a8","FUN_001eb0a8","001eb1a8","0020c880","FUN_0020c880",direct
"001eb0a8","FUN_001eb0a8","001eb1b4","001fa6c0","FUN_001fa6c0",direct
"001eb0a8","FUN_001eb0a8","001eb1e0","001f9a68","FUN_001f9a68",direct
"001eb0a8","FUN_001eb0a8","001eb1f8","001f9a68","FUN_001f9a68",direct
"001eb0a8","FUN_001eb0a8","001eb208","001f9a10","FUN_001f9a10",direct
"001eb0a8","FUN_001eb0a8","001eb218","0020def8","FUN_0020def8",direct
"001eb0a8","FUN_001eb0a8","001eb224","001eb0a8","FUN_001eb0a8",tail
"001eb0a8","FUN_001eb0a8","001eb22c","001e9410","FUN_001e9410",direct
"001eb0a8","FUN_001eb0a8","001eb240","001eb0a8","FUN_001eb0a8",tail
"001eb0a8","FUN_001eb0a8","001eb248","001e9428","FUN_001e9428",direct
"001eb0a8","FUN_001eb0a8","001eb258","001eb0a8","FUN_001eb0a8",tail
"001eb0a8","FUN_001eb0a8","001eb270","001f96f8","FUN_001f96f8",direct
"001eb0a8","FUN_001eb0a8","001eb284","001eb0a8","FUN_001eb0a8",tail
"001eb0a8","FUN_001eb0a8","001eb294","001eb0a8","FUN_001eb0a8",tail
"001eb0a8","FUN_001eb0a8","001eb2a8","001f96f8","FUN_001f96f8",direct
"001eb0a8","FUN_001eb0a8","001eb2bc","001eb0a8","FUN_001eb0a8",tail
"001eb0a8","FUN_001eb0a8","001eb2c4","001f96f8","FUN_001f96f8",direct
"001eb0a8","FUN_001eb0a8","001eb2e4","001eb0a8","FUN_001eb0a8",tail
"001eb0a8","FUN_001eb0a8","001eb314","001f9dc8","FUN_001f9dc8",direct
"001eb0a8","FUN_001eb0a8","001eb34c","001eb0a8","FUN_001eb0a8",tail
"001eb0a8","FUN_001eb0a8","001eb354","00218f68","FUN_00218f68",direct
"001eb0a8","FUN_001eb0a8","001eb35c","001eb0a8","FUN_001eb0a8",tail
"001eb0a8","FUN_001eb0a8","001eb364","001eb0a8","FUN_001eb0a8",tail
"001eb0a8","FUN_001eb0a8","001eb36c","001f96f8","FUN_001f96f8",direct
"001eb0a8","FUN_001eb0a8","001eb388","001eb0a8","FUN_001eb0a8",tail
"001eb0a8","FUN_001eb0a8","001eb3a4","001eb0a8","FUN_001eb0a8",tail
"001eb0a8","FUN_001eb0a8","001eb3b4","002192a8","FUN_002192a8",direct
"001eb0a8","FUN_001eb0a8","001eb3bc","0022ca50","FUN_0022ca50",direct
"001eb0a8","FUN_001eb0a8","001eb3c4","001eb0a8","FUN_001eb0a8",tail
"001eb0a8","FUN_001eb0a8","001eb3cc","001eb0a8","FUN_001eb0a8",tail
"001eb0a8","FUN_001eb0a8","001eb3d4","001fce28","FUN_001fce28",direct
"001eb0a8","FUN_001eb0a8","001eb3dc","0022ca50","FUN_0022ca50",direct
"001eb410","FUN_001eb410","001eb41c","001eb410","FUN_001eb410",tail
"001eb410","FUN_001eb410","001eb428","001eb410","FUN_001eb410",tail
"001eb410","FUN_001eb410","001eb430","001fb368","FUN_001fb368",direct
"001eb410","FUN_001eb410","001eb444","001f97e8","FUN_001f97e8",direct
"001eb410","FUN_001eb410","001eb44c","001eaf88","FUN_001eaf88",direct
"001eb410","FUN_001eb410","001eb454","001f2260","FUN_001f2260",direct
"001eb410","FUN_001eb410","001eb45c","0020cc60","FUN_0020cc60",direct
"001eb410","FUN_001eb410","001eb464","001f3868","FUN_001f3868",direct
"001eb410","FUN_001eb410","001eb478","001eb410","FUN_001eb410",tail
"001eb410","FUN_001eb410","001eb480","001e9ab8","FUN_001e9ab8",direct
"001eb410","FUN_001eb410","001eb488","002333a8","FUN_002333a8",direct
"001eb410","FUN_001eb410","001eb490","00233f78","FUN_00233f78",direct
"001eb410","FUN_001eb410","001eb498","002358c8","FUN_002358c8",direct
"001eb410","FUN_001eb410","001eb4a0","00233f78","FUN_00233f78",direct
"001eb410","FUN_001eb410","001eb4a8","00228b38","FUN_00228b38",direct
"001eb410","FUN_001eb410","001eb4b0","00233f78","FUN_00233f78",direct
"001eb410","FUN_001eb410","001eb4c4","001eb410","FUN_001eb410",tail
"001eb410","FUN_001eb410","001eb4cc","002196b8","FUN_002196b8",direct
"001eb410","FUN_001eb410","001eb4d4","001eb410","FUN_001eb410",tail
"001eb410","FUN_001eb410","001eb4dc","0020d460","FUN_0020d460",direct
"001eb410","FUN_001eb410","001eb4e4","00233f78","FUN_00233f78",direct
"001eb410","FUN_001eb410","001eb4ec","001f4280","FUN_001f4280",direct
"001eb410","FUN_001eb410","001eb4f4","00233c28","FUN_00233c28",direct
"001eb410","FUN_001eb410","001eb504","001eb410","FUN_001eb410",tail
"001eb410","FUN_001eb410","001eb50c","001f4650","FUN_001f4650",direct
"001eb410","FUN_001eb410","001eb514","00233c28","FUN_00233c28",direct
"001eb410","FUN_001eb410","001eb524","001eb410","FUN_001eb410",tail
"001eb410","FUN_001eb410","001eb52c","00233980","FUN_00233980",direct
"001eb410","FUN_001eb410","001eb534","00233c28","FUN_00233c28",direct
"001eb410","FUN_001eb410","001eb53c","00118a80","FlushCache",direct
"001eb410","FUN_001eb410","001eb544","00217c18","FUN_00217c18",direct
"001eb410","FUN_001eb410","001eb558","001fb680","FUN_001fb680",direct
"001eb410","FUN_001eb410","001eb560","001f3868","FUN_001f3868",direct
"001eb410","FUN_001eb410","001eb570","001eb410","FUN_001eb410",tail
"001eb410","FUN_001eb410","001eb5ac","001f5450","FUN_001f5450",direct
"001eb410","FUN_001eb410","001eb5bc","001eb410","FUN_001eb410",tail
"001eb410","FUN_001eb410","001eb5d4","001f44b8","FUN_001f44b8",direct
"001eb410","FUN_001eb410","001eb620","001f5450","FUN_001f5450",direct
"001eb410","FUN_001eb410","001eb628","001f4398","FUN_001f4398",direct
"001eb410","FUN_001eb410","001eb648","001eb410","FUN_001eb410",tail
"001eb410","FUN_001eb410","001eb664","001eb410","FUN_001eb410",tail
"001eb410","FUN_001eb410","001eb67c","001fa6d0","FUN_001fa6d0",direct
"001eb410","FUN_001eb410","001eb690","001f5210","FUN_001f5210",direct
"001eb410","FUN_001eb410","001eb69c","002334d8","FUN_002334d8",direct
"001eb410","FUN_001eb410","001eb6a4","00118a80","FlushCache",direct
"001eb410","FUN_001eb410","001eb6b8","001eb410","FUN_001eb410",tail
"001eb410","FUN_001eb410","001eb6c0","001fbc50","FUN_001fbc50",direct
"001eb410","FUN_001eb410","001eb6c8","002337b0","FUN_002337b0",direct
"001eb410","FUN_001eb410","001eb6d4","00234f98","FUN_00234f98",direct
"001eb410","FUN_001eb410","001eb6dc","00233308","FUN_00233308",direct
"001eb410","FUN_001eb410","001eb6e4","002337b0","FUN_002337b0",direct
"001eb410","FUN_001eb410","001eb6f0","00237370","FUN_00237370",direct
"001eb410","FUN_001eb410","001eb6f8","00235780","FUN_00235780",direct
"001eb410","FUN_001eb410","001eb700","002337b0","FUN_002337b0",direct
"001eb410","FUN_001eb410","001eb70c","0022a5e0","FUN_0022a5e0",direct
"001eb410","FUN_001eb410","001eb714","00228a30","FUN_00228a30",direct
"001eb410","FUN_001eb410","001eb71c","002337b0","FUN_002337b0",direct
"001eb410","FUN_001eb410","001eb724","0020cef8","FUN_0020cef8",direct
"001eb410","FUN_001eb410","001eb72c","001f2588","FUN_001f2588",direct
"001eb740","FUN_001eb740","001eb744","001eb740","FUN_001eb740",tail
"001eb740","FUN_001eb740","001eb770","001eb740","FUN_001eb740",tail
"001eb740","FUN_001eb740","001eb784","001eb740","FUN_001eb740",tail
"001eb798","FUN_001eb798","001eb7f0","00209370","FUN_00209370",direct
"001eb798","FUN_001eb798","001eb7f8","001ea830","FUN_001ea830",direct
"001eb798","FUN_001eb798","001eb820","00216828","FUN_00216828",direct
"001eb798","FUN_001eb798","001eb848","00216828","FUN_00216828",direct
"001eb798","FUN_001eb798","001eb870","00216828","FUN_00216828",direct
"001eb798","FUN_001eb798","001eb898","00216828","FUN_00216828",direct
"001eb798","FUN_001eb798","001eb8c0","00216828","FUN_00216828",direct
"001eb798","FUN_001eb798","001eb8e8","00216828","FUN_00216828",direct
"001eb798","FUN_001eb798","001eb8f8","001ff260","FUN_001ff260",direct
"001eb798","FUN_001eb798","001eb900","00232ce0","FUN_00232ce0",direct
"001eb798","FUN_001eb798","001eb908","00232d00","FUN_00232d00",direct
"001eb798","FUN_001eb798","001eb910","001fee88","FUN_001fee88",direct
"001eb798","FUN_001eb798","001eb918","00202a98","FUN_00202a98",direct
"001eb798","FUN_001eb798","001eb928","001eb798","FUN_001eb798",tail
"001eb798","FUN_001eb798","001eb938","001eb798","FUN_001eb798",tail
"001eb798","FUN_001eb798","001eb940","00122298","FUN_00122298",direct
"001eb798","FUN_001eb798","001eb948","001f96f8","FUN_001f96f8",direct
"001eb798","FUN_001eb798","001eb954","001eb798","FUN_001eb798",tail
"001eb798","FUN_001eb798","001eb95c","0012eb00","FUN_0012eb00",direct
"001eb798","FUN_001eb798","001eb968","0012dc80","FUN_0012dc80",direct
"001eb798","FUN_001eb798","001eb97c","001eb798","FUN_001eb798",tail
"001eb798","FUN_001eb798","001eb984","001160d8","FUN_001160d8",direct
"001eb798","FUN_001eb798","001eb9a4","0012eaf0","FUN_0012eaf0",direct
"001eb798","FUN_001eb798","001eb9b4","001eb798","FUN_001eb798",tail
"001eb798","FUN_001eb798","001eb9d0","002336a0","FUN_002336a0",direct
"001eb798","FUN_001eb798","001eb9d8","00233630","FUN_00233630",direct
"001eb798","FUN_001eb798","001eb9e0","001fb3d0","FUN_001fb3d0",direct
"001eb798","FUN_001eb798","001eb9e8","001fb6e0","FUN_001fb6e0",direct
"001eb798","FUN_001eb798","001eb9f0","001fb2d0","FUN_001fb2d0",direct
"001eb798","FUN_001eb798","001eb9f8","002093d8","FUN_002093d8",direct
"001eb798","FUN_001eb798","001eba00","00208840","FUN_00208840",direct
"001eb798","FUN_001eb798","001eba08","00217a10","FUN_00217a10",direct
"001eb798","FUN_001eb798","001eba10","001eaf50","FUN_001eaf50",direct
"001eb798","FUN_001eb798","001eba28","001eb798","FUN_001eb798",tail
"001eb798","FUN_001eb798","001eba58","001eb798","FUN_001eb798",tail
"001eb798","FUN_001eb798","001eba6c","001eb798","FUN_001eb798",tail
"001eb798","FUN_001eb798","001eba78","001eb798","FUN_001eb798",tail
"001eb798","FUN_001eb798","001eba80","001eb798","FUN_001eb798",tail
"001eb798","FUN_001eb798","001eba90","001eb798","FUN_001eb798",tail
"001eb798","FUN_001eb798","001eba9c","001eb798","FUN_001eb798",tail
"001eb798","FUN_001eb798","001ebaa4","001eb740","FUN_001eb740",direct
"001eb798","FUN_001eb798","001ebaac","001eb798","FUN_001eb798",tail
"001eb798","FUN_001eb798","001ebabc","0022dba0","FUN_0022dba0",direct
"001eb798","FUN_001eb798","001ebac4","001eb798","FUN_001eb798",tail
"001eb798","FUN_001eb798","001ebacc","001eb740","FUN_001eb740",direct
"001eb798","FUN_001eb798","001ebad4","001eb798","FUN_001eb798",tail
"001eb798","FUN_001eb798","001ebadc","0022d798","FUN_0022d798",direct
"001eb798","FUN_001eb798","001ebaf0","001eb798","FUN_001eb798",tail
"001eb798","FUN_001eb798","001ebaf8","001eb0a8","FUN_001eb0a8",direct
"001eb798","FUN_001eb798","001ebb00","001eb410","FUN_001eb410",direct
"001eb798","FUN_001eb798","001ebb10","001eb798","FUN_001eb798",tail
"001eb798","FUN_001eb798","001ebb1c","001f96f8","FUN_001f96f8",direct
"001eb798","FUN_001eb798","001ebb28","001eb798","FUN_001eb798",tail
"001eb798","FUN_001eb798","001ebb34","001e9488","FUN_001e9488",direct
"001eb798","FUN_001eb798","001ebb68","002049f0","FUN_002049f0",direct
"001eb798","FUN_001eb798","001ebb80","002335d0","FUN_002335d0",direct
"001eb798","FUN_001eb798","001ebb88","001eb798","FUN_001eb798",tail
"001eb798","FUN_001eb798","001ebba0","001eb798","FUN_001eb798",tail
"001eb798","FUN_001eb798","001ebbac","001f4a58","FUN_001f4a58",direct
"001eb798","FUN_001eb798","001ebbb4","001204b8","FUN_001204b8",direct
"001eb798","FUN_001eb798","001ebbd8","00121878","FUN_00121878",direct
"001eb798","FUN_001eb798","001ebbe8","001f34e8","FUN_001f34e8",direct
"001eb798","FUN_001eb798","001ebbf8","002337b0","FUN_002337b0",direct
"001eb798","FUN_001eb798","001ebc00","00122298","FUN_00122298",direct
"001eb798","FUN_001eb798","001ebc24","001eb798","FUN_001eb798",tail
"001eb798","FUN_001eb798","001ebc2c","001eb798","FUN_001eb798",tail
"001ebc90","FUN_001ebc90","001ebcb4","001f98d0","FUN_001f98d0",direct
"001ebc90","FUN_001ebc90","001ebccc","001f98d0","FUN_001f98d0",direct
"001ebcf0","FUN_001ebcf0","001ebd08","001ebcf0","FUN_001ebcf0",tail
"001ebcf0","FUN_001ebcf0","001ebd38","001ebcf0","FUN_001ebcf0",tail
"001ebd78","FUN_001ebd78","001ebdb4","001ebd78","FUN_001ebd78",tail
"001ebd78","FUN_001ebd78","001ebdc4","001ebd78","FUN_001ebd78",tail
"001ebd78","FUN_001ebd78","001ebdd8","001ebd78","FUN_001ebd78",tail
"001ebd78","FUN_001ebd78","001ebde0","001f99c0","FUN_001f99c0",direct
"001ebd78","FUN_001ebd78","001ebdf4","001ebd78","FUN_001ebd78",tail
"001ebd78","FUN_001ebd78","001ebdfc","001f99c0","FUN_001f99c0",direct
"001ebd78","FUN_001ebd78","001ebe04","001ebd78","FUN_001ebd78",tail
"001ebd78","FUN_001ebd78","001ebe0c","001f99c0","FUN_001f99c0",direct
"001ebd78","FUN_001ebd78","001ebe24","001ebd78","FUN_001ebd78",tail
"001ebd78","FUN_001ebd78","001ebe2c","001f99c0","FUN_001f99c0",direct
"001ebe68","FUN_001ebe68","001ebe7c","001ebe68","FUN_001ebe68",tail
"001ebe68","FUN_001ebe68","001ebe88","001ebe68","FUN_001ebe68",tail
"001ebe68","FUN_001ebe68","001ebe90","001e9448","FUN_001e9448",direct
"001ebe68","FUN_001ebe68","001ebe98","001ebe68","FUN_001ebe68",tail
"001ebe68","FUN_001ebe68","001ebea4","001ebe68","FUN_001ebe68",tail
"001ebe68","FUN_001ebe68","001ebeac","0020c828","FUN_0020c828",direct
"001ebec8","FUN_001ebec8","001ebef0","001ebec8","FUN_001ebec8",tail
"001ebf10","FUN_001ebf10","001ebf60","001ebf10","FUN_001ebf10",tail
"001ebf10","FUN_001ebf10","001ebf70","001ebf10","FUN_001ebf10",tail
"001ebf10","FUN_001ebf10","001ebf80","001ebf10","FUN_001ebf10",tail
"001ebf10","FUN_001ebf10","001ebf88","001ebf10","FUN_001ebf10",tail
"001ebf10","FUN_001ebf10","001ebf94","001ebf10","FUN_001ebf10",tail
"001ebf10","FUN_001ebf10","001ebf9c","001ebf10","FUN_001ebf10",tail
"001ebf10","FUN_001ebf10","001ebfa8","001ebf10","FUN_001ebf10",tail
"001ebf10","FUN_001ebf10","001ebfc8","001ebf10","FUN_001ebf10",tail
"001ebf10","FUN_001ebf10","001ebfd4","001ebf10","FUN_001ebf10",tail
"001ebf10","FUN_001ebf10","001ebff0","001ebf10","FUN_001ebf10",tail
"001ebf10","FUN_001ebf10","001ebff8","001ebf10","FUN_001ebf10",tail
"001ebf10","FUN_001ebf10","001ec014","001ebf10","FUN_001ebf10",tail
"001ebf10","FUN_001ebf10","001ec01c","001fa6d0","FUN_001fa6d0",direct
"001ebf10","FUN_001ebf10","001ec024","001ebf10","FUN_001ebf10",tail
"001ebf10","FUN_001ebf10","001ec03c","001ebf10","FUN_001ebf10",tail
"001ebf10","FUN_001ebf10","001ec04c","001ebf10","FUN_001ebf10",tail
"001ebf10","FUN_001ebf10","001ec054","001ebf10","FUN_001ebf10",tail
"001ebf10","FUN_001ebf10","001ec05c","001ebf10","FUN_001ebf10",tail
"001ebf10","FUN_001ebf10","001ec064","001ebf10","FUN_001ebf10",tail
"001ebf10","FUN_001ebf10","001ec06c","001ebf10","FUN_001ebf10",tail
"001ebf10","FUN_001ebf10","001ec0bc","001ebf10","FUN_001ebf10",tail
"001ebf10","FUN_001ebf10","001ec0c8","001ebf10","FUN_001ebf10",tail
"001ebf10","FUN_001ebf10","001ec0e8","001ebf10","FUN_001ebf10",tail
"001ebf10","FUN_001ebf10","001ec0f4","001ebf10","FUN_001ebf10",tail
"001ebf10","FUN_001ebf10","001ec118","001ebf10","FUN_001ebf10",tail
"001ebf10","FUN_001ebf10","001ec140","001ebf10","FUN_001ebf10",tail
"001ebf10","FUN_001ebf10","001ec14c","001ebf10","FUN_001ebf10",tail
"001ebf10","FUN_001ebf10","001ec154","001ebf10","FUN_001ebf10",tail
"001ebf10","FUN_001ebf10","001ec188","001f98d0","FUN_001f98d0",direct
"001ebf10","FUN_001ebf10","001ec1a4","001ebec8","FUN_001ebec8",direct
"001ebf10","FUN_001ebf10","001ec1ac","001ebc90","FUN_001ebc90",direct
"001ebf10","FUN_001ebf10","001ec1bc","001ebf10","FUN_001ebf10",tail
"001ec210","FUN_001ec210","001ec230","001ec210","FUN_001ec210",tail
"001ec210","FUN_001ec210","001ec254","001ec210","FUN_001ec210",tail
"001ec210","FUN_001ec210","001ec26c","001ec210","FUN_001ec210",tail
"001ec210","FUN_001ec210","001ec274","001ec210","FUN_001ec210",tail
"001ec210","FUN_001ec210","001ec284","001ec210","FUN_001ec210",tail
"001ec210","FUN_001ec210","001ec29c","001ec210","FUN_001ec210",computed
"001ec210","FUN_001ec210","001ec29c","001ec210","FUN_001ec210",computed
"001ec210","FUN_001ec210","001ec29c","001ec210","FUN_001ec210",computed
"001ec210","FUN_001ec210","001ec29c","001ec210","FUN_001ec210",computed
"001ec210","FUN_001ec210","001ec29c","001ec210","FUN_001ec210",computed
"001ec210","FUN_001ec210","001ec2a8","001ec210","FUN_001ec210",tail
"001ec210","FUN_001ec210","001ec2b0","001ec210","FUN_001ec210",tail
"001ec210","FUN_001ec210","001ec2bc","001ec210","FUN_001ec210",tail
"001ec210","FUN_001ec210","001ec2cc","001ec210","FUN_001ec210",tail
"001ec210","FUN_001ec210","001ec2e8","001ec210","FUN_001ec210",tail
"001ec210","FUN_001ec210","001ec2f4","001ec210","FUN_001ec210",tail
"001ec210","FUN_001ec210","001ec308","001ec210","FUN_001ec210",tail
"001ec210","FUN_001ec210","001ec318","00214720","FUN_00214720",direct
"001ec210","FUN_001ec210","001ec320","001ec210","FUN_001ec210",tail
"001ec210","FUN_001ec210","001ec328","001ec210","FUN_001ec210",tail
"001ec210","FUN_001ec210","001ec340","001ec210","FUN_001ec210",tail
"001ec210","FUN_001ec210","001ec34c","001ec210","FUN_001ec210",tail
"001ec210","FUN_001ec210","001ec360","001ec210","FUN_001ec210",tail
"001ec210","FUN_001ec210","001ec368","001ec210","FUN_001ec210",tail
"001ec210","FUN_001ec210","001ec38c","001ec210","FUN_001ec210",tail
"001ec210","FUN_001ec210","001ec3a4","001ec210","FUN_001ec210",tail
"001ec210","FUN_001ec210","001ec3b0","001ec210","FUN_001ec210",tail
"001ec3d8","FUN_001ec3d8","001ec400","001ec3d8","FUN_001ec3d8",tail
"001ec420","FUN_001ec420","001ec44c","001ec3d8","FUN_001ec3d8",direct
"001ec420","FUN_001ec420","001ec46c","001ec420","FUN_001ec420",tail
"001ec420","FUN_001ec420","001ec474","001ec420","FUN_001ec420",tail
"001ec420","FUN_001ec420","001ec47c","001ec210","FUN_001ec210",direct
"001ec420","FUN_001ec420","001ec484","001ec420","FUN_001ec420",tail
"001ec420","FUN_001ec420","001ec49c","001ec420","FUN_001ec420",tail
"001ec420","FUN_001ec420","001ec4a4","001ec420","FUN_001ec420",tail
"001ec420","FUN_001ec420","001ec4ac","001ebf10","FUN_001ebf10",direct
"001ec420","FUN_001ec420","001ec4d0","001ebe68","FUN_001ebe68",direct
"001ec420","FUN_001ec420","001ec4d8","001ec420","FUN_001ec420",tail
"001ec420","FUN_001ec420","001ec504","001ebcf0","FUN_001ebcf0",direct
"001ec530","FUN_001ec530","001ec574","001f9a28","FUN_001f9a28",direct
"001ec530","FUN_001ec530","001ec584","001f9ab0","FUN_001f9ab0",direct
"001ec530","FUN_001ec530","001ec598","001f9bf8","FUN_001f9bf8",direct
"001ec530","FUN_001ec530","001ec5ac","001f9a28","FUN_001f9a28",direct
"001ec530","FUN_001ec530","001ec5b8","001f9ab0","FUN_001f9ab0",direct
"001ec530","FUN_001ec530","001ec5c4","001f9af0","FUN_001f9af0",direct
"001ec530","FUN_001ec530","001ec5d4","001ec530","FUN_001ec530",tail
"001ec530","FUN_001ec530","001ec5fc","001f9df8","FUN_001f9df8",direct
"001ec530","FUN_001ec530","001ec614","001f9bf8","FUN_001f9bf8",direct
"001ec530","FUN_001ec530","001ec620","001f9ab0","FUN_001f9ab0",direct
"001ec530","FUN_001ec530","001ec630","001ec530","FUN_001ec530",tail
"001ec530","FUN_001ec530","001ec64c","00214890","FUN_00214890",direct
"001ec530","FUN_001ec530","001ec658","001f9ab0","FUN_001f9ab0",direct
"001ec530","FUN_001ec530","001ec664","001f9af0","FUN_001f9af0",direct
"001ec530","FUN_001ec530","001ec674","001ec530","FUN_001ec530",tail
"001ec530","FUN_001ec530","001ec688","001f9df8","FUN_001f9df8",direct
"001ec530","FUN_001ec530","001ec69c","001f9bf8","FUN_001f9bf8",direct
"001ec530","FUN_001ec530","001ec6a8","001f9ab0","FUN_001f9ab0",direct
"001ec530","FUN_001ec530","001ec6b8","001ec530","FUN_001ec530",tail
"001ec530","FUN_001ec530","001ec6c8","001f9af0","FUN_001f9af0",direct
"001ec710","FUN_001ec710","001ec750","001f9bf8","FUN_001f9bf8",direct
"001ec710","FUN_001ec710","001ec768","001f9bf8","FUN_001f9bf8",direct
"001ec710","FUN_001ec710","001ec780","001f9bf8","FUN_001f9bf8",direct
"001ec710","FUN_001ec710","001ec7b4","001ec530","FUN_001ec530",direct
"001ec7f0","FUN_001ec7f0","001ec808","001ec7f0","FUN_001ec7f0",tail
"001ec7f0","FUN_001ec7f0","001ec828","001ec7f0","FUN_001ec7f0",tail
"001ec7f0","FUN_001ec7f0","001ec83c","001f9a10","FUN_001f9a10",direct
"001ec868","FUN_001ec868","001ec874","001ec868","FUN_001ec868",tail
"001ec8a0","FUN_001ec8a0","001ec8d4","001ec8a0","FUN_001ec8a0",tail
"001ec8a0","FUN_001ec8a0","001ec8e0","001ec8a0","FUN_001ec8a0",tail
"001ec8a0","FUN_001ec8a0","001ec8fc","002144d8","FUN_002144d8",direct
"001ec8a0","FUN_001ec8a0","001ec904","001ec8a0","FUN_001ec8a0",tail
"001ec8a0","FUN_001ec8a0","001ec90c","001ec8a0","FUN_001ec8a0",tail
"001ec8a0","FUN_001ec8a0","001ec928","002144d8","FUN_002144d8",direct
"001ec8a0","FUN_001ec8a0","001ec930","001ec710","FUN_001ec710",direct
"001ec8a0","FUN_001ec8a0","001ec938","001ec8a0","FUN_001ec8a0",tail
"001ec8a0","FUN_001ec8a0","001ec95c","001f9bf8","FUN_001f9bf8",direct
"001ec8a0","FUN_001ec8a0","001ec974","001f9bf8","FUN_001f9bf8",direct
"001ec8a0","FUN_001ec8a0","001ec98c","001f9bf8","FUN_001f9bf8",direct
"001ec8a0","FUN_001ec8a0","001ec9ac","001ec530","FUN_001ec530",direct
"001ec8a0","FUN_001ec8a0","001ec9b8","002144d8","FUN_002144d8",direct
"001ec8a0","FUN_001ec8a0","001ec9cc","001ec8a0","FUN_001ec8a0",tail
"001ec8a0","FUN_001ec8a0","001ec9dc","001ec8a0","FUN_001ec8a0",tail
"001ec8a0","FUN_001ec8a0","001ec9e4","001ec7f0","FUN_001ec7f0",direct
"001ec8a0","FUN_001ec8a0","001ec9ec","001ec710","FUN_001ec710",direct
"001ec8a0","FUN_001ec8a0","001ec9f4","001ec8a0","FUN_001ec8a0",tail
"001ec8a0","FUN_001ec8a0","001ec9fc","001ec8a0","FUN_001ec8a0",tail
"001ec8a0","FUN_001ec8a0","001eca04","001ec7f0","FUN_001ec7f0",direct
"001ec8a0","FUN_001ec8a0","001eca1c","001ec8a0","FUN_001ec8a0",tail
"001ec8a0","FUN_001ec8a0","001eca24","001ec8a0","FUN_001ec8a0",tail
"001ec8a0","FUN_001ec8a0","001eca2c","001ec868","FUN_001ec868",direct
"001ec8a0","FUN_001ec8a0","001eca48","001ec8a0","FUN_001ec8a0",tail
"001ec8a0","FUN_001ec8a0","001eca8c","001ec8a0","FUN_001ec8a0",tail
"001ec8a0","FUN_001ec8a0","001ecaa4","001f96f8","FUN_001f96f8",direct
"001ec8a0","FUN_001ec8a0","001ecab0","001fa6c0","FUN_001fa6c0",direct
"001ecaf8","FUN_001ecaf8","001ecb34","001ecaf8","FUN_001ecaf8",tail
"001ecaf8","FUN_001ecaf8","001ecb48","001ecaf8","FUN_001ecaf8",tail
"001ecaf8","FUN_001ecaf8","001ecb64","002133d0","FUN_002133d0",direct
"001ecaf8","FUN_001ecaf8","001ecb7c","001f9a10","FUN_001f9a10",direct
"001ecaf8","FUN_001ecaf8","001ecbd8","001ecaf8","FUN_001ecaf8",tail
"001ecaf8","FUN_001ecaf8","001ecbf8","002144d8","FUN_002144d8",direct
"001ecaf8","FUN_001ecaf8","001ecc0c","002133d0","FUN_002133d0",direct
"001ecaf8","FUN_001ecaf8","001ecc20","001fa400","FUN_001fa400",direct
"001ecaf8","FUN_001ecaf8","001ecc30","001fa4f8","FUN_001fa4f8",direct
"001ecaf8","FUN_001ecaf8","001ecc3c","001ecaf8","FUN_001ecaf8",tail
"001ecaf8","FUN_001ecaf8","001ecc4c","001fa2b8","FUN_001fa2b8",direct
"001ecaf8","FUN_001ecaf8","001ecc74","001ecaf8","FUN_001ecaf8",tail
"001ecaf8","FUN_001ecaf8","001ecca0","001ecaf8","FUN_001ecaf8",tail
"001eccd8","FUN_001eccd8","001ecd28","001eccd8","FUN_001eccd8",tail
"001eccd8","FUN_001eccd8","001ecd30","001eccd8","FUN_001eccd8",tail
"001eccd8","FUN_001eccd8","001ecd5c","002133d0","FUN_002133d0",direct
"001eccd8","FUN_001eccd8","001ecd70","001eccd8","FUN_001eccd8",tail
"001eccd8","FUN_001eccd8","001ecdb8","001f9ad8","FUN_001f9ad8",direct
"001eccd8","FUN_001eccd8","001ecdd8","001ec530","FUN_001ec530",direct
"001eccd8","FUN_001eccd8","001ecde0","001eccd8","FUN_001eccd8",tail
"001eccd8","FUN_001eccd8","001ece18","001f9bf8","FUN_001f9bf8",direct
"001eccd8","FUN_001eccd8","001ece34","001f9bf8","FUN_001f9bf8",direct
"001eccd8","FUN_001eccd8","001ece68","001fa5c8","FUN_001fa5c8",direct
"001eccd8","FUN_001eccd8","001ece78","001fa580","FUN_001fa580",direct
"001eccd8","FUN_001eccd8","001ece88","001fa5c8","FUN_001fa5c8",direct
"001eccd8","FUN_001eccd8","001ece94","001fa580","FUN_001fa580",direct
"001eccd8","FUN_001eccd8","001ecec4","001f9bf8","FUN_001f9bf8",direct
"001eccd8","FUN_001eccd8","001eced8","00214890","FUN_00214890",direct
"001eccd8","FUN_001eccd8","001ecee8","001f9ad8","FUN_001f9ad8",direct
"001eccd8","FUN_001eccd8","001ecef8","001f9bf8","FUN_001f9bf8",direct
"001eccd8","FUN_001eccd8","001ecf0c","00214890","FUN_00214890",direct
"001eccd8","FUN_001eccd8","001ecf1c","001f9a10","FUN_001f9a10",direct
"001eccd8","FUN_001eccd8","001ecf2c","001eccd8","FUN_001eccd8",tail
"001eccd8","FUN_001eccd8","001ecf50","001fa480","FUN_001fa480",direct
"001eccd8","FUN_001eccd8","001ecf70","001f9ab0","FUN_001f9ab0",direct
"001eccd8","FUN_001eccd8","001ecf88","001f9a68","FUN_001f9a68",direct
"001eccd8","FUN_001eccd8","001ecfa0","001f9a28","FUN_001f9a28",direct
"001eccd8","FUN_001eccd8","001ecfb4","001f9ab0","FUN_001f9ab0",direct
"001eccd8","FUN_001eccd8","001ecfc0","001f9af0","FUN_001f9af0",direct
"001eccd8","FUN_001eccd8","001ecfc8","001f9df8","FUN_001f9df8",direct
"001eccd8","FUN_001eccd8","001ecfdc","001f9ab0","FUN_001f9ab0",direct
"001eccd8","FUN_001eccd8","001ecfec","001eccd8","FUN_001eccd8",tail
"001eccd8","FUN_001eccd8","001ecff8","001f99c0","FUN_001f99c0",direct
"001eccd8","FUN_001eccd8","001ed008","001eccd8","FUN_001eccd8",tail
"001eccd8","FUN_001eccd8","001ed018","001eccd8","FUN_001eccd8",tail
"001eccd8","FUN_001eccd8","001ed028","001eccd8","FUN_001eccd8",tail
"001eccd8","FUN_001eccd8","001ed038","001eccd8","FUN_001eccd8",tail
"001eccd8","FUN_001eccd8","001ed048","001eccd8","FUN_001eccd8",tail
"001eccd8","FUN_001eccd8","001ed060","001eccd8","FUN_001eccd8",tail
"001eccd8","FUN_001eccd8","001ed074","001eccd8","FUN_001eccd8",tail
"001eccd8","FUN_001eccd8","001ed094","001f99c0","FUN_001f99c0",direct
"001eccd8","FUN_001eccd8","001ed0b4","001eccd8","FUN_001eccd8",tail
"001eccd8","FUN_001eccd8","001ed0d8","001eccd8","FUN_001eccd8",tail
"001eccd8","FUN_001eccd8","001ed0ec","00214530","FUN_00214530",direct
"001eccd8","FUN_001eccd8","001ed100","00214800","FUN_00214800",direct
"001eccd8","FUN_001eccd8","001ed114","00214800","FUN_00214800",direct
"001eccd8","FUN_001eccd8","001ed120","001f99c0","FUN_001f99c0",direct
"001eccd8","FUN_001eccd8","001ed140","001eccd8","FUN_001eccd8",tail
"001eccd8","FUN_001eccd8","001ed150","001eccd8","FUN_001eccd8",tail
"001eccd8","FUN_001eccd8","001ed160","00214530","FUN_00214530",direct
"001eccd8","FUN_001eccd8","001ed170","00214800","FUN_00214800",direct
"001eccd8","FUN_001eccd8","001ed17c","001f9ab0","FUN_001f9ab0",direct
"001eccd8","FUN_001eccd8","001ed184","001f9df8","FUN_001f9df8",direct
"001eccd8","FUN_001eccd8","001ed1a0","001f9ab0","FUN_001f9ab0",direct
"001eccd8","FUN_001eccd8","001ed1bc","001eccd8","FUN_001eccd8",tail
"001eccd8","FUN_001eccd8","001ed1e0","00214890","FUN_00214890",direct
"001eccd8","FUN_001eccd8","001ed200","001f9bf8","FUN_001f9bf8",direct
"001eccd8","FUN_001eccd8","001ed214","001f9ad8","FUN_001f9ad8",direct
"001eccd8","FUN_001eccd8","001ed228","001f9bf8","FUN_001f9bf8",direct
"001eccd8","FUN_001eccd8","001ed238","001f9ad8","FUN_001f9ad8",direct
"001eccd8","FUN_001eccd8","001ed244","002144d8","FUN_002144d8",direct
"001eccd8","FUN_001eccd8","001ed250","002144d8","FUN_002144d8",direct
"001eccd8","FUN_001eccd8","001ed258","001f9740","FUN_001f9740",direct
"001ed2b0","FUN_001ed2b0","001ed2cc","001ed2b0","FUN_001ed2b0",tail
"001ed2b0","FUN_001ed2b0","001ed2d4","001ecaf8","FUN_001ecaf8",direct
"001ed2b0","FUN_001ed2b0","001ed2dc","001ed2b0","FUN_001ed2b0",tail
"001ed2b0","FUN_001ed2b0","001ed2e8","001eccd8","FUN_001eccd8",direct
"001ed2b0","FUN_001ed2b0","001ed2f0","001ed2b0","FUN_001ed2b0",tail
"001ed2b0","FUN_001ed2b0","001ed2fc","001ed2b0","FUN_001ed2b0",tail
"001ed360","FUN_001ed360","001ed380","001ed360","FUN_001ed360",tail
"001ed360","FUN_001ed360","001ed390","001ed360","FUN_001ed360",tail
"001ed360","FUN_001ed360","001ed39c","001ed360","FUN_001ed360",tail
"001ed360","FUN_001ed360","001ed3a8","001ed360","FUN_001ed360",tail
"001ed360","FUN_001ed360","001ed3b8","001ed360","FUN_001ed360",tail
"001ed360","FUN_001ed360","001ed3c0","001f9740","FUN_001f9740",direct
"001ed360","FUN_001ed360","001ed3c8","001fa6c0","FUN_001fa6c0",direct
"001ed360","FUN_001ed360","001ed3d4","001fa6c0","FUN_001fa6c0",direct
"001ed360","FUN_001ed360","001ed3e0","001fa6c0","FUN_001fa6c0",direct
"001ed360","FUN_001ed360","001ed3e8","001fa610","FUN_001fa610",direct
"001ed360","FUN_001ed360","001ed3f0","001f9dc8","FUN_001f9dc8",direct
"001ed360","FUN_001ed360","001ed408","001ed360","FUN_001ed360",tail
"001ed360","FUN_001ed360","001ed418","001f9bf8","FUN_001f9bf8",direct
"001ed360","FUN_001ed360","001ed420","001ed360","FUN_001ed360",tail
"001ed360","FUN_001ed360","001ed430","001f9bf8","FUN_001f9bf8",direct
"001ed360","FUN_001ed360","001ed444","001f9a10","FUN_001f9a10",direct
"001ed360","FUN_001ed360","001ed44c","001ed360","FUN_001ed360",tail
"001ed470","FUN_001ed470","001ed4c4","001f9bf8","FUN_001f9bf8",direct
"001ed470","FUN_001ed470","001ed4ec","001f9ab0","FUN_001f9ab0",direct
"001ed470","FUN_001ed470","001ed50c","001ed470","FUN_001ed470",tail
"001ed470","FUN_001ed470","001ed580","001ebd78","FUN_001ebd78",direct
"001ed470","FUN_001ed470","001ed5a4","001ebd78","FUN_001ebd78",direct
"001ed470","FUN_001ed470","001ed5c4","001ebd78","FUN_001ebd78",direct
"001ed470","FUN_001ed470","001ed5d8","001f9bf8","FUN_001f9bf8",direct
"001ed470","FUN_001ed470","001ed5e8","001f9a28","FUN_001f9a28",direct
"001ed470","FUN_001ed470","001ed5f0","001f9af0","FUN_001f9af0",direct
"001ed470","FUN_001ed470","001ed600","001f9ab0","FUN_001f9ab0",direct
"001ed470","FUN_001ed470","001ed618","001f9bf8","FUN_001f9bf8",direct
"001ed470","FUN_001ed470","001ed638","001f9a28","FUN_001f9a28",direct
"001ed470","FUN_001ed470","001ed640","001f9af0","FUN_001f9af0",direct
"001ed470","FUN_001ed470","001ed654","001f9a68","FUN_001f9a68",direct
"001ed470","FUN_001ed470","001ed670","001ed470","FUN_001ed470",tail
"001ed470","FUN_001ed470","001ed680","001ed470","FUN_001ed470",tail
"001ed470","FUN_001ed470","001ed6bc","001ebd78","FUN_001ebd78",direct
"001ed470","FUN_001ed470","001ed6cc","001ed470","FUN_001ed470",tail
"001ed470","FUN_001ed470","001ed704","001ed470","FUN_001ed470",tail
"001ed470","FUN_001ed470","001ed720","001ed470","FUN_001ed470",tail
"001ed470","FUN_001ed470","001ed730","001ed470","FUN_001ed470",tail
"001ed470","FUN_001ed470","001ed738","001ed470","FUN_001ed470",tail
"001ed470","FUN_001ed470","001ed744","001ed470","FUN_001ed470",tail
"001ed470","FUN_001ed470","001ed75c","001f99c0","FUN_001f99c0",direct
"001ed470","FUN_001ed470","001ed77c","001ed470","FUN_001ed470",tail
"001ed470","FUN_001ed470","001ed788","001ed470","FUN_001ed470",tail
"001ed470","FUN_001ed470","001ed794","001ed470","FUN_001ed470",tail
"001ed7f0","FUN_001ed7f0","001ed81c","001ed7f0","FUN_001ed7f0",tail
"001ed7f0","FUN_001ed7f0","001ed824","001ed7f0","FUN_001ed7f0",tail
"001ed7f0","FUN_001ed7f0","001ed82c","001ed7f0","FUN_001ed7f0",tail
"001ed7f0","FUN_001ed7f0","001ed834","001ed7f0","FUN_001ed7f0",tail
"001ed7f0","FUN_001ed7f0","001ed874","001ed7f0","FUN_001ed7f0",tail
"001ed7f0","FUN_001ed7f0","001ed880","001f0b58","FUN_001f0b58",direct
"001ed7f0","FUN_001ed7f0","001ed888","001ed7f0","FUN_001ed7f0",tail
"001ed7f0","FUN_001ed7f0","001ed898","002135f0","FUN_002135f0",direct
"001ed7f0","FUN_001ed7f0","001ed8c0","001ed7f0","FUN_001ed7f0",tail
"001ed7f0","FUN_001ed7f0","001ed8c8","001ed7f0","FUN_001ed7f0",tail
"001ed7f0","FUN_001ed7f0","001ed900","001ed7f0","FUN_001ed7f0",tail
"001ed7f0","FUN_001ed7f0","001ed914","001efa68","FUN_001efa68",direct
"001ed7f0","FUN_001ed7f0","001ed91c","001ed7f0","FUN_001ed7f0",tail
"001ed940","FUN_001ed940","001ed964","001ed940","FUN_001ed940",tail
"001ed940","FUN_001ed940","001ed974","001ed940","FUN_001ed940",tail
"001ed940","FUN_001ed940","001ed994","001ed940","FUN_001ed940",tail
"001ed940","FUN_001ed940","001ed9ac","001ed940","FUN_001ed940",tail
"001ed940","FUN_001ed940","001ed9e4","001ed940","FUN_001ed940",tail
"001ed940","FUN_001ed940","001eda04","001ed940","FUN_001ed940",tail
"001ed940","FUN_001ed940","001eda0c","001ed940","FUN_001ed940",tail
"001ed940","FUN_001ed940","001eda18","001ed940","FUN_001ed940",tail
"001ed940","FUN_001ed940","001eda20","001ed940","FUN_001ed940",tail
"001ed940","FUN_001ed940","001eda2c","001ed940","FUN_001ed940",tail
"001ed940","FUN_001ed940","001eda34","001ed940","FUN_001ed940",tail
"001ed940","FUN_001ed940","001eda40","001ed940","FUN_001ed940",tail
"001eda60","FUN_001eda60","001eda78","001eda60","FUN_001eda60",tail
"001eda60","FUN_001eda60","001eda8c","001eda60","FUN_001eda60",tail
"001edaa8","FUN_001edaa8","001edac0","001edaa8","FUN_001edaa8",tail
"001edaa8","FUN_001edaa8","001edad0","001edaa8","FUN_001edaa8",tail
"001edaa8","FUN_001edaa8","001edaf8","001eda60","FUN_001eda60",direct
"001edaa8","FUN_001edaa8","001edb00","001ed940","FUN_001ed940",direct
"001edaa8","FUN_001edaa8","001edb08","001ed470","FUN_001ed470",direct
"001edaa8","FUN_001edaa8","001edb10","001ec420","FUN_001ec420",direct
"001edaa8","FUN_001edaa8","001edb24","001edaa8","FUN_001edaa8",tail
"001edaa8","FUN_001edaa8","001edb2c","001ec8a0","FUN_001ec8a0",direct
"001edaa8","FUN_001edaa8","001edb3c","001edaa8","FUN_001edaa8",tail
"001edaa8","FUN_001edaa8","001edb44","001ed2b0","FUN_001ed2b0",direct
"001edaa8","FUN_001edaa8","001edb4c","001edaa8","FUN_001edaa8",tail
"001edaa8","FUN_001edaa8","001edb5c","001edaa8","FUN_001edaa8",tail
"001edaa8","FUN_001edaa8","001edba8","001edaa8","FUN_001edaa8",tail
"001edaa8","FUN_001edaa8","001edbbc","001fa298","FUN_001fa298",direct
"001edaa8","FUN_001edaa8","001edbc8","00214598","FUN_00214598",direct
"001edaa8","FUN_001edaa8","001edbdc","001ed360","FUN_001ed360",direct
"001edaa8","FUN_001edaa8","001edbe8","001ed360","FUN_001ed360",direct
"001edaa8","FUN_001edaa8","001edbf0","001ed7f0","FUN_001ed7f0",direct
"001edaa8","FUN_001edaa8","001edbf8","001ee4b0","FUN_001ee4b0",direct
"001edaa8","FUN_001edaa8","001edc08","001edaa8","FUN_001edaa8",tail
"001edaa8","FUN_001edaa8","001edc14","001f9ad8","FUN_001f9ad8",direct
"001edc50","FUN_001edc50","001edca8","001edc50","FUN_001edc50",tail
"001edc50","FUN_001edc50","001edcbc","001edc50","FUN_001edc50",tail
"001edc50","FUN_001edc50","001edcc4","001edc50","FUN_001edc50",tail
"001edc50","FUN_001edc50","001edcdc","001edc50","FUN_001edc50",tail
"001edc50","FUN_001edc50","001edcf0","001f9b48","FUN_001f9b48",direct
"001edc50","FUN_001edc50","001edd24","001fa6c0","FUN_001fa6c0",direct
"001edc50","FUN_001edc50","001edd40","001fa6c0","FUN_001fa6c0",direct
"001edc50","FUN_001edc50","001edd54","001f2070","FUN_001f2070",direct
"001edc50","FUN_001edc50","001edd5c","001fa6c0","FUN_001fa6c0",direct
"001edc50","FUN_001edc50","001edd74","001fa6c0","FUN_001fa6c0",direct
"001edc50","FUN_001edc50","001eddc0","001f44b8","FUN_001f44b8",direct
"001edc50","FUN_001edc50","001ede14","001edc50","FUN_001edc50",tail
"001edc50","FUN_001edc50","001ede24","001edc50","FUN_001edc50",tail
"001edc50","FUN_001edc50","001ede34","001edc50","FUN_001edc50",tail
"001edc50","FUN_001edc50","001ede40","001f99c0","FUN_001f99c0",direct
"001edc50","FUN_001edc50","001ede60","001edc50","FUN_001edc50",tail
"001edc50","FUN_001edc50","001ede70","001edc50","FUN_001edc50",tail
"001edc50","FUN_001edc50","001ede80","001edc50","FUN_001edc50",tail
"001edc50","FUN_001edc50","001ede8c","001f99c0","FUN_001f99c0",direct
"001edc50","FUN_001edc50","001edeac","001edc50","FUN_001edc50",tail
"001edc50","FUN_001edc50","001edebc","001edc50","FUN_001edc50",tail
"001edc50","FUN_001edc50","001edecc","001edc50","FUN_001edc50",tail
"001edc50","FUN_001edc50","001edefc","001fa6d0","FUN_001fa6d0",direct
"001edc50","FUN_001edc50","001edf40","001fa6d0","FUN_001fa6d0",direct
"001edc50","FUN_001edc50","001edf64","001fa6d0","FUN_001fa6d0",direct
"001edc50","FUN_001edc50","001edf74","001fa6d0","FUN_001fa6d0",direct
"001edc50","FUN_001edc50","001edfa0","001f5450","FUN_001f5450",direct
"001edc50","FUN_001edc50","001edfac","001edc50","FUN_001edc50",tail
"001ee008","FUN_001ee008","001ee044","001f44b8","FUN_001f44b8",direct
"001ee008","FUN_001ee008","001ee058","001ee008","FUN_001ee008",tail
"001ee008","FUN_001ee008","001ee064","001ee008","FUN_001ee008",tail
"001ee008","FUN_001ee008","001ee06c","001ee008","FUN_001ee008",tail
"001ee008","FUN_001ee008","001ee074","001ee008","FUN_001ee008",tail
"001ee008","FUN_001ee008","001ee07c","001ee008","FUN_001ee008",tail
"001ee008","FUN_001ee008","001ee084","001ee008","FUN_001ee008",tail
"001ee008","FUN_001ee008","001ee090","001ee008","FUN_001ee008",tail
"001ee008","FUN_001ee008","001ee0dc","001f5ab0","FUN_001f5ab0",direct
"001ee008","FUN_001ee008","001ee0ec","001fa580","FUN_001fa580",direct
"001ee008","FUN_001ee008","001ee0fc","001ee008","FUN_001ee008",tail
"001ee008","FUN_001ee008","001ee104","001ee008","FUN_001ee008",tail
"001ee008","FUN_001ee008","001ee110","001f9de0","FUN_001f9de0",direct
"001ee008","FUN_001ee008","001ee128","001f9dc8","FUN_001f9dc8",direct
"001ee008","FUN_001ee008","001ee140","001f9dc8","FUN_001f9dc8",direct
"001ee008","FUN_001ee008","001ee158","001f9de0","FUN_001f9de0",direct
"001ee008","FUN_001ee008","001ee1ac","001f5ab0","FUN_001f5ab0",direct
"001ee008","FUN_001ee008","001ee1f8","001f5ab0","FUN_001f5ab0",direct
"001ee008","FUN_001ee008","001ee244","001f5ab0","FUN_001f5ab0",direct
"001ee008","FUN_001ee008","001ee2a0","001f5ab0","FUN_001f5ab0",direct
"001ee008","FUN_001ee008","001ee2a8","001ee008","FUN_001ee008",tail
"001ee008","FUN_001ee008","001ee2f0","001f5ab0","FUN_001f5ab0",direct
"001ee338","FUN_001ee338","001ee370","001ee338","FUN_001ee338",tail
"001ee338","FUN_001ee338","001ee388","001ee338","FUN_001ee338",tail
"001ee338","FUN_001ee338","001ee398","001fa6c0","FUN_001fa6c0",direct
"001ee338","FUN_001ee338","001ee3a4","001fa6c0","FUN_001fa6c0",direct
"001ee338","FUN_001ee338","001ee3b0","001ee338","FUN_001ee338",tail
"001ee338","FUN_001ee338","001ee3dc","001ee338","FUN_001ee338",tail
"001ee338","FUN_001ee338","001ee3e8","001ee338","FUN_001ee338",tail
"001ee338","FUN_001ee338","001ee3f0","001ee338","FUN_001ee338",tail
"001ee338","FUN_001ee338","001ee3fc","001ee338","FUN_001ee338",tail
"001ee338","FUN_001ee338","001ee404","001f2070","FUN_001f2070",direct
"001ee338","FUN_001ee338","001ee40c","001fa6c0","FUN_001fa6c0",direct
"001ee338","FUN_001ee338","001ee424","001fa6c0","FUN_001fa6c0",direct
"001ee338","FUN_001ee338","001ee438","001ee338","FUN_001ee338",tail
"001ee338","FUN_001ee338","001ee450","001ee008","FUN_001ee008",direct
"001ee338","FUN_001ee338","001ee464","001ee338","FUN_001ee338",tail
"001ee4b0","FUN_001ee4b0","001ee4c4","00212c28","FUN_00212c28",direct
"001ee4b0","FUN_001ee4b0","001ee4cc","001ee4b0","FUN_001ee4b0",tail
"001ee4b0","FUN_001ee4b0","001ee4ec","001ee4b0","FUN_001ee4b0",tail
"001ee4b0","FUN_001ee4b0","001ee500","001fa6d0","FUN_001fa6d0",direct
"001ee650","FUN_001ee650","001ee6dc","001ee650","FUN_001ee650",tail
"001ee650","FUN_001ee650","001ee7a4","001ee650","FUN_001ee650",tail
"001ee650","FUN_001ee650","001ee7c4","001ee650","FUN_001ee650",tail
"001ee650","FUN_001ee650","001ee88c","001ee650","FUN_001ee650",tail
"001ee650","FUN_001ee650","001ee8cc","001ee650","FUN_001ee650",tail
"001ee650","FUN_001ee650","001ee8f0","001ee650","FUN_001ee650",tail
"001ee650","FUN_001ee650","001ee8f8","001ee650","FUN_001ee650",tail
"001ee650","FUN_001ee650","001ee918","001ee650","FUN_001ee650",tail
"001ee650","FUN_001ee650","001ee920","001ee650","FUN_001ee650",tail
"001ee650","FUN_001ee650","001ee92c","001ee650","FUN_001ee650",tail
"001ee650","FUN_001ee650","001ee954","001ee650","FUN_001ee650",tail
"001ee650","FUN_001ee650","001ee98c","001ee650","FUN_001ee650",tail
"001ee650","FUN_001ee650","001ee9dc","001ee650","FUN_001ee650",tail
"001ee650","FUN_001ee650","001ee9e4","001ee650","FUN_001ee650",tail
"001ee650","FUN_001ee650","001ee9ec","001ee650","FUN_001ee650",tail
"001ee650","FUN_001ee650","001eea4c","001ee650","FUN_001ee650",tail
"001ee650","FUN_001ee650","001eea8c","001ee650","FUN_001ee650",tail
"001ee650","FUN_001ee650","001eeb24","001ee650","FUN_001ee650",tail
"001ee650","FUN_001ee650","001eeb2c","001ee650","FUN_001ee650",tail
"001ee650","FUN_001ee650","001eebd4","001ee650","FUN_001ee650",tail
"001ee650","FUN_001ee650","001eebfc","001ee650","FUN_001ee650",tail
"001ee650","FUN_001ee650","001eec84","001ee650","FUN_001ee650",tail
"001ee650","FUN_001ee650","001eecdc","001ee650","FUN_001ee650",tail
"001ee650","FUN_001ee650","001eed24","001ee650","FUN_001ee650",tail
"001ee650","FUN_001ee650","001eedc4","001ee650","FUN_001ee650",tail
"001ee650","FUN_001ee650","001eee6c","001ee650","FUN_001ee650",tail
"001ee650","FUN_001ee650","001eef1c","001ee650","FUN_001ee650",tail
"001ee650","FUN_001ee650","001eef74","001ee650","FUN_001ee650",tail
"001ee650","FUN_001ee650","001eefbc","001ee650","FUN_001ee650",tail
"001ee650","FUN_001ee650","001ef02c","001ee650","FUN_001ee650",tail
"001ee650","FUN_001ee650","001ef044","001ee650","FUN_001ee650",tail
"001ee650","FUN_001ee650","001ef05c","001ee650","FUN_001ee650",tail
"001ee650","FUN_001ee650","001ef094","001ee650","FUN_001ee650",tail
"001ee650","FUN_001ee650","001ef09c","001ee650","FUN_001ee650",tail
"001ee650","FUN_001ee650","001ef0b4","001ee650","FUN_001ee650",tail
"001ee650","FUN_001ee650","001ef0bc","001ee650","FUN_001ee650",tail
"001ee650","FUN_001ee650","001ef0dc","001ee650","FUN_001ee650",tail
"001ee650","FUN_001ee650","001ef10c","001ee650","FUN_001ee650",tail
"001ee650","FUN_001ee650","001ef114","001ee650","FUN_001ee650",tail
"001ee650","FUN_001ee650","001ef184","001ee650","FUN_001ee650",tail
"001ee650","FUN_001ee650","001ef1b4","001ee650","FUN_001ee650",tail
"001ee650","FUN_001ee650","001ef1bc","001ee650","FUN_001ee650",tail
"001ee650","FUN_001ee650","001ef1cc","001ee650","FUN_001ee650",tail
"001ee650","FUN_001ee650","001ef1ec","001ee650","FUN_001ee650",tail
"001ee650","FUN_001ee650","001ef1f4","001ee650","FUN_001ee650",tail
"001ee650","FUN_001ee650","001ef20c","001ee650","FUN_001ee650",tail
"001ee650","FUN_001ee650","001ef234","001ee650","FUN_001ee650",tail
"001ee650","FUN_001ee650","001ef25c","001ee650","FUN_001ee650",tail
"001ee650","FUN_001ee650","001ef284","001ee650","FUN_001ee650",tail
"001ee650","FUN_001ee650","001ef2ac","001ee650","FUN_001ee650",tail
"001ee650","FUN_001ee650","001ef2d4","001ee650","FUN_001ee650",tail
"001ee650","FUN_001ee650","001ef2ec","001ee650","FUN_001ee650",tail
"001ee650","FUN_001ee650","001ef30c","001ee650","FUN_001ee650",tail
"001ee650","FUN_001ee650","001ef314","001ee650","FUN_001ee650",tail
"001ee650","FUN_001ee650","001ef334","001ee650","FUN_001ee650",tail
"001ee650","FUN_001ee650","001ef374","001ee650","FUN_001ee650",tail
"001ee650","FUN_001ee650","001ef394","001ee650","FUN_001ee650",tail
"001ee650","FUN_001ee650","001ef3ac","001ee650","FUN_001ee650",tail
"001ee650","FUN_001ee650","001ef3cc","001ee650","FUN_001ee650",tail
"001ee650","FUN_001ee650","001ef3e4","001ee650","FUN_001ee650",tail
"001ee650","FUN_001ee650","001ef3ec","001ee650","FUN_001ee650",tail
"001ee650","FUN_001ee650","001ef404","001ee650","FUN_001ee650",tail
"001ee650","FUN_001ee650","001ef41c","001ee650","FUN_001ee650",tail
"001ee650","FUN_001ee650","001ef424","001ee650","FUN_001ee650",tail
"001ee650","FUN_001ee650","001ef43c","001ee650","FUN_001ee650",tail
"001ee650","FUN_001ee650","001ef454","001ee650","FUN_001ee650",tail
"001ee650","FUN_001ee650","001ef45c","001ee650","FUN_001ee650",tail
"001ee650","FUN_001ee650","001ef474","001ee650","FUN_001ee650",tail
"001ee650","FUN_001ee650","001ef48c","001ee650","FUN_001ee650",tail
"001ee650","FUN_001ee650","001ef494","001ee650","FUN_001ee650",tail
"001ee650","FUN_001ee650","001ef4ac","001ee650","FUN_001ee650",tail
"001ee650","FUN_001ee650","001ef4c4","001ee650","FUN_001ee650",tail
"001ee650","FUN_001ee650","001ef4cc","001ee650","FUN_001ee650",tail
"001ee650","FUN_001ee650","001ef4e4","001ee650","FUN_001ee650",tail
"001ee650","FUN_001ee650","001ef4fc","001ee650","FUN_001ee650",tail
"001ee650","FUN_001ee650","001ef504","001ee650","FUN_001ee650",tail
"001ee650","FUN_001ee650","001ef51c","001ee650","FUN_001ee650",tail
"001ee650","FUN_001ee650","001ef534","001ee650","FUN_001ee650",tail
"001ee650","FUN_001ee650","001ef53c","001ee650","FUN_001ee650",tail
"001ee650","FUN_001ee650","001ef554","001ee650","FUN_001ee650",tail
"001ee650","FUN_001ee650","001ef56c","001ee650","FUN_001ee650",tail
"001ee650","FUN_001ee650","001ef574","001ee650","FUN_001ee650",tail
"001ee650","FUN_001ee650","001ef58c","001ee650","FUN_001ee650",tail
"001ee650","FUN_001ee650","001ef5a4","001ee650","FUN_001ee650",tail
"001ee650","FUN_001ee650","001ef5ac","001ee650","FUN_001ee650",tail
"001ee650","FUN_001ee650","001ef5c4","001ee650","FUN_001ee650",tail
"001ee650","FUN_001ee650","001ef5dc","001ee650","FUN_001ee650",tail
"001ee650","FUN_001ee650","001ef5e4","001ee650","FUN_001ee650",tail
"001ee650","FUN_001ee650","001ef5fc","001ee650","FUN_001ee650",tail
"001ee650","FUN_001ee650","001ef614","001ee650","FUN_001ee650",tail
"001ee650","FUN_001ee650","001ef61c","001ee650","FUN_001ee650",tail
"001ee650","FUN_001ee650","001ef634","001ee650","FUN_001ee650",tail
"001ee650","FUN_001ee650","001ef64c","001ee650","FUN_001ee650",tail
"001ee650","FUN_001ee650","001ef654","001ee650","FUN_001ee650",tail
"001ee650","FUN_001ee650","001ef6e8","001ee650","FUN_001ee650",tail
"001ee650","FUN_001ee650","001ef740","001ee650","FUN_001ee650",tail
"001ee650","FUN_001ee650","001ef75c","001ee650","FUN_001ee650",tail
"001ee650","FUN_001ee650","001ef764","001ee650","FUN_001ee650",tail
"001ee650","FUN_001ee650","001ef83c","001ee650","FUN_001ee650",tail
"001ee650","FUN_001ee650","001ef88c","001ee650","FUN_001ee650",tail
"001ee650","FUN_001ee650","001ef8a4","001ee650","FUN_001ee650",tail
"001ee650","FUN_001ee650","001ef8f4","001ee650","FUN_001ee650",tail
"001ee650","FUN_001ee650","001ef93c","001ee650","FUN_001ee650",tail
"001ee650","FUN_001ee650","001ef96c","001ee650","FUN_001ee650",tail
"001ee650","FUN_001ee650","001ef988","001ee650","FUN_001ee650",tail
"001ee650","FUN_001ee650","001ef990","001ee650","FUN_001ee650",tail
"001ee650","FUN_001ee650","001ef9b8","001ee650","FUN_001ee650",tail
"001ef9c8","FUN_001ef9c8","001ef9d8","001ef9c8","FUN_001ef9c8",tail
"001ef9c8","FUN_001ef9c8","001ef9e0","001ef9c8","FUN_001ef9c8",tail
"001ef9c8","FUN_001ef9c8","001ef9f8","001ef9c8","FUN_001ef9c8",tail
"001ef9c8","FUN_001ef9c8","001efa10","001ef9c8","FUN_001ef9c8",tail
"001ef9c8","FUN_001ef9c8","001efa18","001ef9c8","FUN_001ef9c8",tail
"001ef9c8","FUN_001ef9c8","001efa28","001ef9c8","FUN_001ef9c8",tail
"001ef9c8","FUN_001ef9c8","001efa40","001ef9c8","FUN_001ef9c8",tail
"001ef9c8","FUN_001ef9c8","001efa48","001ef9c8","FUN_001ef9c8",tail
"001efa68","FUN_001efa68","001efae8","001efa68","FUN_001efa68",tail
"001efa68","FUN_001efa68","001efb08","001efa68","FUN_001efa68",tail
"001efa68","FUN_001efa68","001efb40","001efa68","FUN_001efa68",tail
"001efa68","FUN_001efa68","001efb60","001efa68","FUN_001efa68",tail
"001efa68","FUN_001efa68","001efb70","001ef9c8","FUN_001ef9c8",direct
"001efa68","FUN_001efa68","001efb78","001efa68","FUN_001efa68",tail
"001efa68","FUN_001efa68","001efbb0","001efa68","FUN_001efa68",tail
"001efa68","FUN_001efa68","001efbe0","001efa68","FUN_001efa68",tail
"001efa68","FUN_001efa68","001efbf0","001efa68","FUN_001efa68",tail
"001efa68","FUN_001efa68","001efc10","001efa68","FUN_001efa68",tail
"001efa68","FUN_001efa68","001efc40","001efa68","FUN_001efa68",tail
"001efa68","FUN_001efa68","001efc60","001efa68","FUN_001efa68",tail
"001efa68","FUN_001efa68","001efc68","001efa68","FUN_001efa68",tail
"001efa68","FUN_001efa68","001efc78","001efa68","FUN_001efa68",tail
"001efa68","FUN_001efa68","001efc88","001efa68","FUN_001efa68",tail
"001efa68","FUN_001efa68","001efc98","001efa68","FUN_001efa68",tail
"001efa68","FUN_001efa68","001efcb0","001efa68","FUN_001efa68",tail
"001efa68","FUN_001efa68","001efcb8","001efa68","FUN_001efa68",tail
"001efa68","FUN_001efa68","001efcf8","001efa68","FUN_001efa68",tail
"001efa68","FUN_001efa68","001efd08","001efa68","FUN_001efa68",tail
"001efa68","FUN_001efa68","001efd28","001efa68","FUN_001efa68",tail
"001efa68","FUN_001efa68","001efd48","001efa68","FUN_001efa68",tail
"001efa68","FUN_001efa68","001efd58","001efa68","FUN_001efa68",tail
"001efa68","FUN_001efa68","001efd60","001efa68","FUN_001efa68",tail
"001efa68","FUN_001efa68","001efd98","001efa68","FUN_001efa68",tail
"001efa68","FUN_001efa68","001efda0","001efa68","FUN_001efa68",tail
"001efa68","FUN_001efa68","001efdb0","001ef9c8","FUN_001ef9c8",direct
"001efa68","FUN_001efa68","001efdc0","001efa68","FUN_001efa68",tail
"001efa68","FUN_001efa68","001efdf8","001efa68","FUN_001efa68",tail
"001efa68","FUN_001efa68","001eff48","001efa68","FUN_001efa68",tail
"001efa68","FUN_001efa68","001eff90","001efa68","FUN_001efa68",tail
"001efa68","FUN_001efa68","001effc8","001efa68","FUN_001efa68",tail
"001efa68","FUN_001efa68","001effe0","001efa68","FUN_001efa68",tail
"001efa68","FUN_001efa68","001f0018","001efa68","FUN_001efa68",tail
"001efa68","FUN_001efa68","001f0068","001efa68","FUN_001efa68",tail
"001efa68","FUN_001efa68","001f0070","001efa68","FUN_001efa68",tail
"001efa68","FUN_001efa68","001f0078","001efa68","FUN_001efa68",tail
"001efa68","FUN_001efa68","001f0080","001efa68","FUN_001efa68",tail
"001efa68","FUN_001efa68","001f00f0","001efa68","FUN_001efa68",tail
"001efa68","FUN_001efa68","001f00f8","001efa68","FUN_001efa68",tail
"001efa68","FUN_001efa68","001f0100","001efa68","FUN_001efa68",tail
"001efa68","FUN_001efa68","001f0108","001efa68","FUN_001efa68",tail
"001efa68","FUN_001efa68","001f0130","001efa68","FUN_001efa68",tail
"001efa68","FUN_001efa68","001f0138","001efa68","FUN_001efa68",tail
"001efa68","FUN_001efa68","001f0140","001efa68","FUN_001efa68",tail
"001efa68","FUN_001efa68","001f0150","001efa68","FUN_001efa68",tail
"001efa68","FUN_001efa68","001f0170","001efa68","FUN_001efa68",tail
"001efa68","FUN_001efa68","001f0188","001efa68","FUN_001efa68",tail
"001efa68","FUN_001efa68","001f01a0","001efa68","FUN_001efa68",tail
"001efa68","FUN_001efa68","001f01c0","001efa68","FUN_001efa68",tail
"001efa68","FUN_001efa68","001f0208","001efa68","FUN_001efa68",tail
"001efa68","FUN_001efa68","001f0218","001efa68","FUN_001efa68",tail
"001efa68","FUN_001efa68","001f0228","001efa68","FUN_001efa68",tail
"001efa68","FUN_001efa68","001f0268","001efa68","FUN_001efa68",tail
"001efa68","FUN_001efa68","001f02a0","001efa68","FUN_001efa68",tail
"001efa68","FUN_001efa68","001f02b0","001efa68","FUN_001efa68",tail
"001efa68","FUN_001efa68","001f02e0","001efa68","FUN_001efa68",tail
"001efa68","FUN_001efa68","001f0320","001efa68","FUN_001efa68",tail
"001efa68","FUN_001efa68","001f0340","001efa68","FUN_001efa68",tail
"001efa68","FUN_001efa68","001f0350","001efa68","FUN_001efa68",tail
"001efa68","FUN_001efa68","001f0360","001efa68","FUN_001efa68",tail
"001efa68","FUN_001efa68","001f0368","001efa68","FUN_001efa68",tail
"001efa68","FUN_001efa68","001f0390","001efa68","FUN_001efa68",tail
"001efa68","FUN_001efa68","001f0398","001efa68","FUN_001efa68",tail
"001efa68","FUN_001efa68","001f03d0","0020fa90","FUN_0020fa90",direct
"001efa68","FUN_001efa68","001f0410","001efa68","FUN_001efa68",tail
"001efa68","FUN_001efa68","001f0528","001efa68","FUN_001efa68",tail
"001efa68","FUN_001efa68","001f0560","001efa68","FUN_001efa68",tail
"001efa68","FUN_001efa68","001f0570","001efa68","FUN_001efa68",tail
"001efa68","FUN_001efa68","001f0578","001efa68","FUN_001efa68",tail
"001efa68","FUN_001efa68","001f0598","001efa68","FUN_001efa68",tail
"001efa68","FUN_001efa68","001f05b0","001efa68","FUN_001efa68",tail
"001efa68","FUN_001efa68","001f05b8","001efa68","FUN_001efa68",tail
"001efa68","FUN_001efa68","001f05c0","001efa68","FUN_001efa68",tail
"001efa68","FUN_001efa68","001f05c8","001efa68","FUN_001efa68",tail
"001efa68","FUN_001efa68","001f05d0","001efa68","FUN_001efa68",tail
"001efa68","FUN_001efa68","001f0678","001efa68","FUN_001efa68",tail
"001efa68","FUN_001efa68","001f0710","001efa68","FUN_001efa68",tail
"001efa68","FUN_001efa68","001f0780","001efa68","FUN_001efa68",tail
"001efa68","FUN_001efa68","001f07c8","001efa68","FUN_001efa68",tail
"001efa68","FUN_001efa68","001f0850","001efa68","FUN_001efa68",tail
"001efa68","FUN_001efa68","001f08c0","001efa68","FUN_001efa68",tail
"001efa68","FUN_001efa68","001f08f8","001efa68","FUN_001efa68",tail
"001efa68","FUN_001efa68","001f0980","001efa68","FUN_001efa68",tail
"001efa68","FUN_001efa68","001f09f0","001efa68","FUN_001efa68",tail
"001efa68","FUN_001efa68","001f0a10","001efa68","FUN_001efa68",tail
"001efa68","FUN_001efa68","001f0a30","001efa68","FUN_001efa68",tail
"001efa68","FUN_001efa68","001f0a38","001efa68","FUN_001efa68",tail
"001efa68","FUN_001efa68","001f0a80","001efa68","FUN_001efa68",tail
"001efa68","FUN_001efa68","001f0a88","001efa68","FUN_001efa68",tail
"001efa68","FUN_001efa68","001f0aa0","001efa68","FUN_001efa68",tail
"001efa68","FUN_001efa68","001f0aa8","001efa68","FUN_001efa68",tail
"001efa68","FUN_001efa68","001f0ae8","001efa68","FUN_001efa68",tail
"001efa68","FUN_001efa68","001f0b38","001efa68","FUN_001efa68",tail
"001efa68","FUN_001efa68","001f0b48","001efa68","FUN_001efa68",tail
"001efa68","FUN_001efa68","001f0b50","001efa68","FUN_001efa68",tail
"001f0b58","FUN_001f0b58","001f0b68","001f0b58","FUN_001f0b58",tail
"001f0b58","FUN_001f0b58","001f0b70","001f0b58","FUN_001f0b58",tail
"001f0b88","FUN_001f0b88","001f0bb4","001f0b88","FUN_001f0b88",tail
"001f0bd0","FUN_001f0bd0","001f0c20","00116248","FUN_00116248",direct
"001f0c50","FUN_001f0c50","001f0c6c","001f0c50","FUN_001f0c50",tail
"001f0c50","FUN_001f0c50","001f0cac","001f0c50","FUN_001f0c50",tail
"001f0c50","FUN_001f0c50","001f0cc0","001f0bd0","FUN_001f0bd0",direct
"001f2070","FUN_001f2070","001f2094","001f9fc8","FUN_001f9fc8",direct
"001f2070","FUN_001f2070","001f20e8","001fa378","FUN_001fa378",direct
"001f2070","FUN_001f2070","001f20fc","001f9a68","FUN_001f9a68",direct
"001f2070","FUN_001f2070","001f2118","001f9d20","FUN_001f9d20",direct
"001f21c0","FUN_001f21c0","001f21e0","00233d90","FUN_00233d90",direct
"001f21c0","FUN_001f21c0","001f21e8","00123008","FUN_00123008",direct
"001f21c0","FUN_001f21c0","001f21f0","0020b418","FUN_0020b418",direct
"001f21c0","FUN_001f21c0","001f2214","00121878","FUN_00121878",direct
"001f21c0","FUN_001f21c0","001f221c","001204b8","FUN_001204b8",direct
"001f21c0","FUN_001f21c0","001f2224","002335d0","FUN_002335d0",direct
"001f21c0","FUN_001f21c0","001f2234","001f34e8","FUN_001f34e8",direct
"001f21c0","FUN_001f21c0","001f223c","002335d0","FUN_002335d0",direct
"001f21c0","FUN_001f21c0","001f2244","00233d00","FUN_00233d00",direct
"001f2260","FUN_001f2260","001f2290","001f2260","FUN_001f2260",tail
"001f2260","FUN_001f2260","001f22c8","001f2260","FUN_001f2260",tail
"001f2260","FUN_001f2260","001f22d4","00125218","FUN_00125218",direct
"001f2260","FUN_001f2260","001f22e8","00125360","FUN_00125360",direct
"001f2260","FUN_001f2260","001f22f8","00125408","FUN_00125408",direct
"001f2260","FUN_001f2260","001f2308","001252b8","FUN_001252b8",direct
"001f2260","FUN_001f2260","001f23b8","001fa378","FUN_001fa378",direct
"001f2260","FUN_001f2260","001f23c8","001fa378","FUN_001fa378",direct
"001f2260","FUN_001f2260","001f24b4","001fa378","FUN_001fa378",direct
"001f2260","FUN_001f2260","001f24c4","001f9a80","FUN_001f9a80",direct
"001f2260","FUN_001f2260","001f24d4","001f9a80","FUN_001f9a80",direct
"001f2260","FUN_001f2260","001f2504","001fa378","FUN_001fa378",direct
"001f2260","FUN_001f2260","001f254c","001f9a68","FUN_001f9a68",direct
"001f2588","FUN_001f2588","001f2594","001f2588","FUN_001f2588",tail
"001f2588","FUN_001f2588","001f25fc","001f2588","FUN_001f2588",tail
"001f2588","FUN_001f2588","001f2670","001f2d98","FUN_001f2d98",direct
"001f2690","FUN_001f2690","001f26a8","001f2690","FUN_001f2690",tail
"001f2690","FUN_001f2690","001f26b8","001f2690","FUN_001f2690",tail
"001f2690","FUN_001f2690","001f26c8","001f2690","FUN_001f2690",tail
"001f2690","FUN_001f2690","001f26e4","001f2690","FUN_001f2690",tail
"001f2690","FUN_001f2690","001f26f4","001f2690","FUN_001f2690",tail
"001f2690","FUN_001f2690","001f2704","001f2690","FUN_001f2690",tail
"001f2690","FUN_001f2690","001f2724","001f2690","FUN_001f2690",tail
"001f2690","FUN_001f2690","001f2734","001f2690","FUN_001f2690",tail
"001f2690","FUN_001f2690","001f2748","001f2690","FUN_001f2690",tail
"001f2768","FUN_001f2768","001f27a8","001f2768","FUN_001f2768",tail
"001f2768","FUN_001f2768","001f27b0","001f2690","FUN_001f2690",direct
"001f2768","FUN_001f2768","001f27b8","001f2768","FUN_001f2768",tail
"001f2768","FUN_001f2768","001f27c8","001f2768","FUN_001f2768",tail
"001f2768","FUN_001f2768","001f27d8","001f2690","FUN_001f2690",direct
"001f2768","FUN_001f2768","001f27e0","001f2768","FUN_001f2768",tail
"001f2768","FUN_001f2768","001f27f4","001f2690","FUN_001f2690",direct
"001f2820","FUN_001f2820","001f2864","001fa6d0","FUN_001fa6d0",direct
"001f2820","FUN_001f2820","001f287c","001fa6d0","FUN_001fa6d0",direct
"001f2820","FUN_001f2820","001f2894","001fa6d0","FUN_001fa6d0",direct
"001f2820","FUN_001f2820","001f28a8","001f2690","FUN_001f2690",direct
"001f2820","FUN_001f2820","001f28b4","001f2820","FUN_001f2820",tail
"001f2820","FUN_001f2820","001f28cc","001f98d0","FUN_001f98d0",direct
"001f2820","FUN_001f2820","001f28d4","001f2820","FUN_001f2820",tail
"001f2820","FUN_001f2820","001f28e8","001f2820","FUN_001f2820",tail
"001f2820","FUN_001f2820","001f28f4","001fa6c0","FUN_001fa6c0",direct
"001f2820","FUN_001f2820","001f2938","001f2768","FUN_001f2768",direct
"001f2820","FUN_001f2820","001f2944","001fa6c0","FUN_001fa6c0",direct
"001f2820","FUN_001f2820","001f2974","001f2768","FUN_001f2768",direct
"001f2820","FUN_001f2820","001f2980","001fa6c0","FUN_001fa6c0",direct
"001f2820","FUN_001f2820","001f29b0","001f2768","FUN_001f2768",direct
"001f2820","FUN_001f2820","001f29b8","001f2820","FUN_001f2820",tail
"001f2820","FUN_001f2820","001f29c0","001f2820","FUN_001f2820",tail
"001f2820","FUN_001f2820","001f29c8","001f2820","FUN_001f2820",tail
"001f2820","FUN_001f2820","001f29dc","001f9810","FUN_001f9810",direct
"001f2820","FUN_001f2820","001f29e4","001f2820","FUN_001f2820",tail
"001f2820","FUN_001f2820","001f29f4","001f98f8","FUN_001f98f8",direct
"001f2820","FUN_001f2820","001f29fc","001f2820","FUN_001f2820",tail
"001f2820","FUN_001f2820","001f2a0c","001f98f8","FUN_001f98f8",direct
"001f2820","FUN_001f2820","001f2a14","001f2820","FUN_001f2820",tail
"001f2820","FUN_001f2820","001f2a24","001f98f8","FUN_001f98f8",direct
"001f2820","FUN_001f2820","001f2a44","001f98d0","FUN_001f98d0",direct
"001f2820","FUN_001f2820","001f2a4c","001f2820","FUN_001f2820",tail
"001f2820","FUN_001f2820","001f2a60","001f2820","FUN_001f2820",tail
"001f2820","FUN_001f2820","001f2a68","001f2820","FUN_001f2820",tail
"001f2820","FUN_001f2820","001f2a70","001f2820","FUN_001f2820",tail
"001f2820","FUN_001f2820","001f2a78","001f2820","FUN_001f2820",tail
"001f2820","FUN_001f2820","001f2a80","001f2820","FUN_001f2820",tail
"001f2820","FUN_001f2820","001f2a88","001f2820","FUN_001f2820",tail
"001f2820","FUN_001f2820","001f2a98","001f2820","FUN_001f2820",tail
"001f2820","FUN_001f2820","001f2aa8","001f2820","FUN_001f2820",tail
"001f2820","FUN_001f2820","001f2ab0","001f2820","FUN_001f2820",tail
"001f2820","FUN_001f2820","001f2ac8","001f97e8","FUN_001f97e8",direct
"001f2820","FUN_001f2820","001f2ad0","001f2820","FUN_001f2820",tail
"001f2820","FUN_001f2820","001f2ae0","001f2820","FUN_001f2820",tail
"001f2820","FUN_001f2820","001f2b04","001f2820","FUN_001f2820",tail
"001f2820","FUN_001f2820","001f2b24","001f2820","FUN_001f2820",tail
"001f2820","FUN_001f2820","001f2b44","001f2820","FUN_001f2820",tail
"001f2820","FUN_001f2820","001f2b74","001f98d0","FUN_001f98d0",direct
"001f2820","FUN_001f2820","001f2b7c","001f2820","FUN_001f2820",tail
"001f2820","FUN_001f2820","001f2b8c","001f2820","FUN_001f2820",tail
"001f2820","FUN_001f2820","001f2b9c","001f2820","FUN_001f2820",tail
"001f2820","FUN_001f2820","001f2ba8","001f98d0","FUN_001f98d0",direct
"001f2820","FUN_001f2820","001f2bb0","001f2820","FUN_001f2820",tail
"001f2820","FUN_001f2820","001f2bc0","001f97e8","FUN_001f97e8",direct
"001f2c10","FUN_001f2c10","001f2c1c","001f2c10","FUN_001f2c10",tail
"001f2c10","FUN_001f2c10","001f2c30","001f97e8","FUN_001f97e8",direct
"001f2c10","FUN_001f2c10","001f2c38","001f2c10","FUN_001f2c10",tail
"001f2c10","FUN_001f2c10","001f2c44","001f2c10","FUN_001f2c10",tail
"001f2c10","FUN_001f2c10","001f2c4c","001f2820","FUN_001f2820",direct
"001f2c60","FUN_001f2c60","001f2d20","001fa6c0","FUN_001fa6c0",direct
"001f2c60","FUN_001f2c60","001f2d30","001fa6c0","FUN_001fa6c0",direct
"001f2d98","FUN_001f2d98","001f2dcc","001f2d98","FUN_001f2d98",tail
"001f2d98","FUN_001f2d98","001f2de0","001f2d98","FUN_001f2d98",tail
"001f2d98","FUN_001f2d98","001f2e44","001f9e90","FUN_001f9e90",direct
"001f2d98","FUN_001f2d98","001f2e4c","001f9dc8","FUN_001f9dc8",direct
"001f2d98","FUN_001f2d98","001f2e60","001f9e90","FUN_001f9e90",direct
"001f2d98","FUN_001f2d98","001f2e68","001f9dc8","FUN_001f9dc8",direct
"001f2d98","FUN_001f2d98","001f2e84","001f9e90","FUN_001f9e90",direct
"001f2d98","FUN_001f2d98","001f2e8c","001f9dc8","FUN_001f9dc8",direct
"001f2d98","FUN_001f2d98","001f2ea4","001f9e90","FUN_001f9e90",direct
"001f2d98","FUN_001f2d98","001f2eac","001f9dc8","FUN_001f9dc8",direct
"001f2d98","FUN_001f2d98","001f301c","00233068","FUN_00233068",direct
"001f2d98","FUN_001f2d98","001f3110","001f9838","FUN_001f9838",direct
"001f2d98","FUN_001f2d98","001f312c","001f9838","FUN_001f9838",direct
"001f33b8","FUN_001f33b8","001f3470","001fa6c0","FUN_001fa6c0",direct
"001f33b8","FUN_001f33b8","001f3480","001fa6c0","FUN_001fa6c0",direct
"001f33b8","FUN_001f33b8","001f34b8","001f2d98","FUN_001f2d98",direct
"001f34e8","FUN_001f34e8","001f3508","00118a80","FlushCache",direct
"001f34e8","FUN_001f34e8","001f3518","001f34e8","FUN_001f34e8",tail
"001f34e8","FUN_001f34e8","001f355c","001fa978","FUN_001fa978",direct
"001f34e8","FUN_001f34e8","001f3564","001f34e8","FUN_001f34e8",tail
"001f34e8","FUN_001f34e8","001f35ac","001fa978","FUN_001fa978",direct
"001f34e8","FUN_001f34e8","001f3634","00118a80","FlushCache",direct
"001f34e8","FUN_001f34e8","001f3640","00120558","FUN_00120558",direct
"001f34e8","FUN_001f34e8","001f370c","00118a80","FlushCache",direct
"001f34e8","FUN_001f34e8","001f3714","001fb2d0","FUN_001fb2d0",direct
"001f34e8","FUN_001f34e8","001f371c","001fb368","FUN_001fb368",direct
"001f34e8","FUN_001f34e8","001f3724","00118a80","FlushCache",direct
"001f34e8","FUN_001f34e8","001f3730","00120558","FUN_00120558",direct
"001f34e8","FUN_001f34e8","001f3738","001fb2a8","FUN_001fb2a8",direct
"001f34e8","FUN_001f34e8","001f3748","001f97e8","FUN_001f97e8",direct
"001f34e8","FUN_001f34e8","001f3760","001f34e8","FUN_001f34e8",tail
"001f34e8","FUN_001f34e8","001f3790","00122330","FUN_00122330",direct
"001f34e8","FUN_001f34e8","001f3798","00118a80","FlushCache",direct
"001f34e8","FUN_001f34e8","001f37a4","00122658","FUN_00122658",direct
"001f34e8","FUN_001f34e8","001f37b0","00120558","FUN_00120558",direct
"001f34e8","FUN_001f34e8","001f37bc","001f34e8","FUN_001f34e8",tail
"001f3868","FUN_001f3868","001f3940","00233980","FUN_00233980",direct
"001f39d0","FUN_001f39d0","001f39ec","001f39d0","FUN_001f39d0",tail
"001f39d0","FUN_001f39d0","001f39f8","001f39d0","FUN_001f39d0",tail
"001f39d0","FUN_001f39d0","001f3a08","001f39d0","FUN_001f39d0",tail
"001f39d0","FUN_001f39d0","001f3a14","001f39d0","FUN_001f39d0",tail
"001f39d0","FUN_001f39d0","001f3a20","001f39d0","FUN_001f39d0",tail
"001f39d0","FUN_001f39d0","001f3a28","001fb368","FUN_001fb368",direct
"001f39d0","FUN_001f39d0","001f3a30","001f2260","FUN_001f2260",direct
"001f39d0","FUN_001f39d0","001f3a38","0020cc60","FUN_0020cc60",direct
"001f39d0","FUN_001f39d0","001f3a40","001f2c10","FUN_001f2c10",direct
"001f39d0","FUN_001f39d0","001f3a48","001f3868","FUN_001f3868",direct
"001f39d0","FUN_001f39d0","001f3a60","001f21b0","FUN_001f21b0",direct
"001f39d0","FUN_001f39d0","001f3a6c","001f21b8","FUN_001f21b8",direct
"001f39d0","FUN_001f39d0","001f3a7c","001f39d0","FUN_001f39d0",tail
"001f39d0","FUN_001f39d0","001f3a88","001f39d0","FUN_001f39d0",tail
"001f39d0","FUN_001f39d0","001f3a94","001f39d0","FUN_001f39d0",tail
"001f39d0","FUN_001f39d0","001f3a9c","001e9ab8","FUN_001e9ab8",direct
"001f39d0","FUN_001f39d0","001f3aac","001f21b8","FUN_001f21b8",direct
"001f39d0","FUN_001f39d0","001f3ab8","001f21b0","FUN_001f21b0",direct
"001f39d0","FUN_001f39d0","001f3acc","001f39d0","FUN_001f39d0",tail
"001f39d0","FUN_001f39d0","001f3ad4","002333a8","FUN_002333a8",direct
"001f39d0","FUN_001f39d0","001f3adc","00233f78","FUN_00233f78",direct
"001f39d0","FUN_001f39d0","001f3af0","001f39d0","FUN_001f39d0",tail
"001f39d0","FUN_001f39d0","001f3af8","001f39d0","FUN_001f39d0",tail
"001f39d0","FUN_001f39d0","001f3b00","00235990","FUN_00235990",direct
"001f39d0","FUN_001f39d0","001f3b08","001f39d0","FUN_001f39d0",tail
"001f39d0","FUN_001f39d0","001f3b10","002358c8","FUN_002358c8",direct
"001f39d0","FUN_001f39d0","001f3b18","00233f78","FUN_00233f78",direct
"001f39d0","FUN_001f39d0","001f3b28","001f39d0","FUN_001f39d0",tail
"001f39d0","FUN_001f39d0","001f3b30","001f39d0","FUN_001f39d0",tail
"001f39d0","FUN_001f39d0","001f3b38","00233c28","FUN_00233c28",direct
"001f39d0","FUN_001f39d0","001f3b40","001f4280","FUN_001f4280",direct
"001f39d0","FUN_001f39d0","001f3b48","001f46c8","FUN_001f46c8",direct
"001f39d0","FUN_001f39d0","001f3b50","001f4398","FUN_001f4398",direct
"001f39d0","FUN_001f39d0","001f3b58","00233bc8","FUN_00233bc8",direct
"001f39d0","FUN_001f39d0","001f3b6c","001f21b0","FUN_001f21b0",direct
"001f39d0","FUN_001f39d0","001f3b78","001f21b8","FUN_001f21b8",direct
"001f39d0","FUN_001f39d0","001f3b8c","001f39d0","FUN_001f39d0",tail
"001f39d0","FUN_001f39d0","001f3b94","00228b38","FUN_00228b38",direct
"001f39d0","FUN_001f39d0","001f3b9c","00233f78","FUN_00233f78",direct
"001f39d0","FUN_001f39d0","001f3bac","001f39d0","FUN_001f39d0",tail
"001f39d0","FUN_001f39d0","001f3bb4","001f39d0","FUN_001f39d0",tail
"001f39d0","FUN_001f39d0","001f3bc0","001f5138","FUN_001f5138",direct
"001f39d0","FUN_001f39d0","001f3bd4","001f39d0","FUN_001f39d0",tail
"001f39d0","FUN_001f39d0","001f3bdc","001f4280","FUN_001f4280",direct
"001f39d0","FUN_001f39d0","001f3be4","001f79a8","FUN_001f79a8",direct
"001f39d0","FUN_001f39d0","001f3bec","001f4398","FUN_001f4398",direct
"001f39d0","FUN_001f39d0","001f3bfc","001f39d0","FUN_001f39d0",tail
"001f39d0","FUN_001f39d0","001f3c04","001f39d0","FUN_001f39d0",tail
"001f39d0","FUN_001f39d0","001f3c0c","00233c28","FUN_00233c28",direct
"001f39d0","FUN_001f39d0","001f3c14","001f4280","FUN_001f4280",direct
"001f39d0","FUN_001f39d0","001f3c1c","001f4740","FUN_001f4740",direct
"001f39d0","FUN_001f39d0","001f3c24","001f4398","FUN_001f4398",direct
"001f39d0","FUN_001f39d0","001f3c2c","00233bc8","FUN_00233bc8",direct
"001f39d0","FUN_001f39d0","001f3c40","001f39d0","FUN_001f39d0",tail
"001f39d0","FUN_001f39d0","001f3c48","0020d460","FUN_0020d460",direct
"001f39d0","FUN_001f39d0","001f3c50","00233f78","FUN_00233f78",direct
"001f39d0","FUN_001f39d0","001f3c58","001f4280","FUN_001f4280",direct
"001f39d0","FUN_001f39d0","001f3c6c","001f39d0","FUN_001f39d0",tail
"001f39d0","FUN_001f39d0","001f3c78","001f39d0","FUN_001f39d0",tail
"001f39d0","FUN_001f39d0","001f3c84","001f39d0","FUN_001f39d0",tail
"001f39d0","FUN_001f39d0","001f3c94","00233830","FUN_00233830",direct
"001f39d0","FUN_001f39d0","001f3cb0","001f21b8","FUN_001f21b8",direct
"001f39d0","FUN_001f39d0","001f3cbc","001f21b0","FUN_001f21b0",direct
"001f39d0","FUN_001f39d0","001f3cd0","001f39d0","FUN_001f39d0",tail
"001f39d0","FUN_001f39d0","001f3cd8","00233c28","FUN_00233c28",direct
"001f39d0","FUN_001f39d0","001f3ce8","001f39d0","FUN_001f39d0",tail
"001f39d0","FUN_001f39d0","001f3cf0","001f39d0","FUN_001f39d0",tail
"001f39d0","FUN_001f39d0","001f3cf8","001f4650","FUN_001f4650",direct
"001f39d0","FUN_001f39d0","001f3d0c","00233980","FUN_00233980",direct
"001f39d0","FUN_001f39d0","001f3d14","001edc50","FUN_001edc50",direct
"001f39d0","FUN_001f39d0","001f3d1c","00233c28","FUN_00233c28",direct
"001f39d0","FUN_001f39d0","001f3d24","001f4880","FUN_001f4880",direct
"001f39d0","FUN_001f39d0","001f3d3c","001f21b0","FUN_001f21b0",direct
"001f39d0","FUN_001f39d0","001f3d48","001f21b8","FUN_001f21b8",direct
"001f39d0","FUN_001f39d0","001f3d54","001f39d0","FUN_001f39d0",tail
"001f39d0","FUN_001f39d0","001f3d60","00233980","FUN_00233980",direct
"001f39d0","FUN_001f39d0","001f3d68","00233c28","FUN_00233c28",direct
"001f39d0","FUN_001f39d0","001f3d70","00118a80","FlushCache",direct
"001f39d0","FUN_001f39d0","001f3d78","00217c18","FUN_00217c18",direct
"001f39d0","FUN_001f39d0","001f3d94","001f21b0","FUN_001f21b0",direct
"001f39d0","FUN_001f39d0","001f3da0","001f21b8","FUN_001f21b8",direct
"001f39d0","FUN_001f39d0","001f3dac","001f39d0","FUN_001f39d0",tail
"001f39d0","FUN_001f39d0","001f3db4","001f39d0","FUN_001f39d0",tail
"001f39d0","FUN_001f39d0","001f3dbc","00233c28","FUN_00233c28",direct
"001f39d0","FUN_001f39d0","001f3dc4","001f4808","FUN_001f4808",direct
"001f39d0","FUN_001f39d0","001f3dd4","001f39d0","FUN_001f39d0",tail
"001f39d0","FUN_001f39d0","001f3ddc","001f92b0","FUN_001f92b0",direct
"001f39d0","FUN_001f39d0","001f3df0","00233980","FUN_00233980",direct
"001f39d0","FUN_001f39d0","001f3df8","001ee338","FUN_001ee338",direct
"001f39d0","FUN_001f39d0","001f3e0c","001f21b0","FUN_001f21b0",direct
"001f39d0","FUN_001f39d0","001f3e18","001f21b8","FUN_001f21b8",direct
"001f39d0","FUN_001f39d0","001f3e28","001f39d0","FUN_001f39d0",tail
"001f39d0","FUN_001f39d0","001f3e30","001fb680","FUN_001fb680",direct
"001f39d0","FUN_001f39d0","001f3e40","001f21b8","FUN_001f21b8",direct
"001f39d0","FUN_001f39d0","001f3e48","00233c28","FUN_00233c28",direct
"001f39d0","FUN_001f39d0","001f3e60","001f39d0","FUN_001f39d0",tail
"001f39d0","FUN_001f39d0","001f3e68","00237a70","FUN_00237a70",direct
"001f39d0","FUN_001f39d0","001f3e7c","001f39d0","FUN_001f39d0",tail
"001f39d0","FUN_001f39d0","001f3e88","001f39d0","FUN_001f39d0",tail
"001f39d0","FUN_001f39d0","001f3e90","001ff780","FUN_001ff780",direct
"001f39d0","FUN_001f39d0","001f3e98","001fe980","FUN_001fe980",direct
"001f39d0","FUN_001f39d0","001f3ea0","001f4d98","FUN_001f4d98",direct
"001f39d0","FUN_001f39d0","001f3eb4","001f39d0","FUN_001f39d0",tail
"001f39d0","FUN_001f39d0","001f3ec4","001f39d0","FUN_001f39d0",tail
"001f39d0","FUN_001f39d0","001f3ecc","001f4be0","FUN_001f4be0",direct
"001f39d0","FUN_001f39d0","001f3edc","001f21b8","FUN_001f21b8",direct
"001f39d0","FUN_001f39d0","001f3ee8","001f21b0","FUN_001f21b0",direct
"001f39d0","FUN_001f39d0","001f3ef0","001f4398","FUN_001f4398",direct
"001f39d0","FUN_001f39d0","001f3f04","001f39d0","FUN_001f39d0",tail
"001f39d0","FUN_001f39d0","001f3f10","001f39d0","FUN_001f39d0",tail
"001f39d0","FUN_001f39d0","001f3f24","00233980","FUN_00233980",direct
"001f39d0","FUN_001f39d0","001f3f34","001f39d0","FUN_001f39d0",tail
"001f39d0","FUN_001f39d0","001f3f4c","001f5210","FUN_001f5210",direct
"001f39d0","FUN_001f39d0","001f3f6c","001f39d0","FUN_001f39d0",tail
"001f39d0","FUN_001f39d0","001f3f88","001f39d0","FUN_001f39d0",tail
"001f39d0","FUN_001f39d0","001f3fa0","001fa6d0","FUN_001fa6d0",direct
"001f39d0","FUN_001f39d0","001f3fb4","001f5210","FUN_001f5210",direct
"001f39d0","FUN_001f39d0","001f3fd4","001f39d0","FUN_001f39d0",tail
"001f39d0","FUN_001f39d0","001f3ff0","001f39d0","FUN_001f39d0",tail
"001f39d0","FUN_001f39d0","001f4008","001fa6d0","FUN_001fa6d0",direct
"001f39d0","FUN_001f39d0","001f401c","001f5210","FUN_001f5210",direct
"001f39d0","FUN_001f39d0","001f4028","001f39d0","FUN_001f39d0",tail
"001f39d0","FUN_001f39d0","001f4030","001f39d0","FUN_001f39d0",tail
"001f39d0","FUN_001f39d0","001f4038","001f4fb8","FUN_001f4fb8",direct
"001f39d0","FUN_001f39d0","001f4048","001f21b8","FUN_001f21b8",direct
"001f39d0","FUN_001f39d0","001f4054","002334d8","FUN_002334d8",direct
"001f39d0","FUN_001f39d0","001f405c","00118a80","FlushCache",direct
"001f39d0","FUN_001f39d0","001f4070","001fa6c0","FUN_001fa6c0",direct
"001f39d0","FUN_001f39d0","001f408c","001f39d0","FUN_001f39d0",tail
"001f39d0","FUN_001f39d0","001f40a8","002337b0","FUN_002337b0",direct
"001f39d0","FUN_001f39d0","001f40bc","001f21b0","FUN_001f21b0",direct
"001f39d0","FUN_001f39d0","001f40d0","001f39d0","FUN_001f39d0",tail
"001f39d0","FUN_001f39d0","001f40dc","001f39d0","FUN_001f39d0",tail
"001f39d0","FUN_001f39d0","001f40e8","00234f98","FUN_00234f98",direct
"001f39d0","FUN_001f39d0","001f40f0","00233308","FUN_00233308",direct
"001f39d0","FUN_001f39d0","001f4100","001f21b0","FUN_001f21b0",direct
"001f39d0","FUN_001f39d0","001f4108","002337b0","FUN_002337b0",direct
"001f39d0","FUN_001f39d0","001f4114","001f21b0","FUN_001f21b0",direct
"001f39d0","FUN_001f39d0","001f4128","001f39d0","FUN_001f39d0",tail
"001f39d0","FUN_001f39d0","001f4134","001f39d0","FUN_001f39d0",tail
"001f39d0","FUN_001f39d0","001f413c","001f39d0","FUN_001f39d0",tail
"001f39d0","FUN_001f39d0","001f4144","00235898","FUN_00235898",direct
"001f39d0","FUN_001f39d0","001f414c","00235840","FUN_00235840",direct
"001f39d0","FUN_001f39d0","001f4154","001f39d0","FUN_001f39d0",tail
"001f39d0","FUN_001f39d0","001f415c","00237370","FUN_00237370",direct
"001f39d0","FUN_001f39d0","001f4164","00235780","FUN_00235780",direct
"001f39d0","FUN_001f39d0","001f4174","001f21b0","FUN_001f21b0",direct
"001f39d0","FUN_001f39d0","001f417c","002337b0","FUN_002337b0",direct
"001f39d0","FUN_001f39d0","001f4188","001f21b0","FUN_001f21b0",direct
"001f39d0","FUN_001f39d0","001f419c","001f39d0","FUN_001f39d0",tail
"001f39d0","FUN_001f39d0","001f41a8","001f39d0","FUN_001f39d0",tail
"001f39d0","FUN_001f39d0","001f41b4","0022a5e0","FUN_0022a5e0",direct
"001f39d0","FUN_001f39d0","001f41bc","00228a30","FUN_00228a30",direct
"001f39d0","FUN_001f39d0","001f41cc","001f21b0","FUN_001f21b0",direct
"001f39d0","FUN_001f39d0","001f41d4","002337b0","FUN_002337b0",direct
"001f39d0","FUN_001f39d0","001f41e0","001f21b0","FUN_001f21b0",direct
"001f39d0","FUN_001f39d0","001f41f4","001f39d0","FUN_001f39d0",tail
"001f39d0","FUN_001f39d0","001f4200","001f39d0","FUN_001f39d0",tail
"001f39d0","FUN_001f39d0","001f4208","0020cef8","FUN_0020cef8",direct
"001f39d0","FUN_001f39d0","001f4218","001f21b0","FUN_001f21b0",direct
"001f39d0","FUN_001f39d0","001f4220","001f2588","FUN_001f2588",direct
"001f4248","FUN_001f4248","001f4254","001f4248","FUN_001f4248",tail
"001f4248","FUN_001f4248","001f425c","001fb368","FUN_001fb368",direct
"001f4248","FUN_001f4248","001f4268","001f39d0","FUN_001f39d0",direct
"001f4280","FUN_001f4280","001f42b4","001f4280","FUN_001f4280",tail
"001f4280","FUN_001f4280","001f42dc","001f4280","FUN_001f4280",tail
"001f4280","FUN_001f4280","001f42e4","001f4280","FUN_001f4280",tail
"001f4280","FUN_001f4280","001f42fc","001f4280","FUN_001f4280",tail
"001f4280","FUN_001f4280","001f432c","001f4280","FUN_001f4280",tail
"001f4280","FUN_001f4280","001f4344","001f4280","FUN_001f4280",tail
"001f4280","FUN_001f4280","001f4358","001f4280","FUN_001f4280",tail
"001f4280","FUN_001f4280","001f4384","001f4280","FUN_001f4280",tail
"001f4398","FUN_001f4398","001f4404","001f4398","FUN_001f4398",tail
"001f4398","FUN_001f4398","001f440c","0020b4a8","FUN_0020b4a8",direct
"001f4398","FUN_001f4398","001f4414","00233b68","FUN_00233b68",direct
"001f44b8","FUN_001f44b8","001f44d4","001f44b8","FUN_001f44b8",tail
"001f44b8","FUN_001f44b8","001f4580","001f44b8","FUN_001f44b8",tail
"001f4600","FUN_001f4600","001f4610","001f4600","FUN_001f4600",tail
"001f4650","FUN_001f4650","001f466c","001f4650","FUN_001f4650",tail
"001f4650","FUN_001f4650","001f46a8","001f4650","FUN_001f4650",tail
"001f46c8","FUN_001f46c8","001f46e4","001f46c8","FUN_001f46c8",tail
"001f46c8","FUN_001f46c8","001f4720","001f46c8","FUN_001f46c8",tail
"001f4740","FUN_001f4740","001f475c","001f4740","FUN_001f4740",tail
"001f4740","FUN_001f4740","001f4798","001f4740","FUN_001f4740",tail
"001f47b8","FUN_001f47b8","001f47c8","001f47b8","FUN_001f47b8",tail
"001f4808","FUN_001f4808","001f4824","001f4808","FUN_001f4808",tail
"001f4808","FUN_001f4808","001f4860","001f4808","FUN_001f4808",tail
"001f4880","FUN_001f4880","001f48a0","001f44b8","FUN_001f44b8",direct
"001f4880","FUN_001f4880","001f491c","001f4880","FUN_001f4880",tail
"001f4880","FUN_001f4880","001f492c","001f4880","FUN_001f4880",tail
"001f4880","FUN_001f4880","001f496c","001f9bf8","FUN_001f9bf8",direct
"001f4880","FUN_001f4880","001f4a08","001f4880","FUN_001f4880",tail
"001f4880","FUN_001f4880","001f4a18","001f7d30","FUN_001f7d30",direct
"001f4880","FUN_001f4880","001f4a2c","001f4880","FUN_001f4880",tail
"001f4a58","FUN_001f4a58","001f4a7c","002337b0","FUN_002337b0",direct
"001f4a58","FUN_001f4a58","001f4a84","00122298","FUN_00122298",direct
"001f4a58","FUN_001f4a58","001f4a98","002335d0","FUN_002335d0",direct
"001f4a58","FUN_001f4a58","001f4aa0","001f4a58","FUN_001f4a58",tail
"001f4a58","FUN_001f4a58","001f4ac0","001fb2d0","FUN_001fb2d0",direct
"001f4a58","FUN_001f4a58","001f4ac8","001fb368","FUN_001fb368",direct
"001f4a58","FUN_001f4a58","001f4adc","001f5210","FUN_001f5210",direct
"001f4a58","FUN_001f4a58","001f4ae4","001fb3d0","FUN_001fb3d0",direct
"001f4a58","FUN_001f4a58","001f4af8","001f4a58","FUN_001f4a58",tail
"001f4a58","FUN_001f4a58","001f4b10","00233980","FUN_00233980",direct
"001f4a58","FUN_001f4a58","001f4b58","002337b0","FUN_002337b0",direct
"001f4a58","FUN_001f4a58","001f4b60","00122298","FUN_00122298",direct
"001f4a58","FUN_001f4a58","001f4b74","002336a0","FUN_002336a0",direct
"001f4a58","FUN_001f4a58","001f4b7c","00233630","FUN_00233630",direct
"001f4a58","FUN_001f4a58","001f4b84","001f4a58","FUN_001f4a58",tail
"001f4a58","FUN_001f4a58","001f4b8c","002337b0","FUN_002337b0",direct
"001f4a58","FUN_001f4a58","001f4b94","00122298","FUN_00122298",direct
"001f4a58","FUN_001f4a58","001f4ba8","002335d0","FUN_002335d0",direct
"001f4a58","FUN_001f4a58","001f4bb0","001fb2d0","FUN_001fb2d0",direct
"001f4a58","FUN_001f4a58","001f4bb8","001fb368","FUN_001fb368",direct
"001f4be0","FUN_001f4be0","001f4c00","001f4be0","FUN_001f4be0",tail
"001f4be0","FUN_001f4be0","001f4c28","001f4be0","FUN_001f4be0",tail
"001f4be0","FUN_001f4be0","001f4c58","001f4be0","FUN_001f4be0",tail
"001f4be0","FUN_001f4be0","001f4c68","001f4be0","FUN_001f4be0",tail
"001f4be0","FUN_001f4be0","001f4c98","001f7668","FUN_001f7668",direct
"001f4be0","FUN_001f4be0","001f4cbc","001f7580","FUN_001f7580",direct
"001f4be0","FUN_001f4be0","001f4d04","001f4be0","FUN_001f4be0",tail
"001f4be0","FUN_001f4be0","001f4d30","001f5f18","FUN_001f5f18",direct
"001f4be0","FUN_001f4be0","001f4d60","001f7580","FUN_001f7580",direct
"001f4be0","FUN_001f4be0","001f4d68","001f4be0","FUN_001f4be0",tail
"001f4be0","FUN_001f4be0","001f4d78","001f4be0","FUN_001f4be0",tail
"001f4d98","FUN_001f4d98","001f4da0","001f4d98","FUN_001f4d98",tail
"001f4d98","FUN_001f4d98","001f4dac","001f4d98","FUN_001f4d98",tail
"001f4d98","FUN_001f4d98","001f4db4","001f4d98","FUN_001f4d98",tail
"001f4d98","FUN_001f4d98","001f4dc4","001f4d98","FUN_001f4d98",tail
"001f4d98","FUN_001f4d98","001f4ddc","001f4d98","FUN_001f4d98",tail
"001f4fb8","FUN_001f4fb8","001f4fe8","001f4fb8","FUN_001f4fb8",tail
"001f4fb8","FUN_001f4fb8","001f5000","00233980","FUN_00233980",direct
"001f4fb8","FUN_001f4fb8","001f5018","001f4fb8","FUN_001f4fb8",tail
"001f4fb8","FUN_001f4fb8","001f5030","001f52a0","FUN_001f52a0",direct
"001f4fb8","FUN_001f4fb8","001f5038","001f4fb8","FUN_001f4fb8",tail
"001f4fb8","FUN_001f4fb8","001f5054","001f4fb8","FUN_001f4fb8",tail
"001f4fb8","FUN_001f4fb8","001f505c","00233980","FUN_00233980",direct
"001f4fb8","FUN_001f4fb8","001f5074","001f4fb8","FUN_001f4fb8",tail
"001f4fb8","FUN_001f4fb8","001f509c","001f52a0","FUN_001f52a0",direct
"001f4fb8","FUN_001f4fb8","001f50b0","001f4fb8","FUN_001f4fb8",tail
"001f4fb8","FUN_001f4fb8","001f50bc","00233980","FUN_00233980",direct
"001f4fb8","FUN_001f4fb8","001f50d0","001f4fb8","FUN_001f4fb8",tail
"001f4fb8","FUN_001f4fb8","001f50f8","001f52a0","FUN_001f52a0",direct
"001f4fb8","FUN_001f4fb8","001f5110","001f4fb8","FUN_001f4fb8",tail
"001f5138","FUN_001f5138","001f5150","001f5138","FUN_001f5138",tail
"001f5138","FUN_001f5138","001f5164","00233980","FUN_00233980",direct
"001f5138","FUN_001f5138","001f5178","001f5138","FUN_001f5138",tail
"001f5138","FUN_001f5138","001f519c","00233980","FUN_00233980",direct
"001f5138","FUN_001f5138","001f51bc","001f52a0","FUN_001f52a0",direct
"001f5138","FUN_001f5138","001f51d4","00233980","FUN_00233980",direct
"001f5138","FUN_001f5138","001f51e0","001f5138","FUN_001f5138",tail
"001f5138","FUN_001f5138","001f51f4","00233980","FUN_00233980",direct
"001f5210","FUN_001f5210","001f5230","00233980","FUN_00233980",direct
"001f55d8","FUN_001f55d8","001f5648","001fa6d0","FUN_001fa6d0",direct
"001f55d8","FUN_001f55d8","001f5668","001fa6d0","FUN_001fa6d0",direct
"001f55d8","FUN_001f55d8","001f567c","001fa6d0","FUN_001fa6d0",direct
"001f55d8","FUN_001f55d8","001f5694","001fa6d0","FUN_001fa6d0",direct
"001f5808","FUN_001f5808","001f5878","001fa6d0","FUN_001fa6d0",direct
"001f5808","FUN_001f5808","001f5898","001fa6d0","FUN_001fa6d0",direct
"001f5808","FUN_001f5808","001f58ac","001fa6d0","FUN_001fa6d0",direct
"001f5808","FUN_001f5808","001f58c4","001fa6d0","FUN_001fa6d0",direct
"001f5808","FUN_001f5808","001f58dc","001f5808","FUN_001f5808",tail
"001f5808","FUN_001f5808","001f58e8","001f5808","FUN_001f5808",tail
"001f5808","FUN_001f5808","001f58f4","001f5808","FUN_001f5808",tail
"001f5808","FUN_001f5808","001f5900","001f5808","FUN_001f5808",tail
"001f5ab0","FUN_001f5ab0","001f5b20","001f5ab0","FUN_001f5ab0",tail
"001f5ab0","FUN_001f5ab0","001f5b2c","001f5ab0","FUN_001f5ab0",tail
"001f5ab0","FUN_001f5ab0","001f5b3c","001f5ab0","FUN_001f5ab0",tail
"001f5ab0","FUN_001f5ab0","001f5b44","001f5ab0","FUN_001f5ab0",tail
"001f5ab0","FUN_001f5ab0","001f5b60","001f9de0","FUN_001f9de0",direct
"001f5ab0","FUN_001f5ab0","001f5b88","001f9dc8","FUN_001f9dc8",direct
"001f5ab0","FUN_001f5ab0","001f5b98","001f9dc8","FUN_001f9dc8",direct
"001f5ab0","FUN_001f5ab0","001f5ba8","001f9de0","FUN_001f9de0",direct
"001f5ab0","FUN_001f5ab0","001f5bc8","001f9a68","FUN_001f9a68",direct
"001f5ab0","FUN_001f5ab0","001f5be0","001f9a10","FUN_001f9a10",direct
"001f5ab0","FUN_001f5ab0","001f5bf4","001f9a68","FUN_001f9a68",direct
"001f5ab0","FUN_001f5ab0","001f5c04","001f9a28","FUN_001f9a28",direct
"001f5ab0","FUN_001f5ab0","001f5c14","001f9a68","FUN_001f9a68",direct
"001f5ab0","FUN_001f5ab0","001f5c28","001f9a10","FUN_001f9a10",direct
"001f5ab0","FUN_001f5ab0","001f5c38","001f9a68","FUN_001f9a68",direct
"001f5ab0","FUN_001f5ab0","001f5c48","001f9a10","FUN_001f9a10",direct
"001f5ab0","FUN_001f5ab0","001f5c58","001f9a68","FUN_001f9a68",direct
"001f5ab0","FUN_001f5ab0","001f5c6c","001f9a28","FUN_001f9a28",direct
"001f5ab0","FUN_001f5ab0","001f5c7c","001f9a68","FUN_001f9a68",direct
"001f5ab0","FUN_001f5ab0","001f5c8c","001f9a28","FUN_001f9a28",direct
"001f5ab0","FUN_001f5ab0","001f5c9c","001f9a68","FUN_001f9a68",direct
"001f5ab0","FUN_001f5ab0","001f5cb0","001f9a28","FUN_001f9a28",direct
"001f5ab0","FUN_001f5ab0","001f5cc0","001f9a68","FUN_001f9a68",direct
"001f5ab0","FUN_001f5ab0","001f5cd0","001f9a10","FUN_001f9a10",direct
"001f5ab0","FUN_001f5ab0","001f5d78","001fa6d0","FUN_001fa6d0",direct
"001f5ab0","FUN_001f5ab0","001f5d88","001fa6d0","FUN_001fa6d0",direct
"001f5ab0","FUN_001f5ab0","001f5dcc","001fa6d0","FUN_001fa6d0",direct
"001f5ab0","FUN_001f5ab0","001f5ddc","001fa6d0","FUN_001fa6d0",direct
"001f5ab0","FUN_001f5ab0","001f5e18","001fa6d0","FUN_001fa6d0",direct
"001f5ab0","FUN_001f5ab0","001f5e28","001fa6d0","FUN_001fa6d0",direct
"001f5ab0","FUN_001f5ab0","001f5e64","001fa6d0","FUN_001fa6d0",direct
"001f5ab0","FUN_001f5ab0","001f5e74","001fa6d0","FUN_001fa6d0",direct
"001f5f18","FUN_001f5f18","001f5f70","001f52a0","FUN_001f52a0",direct
"001f5f18","FUN_001f5f18","001f5f98","001f52a0","FUN_001f52a0",direct
"001f5f18","FUN_001f5f18","001f5fb8","001f52a0","FUN_001f52a0",direct
"001f5f18","FUN_001f5f18","001f5fd8","001f52a0","FUN_001f52a0",direct
"001f5f18","FUN_001f5f18","001f5ff4","001f52a0","FUN_001f52a0",direct
"001f5f18","FUN_001f5f18","001f600c","001f52a0","FUN_001f52a0",direct
"001f5f18","FUN_001f5f18","001f6024","001f52a0","FUN_001f52a0",direct
"001f6060","FUN_001f6060","001f60ac","001f52a0","FUN_001f52a0",direct
"001f6060","FUN_001f6060","001f60e8","001f52a0","FUN_001f52a0",direct
"001f6060","FUN_001f6060","001f6108","001f52a0","FUN_001f52a0",direct
"001f6060","FUN_001f6060","001f612c","001f52a0","FUN_001f52a0",direct
"001f6060","FUN_001f6060","001f614c","001f52a0","FUN_001f52a0",direct
"001f6060","FUN_001f6060","001f6164","001f52a0","FUN_001f52a0",direct
"001f6060","FUN_001f6060","001f617c","001f52a0","FUN_001f52a0",direct
"001f6060","FUN_001f6060","001f6194","001f52a0","FUN_001f52a0",direct
"001f6060","FUN_001f6060","001f61ac","001f52a0","FUN_001f52a0",direct
"001f6200","FUN_001f6200","001f6204","001f6200","FUN_001f6200",tail
"001f6200","FUN_001f6200","001f6210","001f6200","FUN_001f6200",tail
"001f6200","FUN_001f6200","001f6234","001f6200","FUN_001f6200",tail
"001f6200","FUN_001f6200","001f6240","001f6200","FUN_001f6200",tail
"001f6250","FUN_001f6250","001f625c","001f6200","FUN_001f6200",direct
"001f6270","FUN_001f6270","001f627c","001f6200","FUN_001f6200",direct
"001f6290","FUN_001f6290","001f629c","001f6200","FUN_001f6200",direct
"001f62b0","FUN_001f62b0","001f62f8","001f62b0","FUN_001f62b0",tail
"001f62b0","FUN_001f62b0","001f6310","001f62b0","FUN_001f62b0",tail
"001f62b0","FUN_001f62b0","001f631c","001f62b0","FUN_001f62b0",tail
"001f62b0","FUN_001f62b0","001f6338","001f62b0","FUN_001f62b0",tail
"001f62b0","FUN_001f62b0","001f6340","001f62b0","FUN_001f62b0",tail
"001f62b0","FUN_001f62b0","001f6378","001f62b0","FUN_001f62b0",tail
"001f62b0","FUN_001f62b0","001f6390","001f62b0","FUN_001f62b0",tail
"001f62b0","FUN_001f62b0","001f63a0","001f62b0","FUN_001f62b0",tail
"001f62b0","FUN_001f62b0","001f63dc","001f5450","FUN_001f5450",direct
"001f62b0","FUN_001f62b0","001f63ec","001f62b0","FUN_001f62b0",tail
"001f62b0","FUN_001f62b0","001f640c","001f62b0","FUN_001f62b0",tail
"001f62b0","FUN_001f62b0","001f6480","001f5450","FUN_001f5450",direct
"001f62b0","FUN_001f62b0","001f6488","001f62b0","FUN_001f62b0",tail
"001f62b0","FUN_001f62b0","001f6494","001f62b0","FUN_001f62b0",tail
"001f62b0","FUN_001f62b0","001f64cc","001f5450","FUN_001f5450",direct
"001f62b0","FUN_001f62b0","001f64ec","001f62b0","FUN_001f62b0",tail
"001f62b0","FUN_001f62b0","001f64f8","001f62b0","FUN_001f62b0",tail
"001f6530","FUN_001f6530","001f6560","001f44b8","FUN_001f44b8",direct
"001f6530","FUN_001f6530","001f6584","001f62b0","FUN_001f62b0",direct
"001f65b0","FUN_001f65b0","001f65e0","001f44b8","FUN_001f44b8",direct
"001f65b0","FUN_001f65b0","001f6604","001f62b0","FUN_001f62b0",direct
"001f6638","FUN_001f6638","001f669c","001f6638","FUN_001f6638",tail
"001f6638","FUN_001f6638","001f66c0","001f6638","FUN_001f6638",tail
"001f6638","FUN_001f6638","001f66cc","001f6638","FUN_001f6638",tail
"001f6638","FUN_001f6638","001f66f0","001f6638","FUN_001f6638",tail
"001f6638","FUN_001f6638","001f66f8","001f6638","FUN_001f6638",tail
"001f6638","FUN_001f6638","001f6728","001f6638","FUN_001f6638",tail
"001f6638","FUN_001f6638","001f6740","001f6638","FUN_001f6638",tail
"001f6638","FUN_001f6638","001f6748","001fa6c0","FUN_001fa6c0",direct
"001f6638","FUN_001f6638","001f6760","001f6638","FUN_001f6638",tail
"001f6638","FUN_001f6638","001f6778","001fa6c0","FUN_001fa6c0",direct
"001f6638","FUN_001f6638","001f6784","001fa6c0","FUN_001fa6c0",direct
"001f6638","FUN_001f6638","001f67b4","001f5808","FUN_001f5808",direct
"001f6638","FUN_001f6638","001f67c4","001f6638","FUN_001f6638",tail
"001f6638","FUN_001f6638","001f67e4","001f6638","FUN_001f6638",tail
"001f6638","FUN_001f6638","001f6858","001f5808","FUN_001f5808",direct
"001f6638","FUN_001f6638","001f6860","001f6638","FUN_001f6638",tail
"001f6638","FUN_001f6638","001f686c","001f6638","FUN_001f6638",tail
"001f6638","FUN_001f6638","001f68a0","001f5808","FUN_001f5808",direct
"001f6638","FUN_001f6638","001f68b4","001fa6c0","FUN_001fa6c0",direct
"001f6638","FUN_001f6638","001f68c8","001f6638","FUN_001f6638",tail
"001f6638","FUN_001f6638","001f68d4","001f6638","FUN_001f6638",tail
"001f6940","FUN_001f6940","001f6974","001f6250","FUN_001f6250",direct
"001f6940","FUN_001f6940","001f6980","001f44b8","FUN_001f44b8",direct
"001f6940","FUN_001f6940","001f69a4","001f62b0","FUN_001f62b0",direct
"001f69d0","FUN_001f69d0","001f6a04","001f6270","FUN_001f6270",direct
"001f69d0","FUN_001f69d0","001f6a10","001f44b8","FUN_001f44b8",direct
"001f69d0","FUN_001f69d0","001f6a34","001f62b0","FUN_001f62b0",direct
"001f6a60","FUN_001f6a60","001f6a94","001f6290","FUN_001f6290",direct
"001f6a60","FUN_001f6a60","001f6aa0","001f44b8","FUN_001f44b8",direct
"001f6a60","FUN_001f6a60","001f6ac4","001f62b0","FUN_001f62b0",direct
"001f6af0","FUN_001f6af0","001f6b24","001f6250","FUN_001f6250",direct
"001f6af0","FUN_001f6af0","001f6b34","001f44b8","FUN_001f44b8",direct
"001f6af0","FUN_001f6af0","001f6b58","001f62b0","FUN_001f62b0",direct
"001f6b88","FUN_001f6b88","001f6bbc","001f6270","FUN_001f6270",direct
"001f6b88","FUN_001f6b88","001f6bcc","001f44b8","FUN_001f44b8",direct
"001f6b88","FUN_001f6b88","001f6bf0","001f62b0","FUN_001f62b0",direct
"001f6c20","FUN_001f6c20","001f6c54","001f6290","FUN_001f6290",direct
"001f6c20","FUN_001f6c20","001f6c64","001f44b8","FUN_001f44b8",direct
"001f6c20","FUN_001f6c20","001f6c88","001f62b0","FUN_001f62b0",direct
"001f6cb8","FUN_001f6cb8","001f6d1c","001f6cb8","FUN_001f6cb8",tail
"001f6cb8","FUN_001f6cb8","001f6d28","001f6cb8","FUN_001f6cb8",tail
"001f6cb8","FUN_001f6cb8","001f6d3c","001f6cb8","FUN_001f6cb8",tail
"001f6cb8","FUN_001f6cb8","001f6d64","001f6cb8","FUN_001f6cb8",tail
"001f6cb8","FUN_001f6cb8","001f6d74","001f6cb8","FUN_001f6cb8",tail
"001f6cb8","FUN_001f6cb8","001f6d7c","001f6cb8","FUN_001f6cb8",tail
"001f6cb8","FUN_001f6cb8","001f6db0","001f6cb8","FUN_001f6cb8",tail
"001f6cb8","FUN_001f6cb8","001f6dbc","001f6cb8","FUN_001f6cb8",tail
"001f6cb8","FUN_001f6cb8","001f6dc4","001f6cb8","FUN_001f6cb8",tail
"001f6cb8","FUN_001f6cb8","001f6de4","001f6cb8","FUN_001f6cb8",tail
"001f6cb8","FUN_001f6cb8","001f6df0","001f6cb8","FUN_001f6cb8",tail
"001f6cb8","FUN_001f6cb8","001f6e04","001f6cb8","FUN_001f6cb8",tail
"001f6cb8","FUN_001f6cb8","001f6e18","001f6cb8","FUN_001f6cb8",tail
"001f6cb8","FUN_001f6cb8","001f6e20","001f6cb8","FUN_001f6cb8",tail
"001f6cb8","FUN_001f6cb8","001f6e58","001f6cb8","FUN_001f6cb8",tail
"001f6cb8","FUN_001f6cb8","001f6e70","001f6cb8","FUN_001f6cb8",tail
"001f6cb8","FUN_001f6cb8","001f6e80","001f6cb8","FUN_001f6cb8",tail
"001f6cb8","FUN_001f6cb8","001f6ebc","001f5450","FUN_001f5450",direct
"001f6cb8","FUN_001f6cb8","001f6ecc","001f6cb8","FUN_001f6cb8",tail
"001f6cb8","FUN_001f6cb8","001f6f04","001f5450","FUN_001f5450",direct
"001f6cb8","FUN_001f6cb8","001f6f0c","001f6cb8","FUN_001f6cb8",tail
"001f6cb8","FUN_001f6cb8","001f6f18","001f6cb8","FUN_001f6cb8",tail
"001f6cb8","FUN_001f6cb8","001f6f50","001f5450","FUN_001f5450",direct
"001f6cb8","FUN_001f6cb8","001f6f70","001f6cb8","FUN_001f6cb8",tail
"001f6cb8","FUN_001f6cb8","001f6f7c","001f6cb8","FUN_001f6cb8",tail
"001f6cb8","FUN_001f6cb8","001f6f8c","001f6cb8","FUN_001f6cb8",tail
"001f6fd0","FUN_001f6fd0","001f7010","001f44b8","FUN_001f44b8",direct
"001f6fd0","FUN_001f6fd0","001f7040","001f6cb8","FUN_001f6cb8",direct
"001f7090","FUN_001f7090","001f70ec","00233a40","FUN_00233a40",direct
"001f7090","FUN_001f7090","001f7104","001f7090","FUN_001f7090",tail
"001f7090","FUN_001f7090","001f7114","001f7090","FUN_001f7090",tail
"001f7090","FUN_001f7090","001f715c","001f7090","FUN_001f7090",tail
"001f7090","FUN_001f7090","001f7168","001f7090","FUN_001f7090",tail
"001f7090","FUN_001f7090","001f719c","001f7090","FUN_001f7090",tail
"001f7090","FUN_001f7090","001f71bc","001f7090","FUN_001f7090",tail
"001f7090","FUN_001f7090","001f71c4","001f7090","FUN_001f7090",tail
"001f7090","FUN_001f7090","001f71d0","001f7090","FUN_001f7090",tail
"001f7090","FUN_001f7090","001f71e4","001f7090","FUN_001f7090",tail
"001f7090","FUN_001f7090","001f71f8","001f7090","FUN_001f7090",tail
"001f7090","FUN_001f7090","001f7220","001f7090","FUN_001f7090",tail
"001f7090","FUN_001f7090","001f7240","001f7090","FUN_001f7090",tail
"001f7090","FUN_001f7090","001f7254","001f7090","FUN_001f7090",tail
"001f7090","FUN_001f7090","001f7260","001f7090","FUN_001f7090",tail
"001f7090","FUN_001f7090","001f7278","001f7090","FUN_001f7090",tail
"001f7090","FUN_001f7090","001f7284","001f7090","FUN_001f7090",tail
"001f7090","FUN_001f7090","001f7290","001f7090","FUN_001f7090",tail
"001f7090","FUN_001f7090","001f7298","001f7090","FUN_001f7090",tail
"001f7090","FUN_001f7090","001f72a0","001f7090","FUN_001f7090",tail
"001f7090","FUN_001f7090","001f72ac","001f7090","FUN_001f7090",tail
"001f7090","FUN_001f7090","001f72b8","001f7090","FUN_001f7090",tail
"001f7090","FUN_001f7090","001f72c0","001f7090","FUN_001f7090",tail
"001f7090","FUN_001f7090","001f72c8","001f7090","FUN_001f7090",tail
"001f7090","FUN_001f7090","001f72d8","001f7090","FUN_001f7090",tail
"001f7090","FUN_001f7090","001f72f8","001f7090","FUN_001f7090",tail
"001f7090","FUN_001f7090","001f7308","001f7090","FUN_001f7090",tail
"001f7090","FUN_001f7090","001f7338","001f7090","FUN_001f7090",tail
"001f7090","FUN_001f7090","001f7348","001f7090","FUN_001f7090",tail
"001f7090","FUN_001f7090","001f736c","001f6200","FUN_001f6200",direct
"001f7090","FUN_001f7090","001f7380","001f7090","FUN_001f7090",tail
"001f7090","FUN_001f7090","001f7390","001f7090","FUN_001f7090",tail
"001f7090","FUN_001f7090","001f73b8","001f7090","FUN_001f7090",tail
"001f7090","FUN_001f7090","001f73c0","001f7090","FUN_001f7090",tail
"001f7090","FUN_001f7090","001f73ec","001f7090","FUN_001f7090",tail
"001f7090","FUN_001f7090","001f7470","001f6638","FUN_001f6638",direct
"001f7090","FUN_001f7090","001f7478","001f7090","FUN_001f7090",tail
"001f7090","FUN_001f7090","001f7480","001f7090","FUN_001f7090",tail
"001f7090","FUN_001f7090","001f74bc","001f62b0","FUN_001f62b0",direct
"001f7090","FUN_001f7090","001f74c4","001f7090","FUN_001f7090",tail
"001f7090","FUN_001f7090","001f74fc","001f62b0","FUN_001f62b0",direct
"001f7090","FUN_001f7090","001f7518","001f7090","FUN_001f7090",tail
"001f7090","FUN_001f7090","001f7544","00233a40","FUN_00233a40",direct
"001f7580","FUN_001f7580","001f75a8","001f44b8","FUN_001f44b8",direct
"001f7580","FUN_001f7580","001f75c8","001f7090","FUN_001f7090",direct
"001f75f0","FUN_001f75f0","001f7618","001f44b8","FUN_001f44b8",direct
"001f75f0","FUN_001f75f0","001f7638","001f7090","FUN_001f7090",direct
"001f76a0","FUN_001f76a0","001f76c0","001f9ff8","FUN_001f9ff8",direct
"001f76a0","FUN_001f76a0","001f76dc","001f9a68","FUN_001f9a68",direct
"001f76a0","FUN_001f76a0","001f76f4","001f76a0","FUN_001f76a0",tail
"001f76a0","FUN_001f76a0","001f7708","00233830","FUN_00233830",direct
"001f76a0","FUN_001f76a0","001f7784","001fa378","FUN_001fa378",direct
"001f76a0","FUN_001f76a0","001f77a8","001fa378","FUN_001fa378",direct
"001f76a0","FUN_001f76a0","001f7868","00233c90","FUN_00233c90",direct
"001f7888","FUN_001f7888","001f78ac","001f7888","FUN_001f7888",tail
"001f7888","FUN_001f7888","001f78b8","001f7888","FUN_001f7888",tail
"001f7888","FUN_001f7888","001f78f0","001fb440","FUN_001fb440",direct
"001f7888","FUN_001f7888","001f791c","001f33b8","FUN_001f33b8",direct
"001f7888","FUN_001f7888","001f7924","001f7888","FUN_001f7888",tail
"001f7888","FUN_001f7888","001f792c","00233980","FUN_00233980",direct
"001f7888","FUN_001f7888","001f7934","001f7888","FUN_001f7888",tail
"001f7888","FUN_001f7888","001f793c","00233980","FUN_00233980",direct
"001f7888","FUN_001f7888","001f7950","00233980","FUN_00233980",direct
"001f7978","FUN_001f7978","001f7980","001fb2d0","FUN_001fb2d0",direct
"001f7978","FUN_001f7978","001f7988","001f2c60","FUN_001f2c60",direct
"001f7978","FUN_001f7978","001f7990","001f2d98","FUN_001f2d98",direct
"001f79a8","FUN_001f79a8","001f79b4","001f79a8","FUN_001f79a8",tail
"001f79a8","FUN_001f79a8","001f79c0","00233980","FUN_00233980",direct
"001f79a8","FUN_001f79a8","001f79cc","00233980","FUN_00233980",direct
"001f79a8","FUN_001f79a8","001f79dc","00233980","FUN_00233980",direct
"001f79a8","FUN_001f79a8","001f79e8","00233980","FUN_00233980",direct
"001f79a8","FUN_001f79a8","001f79f0","001f8ff0","FUN_001f8ff0",direct
"001f79a8","FUN_001f79a8","001f7a04","001f76a0","FUN_001f76a0",direct
"001f79a8","FUN_001f79a8","001f7a0c","001f89a4","FUN_001f89a4",direct
"001f79a8","FUN_001f79a8","001f7a1c","00233980","FUN_00233980",direct
"001f7a30","FUN_001f7a30","001f7a74","001f7a30","FUN_001f7a30",tail
"001f7a98","FUN_001f7a98","001f7b14","001f7a98","FUN_001f7a98",tail
"001f7a98","FUN_001f7a98","001f7bf0","001f7a98","FUN_001f7a98",tail
"001f7a98","FUN_001f7a98","001f7bf8","001f7a98","FUN_001f7a98",tail
"001f7a98","FUN_001f7a98","001f7c00","001f7a98","FUN_001f7a98",tail
"001f7d30","FUN_001f7d30","001f7d58","001f7d30","FUN_001f7d30",tail
"001f7d30","FUN_001f7d30","001f7e80","001f7d30","FUN_001f7d30",tail
"001f7d30","FUN_001f7d30","001f7e90","001f7d30","FUN_001f7d30",tail
"001f7d30","FUN_001f7d30","001f7ea0","001f7d30","FUN_001f7d30",tail
"001f7d30","FUN_001f7d30","001f7eb8","001f7d30","FUN_001f7d30",tail
"001f7d30","FUN_001f7d30","001f7ec0","001f7d30","FUN_001f7d30",tail
"001f7d30","FUN_001f7d30","001f7ec8","001f7d30","FUN_001f7d30",tail
"001f7d30","FUN_001f7d30","001f7ed8","001f7d30","FUN_001f7d30",tail
"001f7d30","FUN_001f7d30","001f7ef0","001f7d30","FUN_001f7d30",tail
"001f7d30","FUN_001f7d30","001f7ef8","001f7d30","FUN_001f7d30",tail
"001f7d30","FUN_001f7d30","001f7f00","001f7d30","FUN_001f7d30",tail
"001f7d30","FUN_001f7d30","001f7f10","001f7d30","FUN_001f7d30",tail
"001f7d30","FUN_001f7d30","001f7f28","001f7d30","FUN_001f7d30",tail
"001f7d30","FUN_001f7d30","001f7f30","001f7d30","FUN_001f7d30",tail
"001f7d30","FUN_001f7d30","001f7f38","001f7d30","FUN_001f7d30",tail
"001f7d30","FUN_001f7d30","001f7f48","001f7d30","FUN_001f7d30",tail
"001f7d30","FUN_001f7d30","001f7f60","001f7d30","FUN_001f7d30",tail
"001f7d30","FUN_001f7d30","001f7fe0","001f7d30","FUN_001f7d30",tail
"001f7d30","FUN_001f7d30","001f7fe8","001f8364","FUN_001f8364",direct
"001f7d30","FUN_001f7d30","001f8200","001f7d30","FUN_001f7d30",tail
"001f7d30","FUN_001f7d30","001f8208","001f82e4","FUN_001f82e4",direct
"001f7d30","FUN_001f7d30","001f8260","001f83a4","FUN_001f83a4",direct
"001f7d30","FUN_001f7d30","001f82a8","001f83a4","FUN_001f83a4",direct
"001f7d30","FUN_001f7d30","001f82b0","001f7d30","FUN_001f7d30",tail
"001f7d30","FUN_001f7d30","001f82b8","001f82e4","FUN_001f82e4",direct
"001f7d30","FUN_001f7d30","001f82d4","001f7d30","FUN_001f7d30",tail
"001f82e4","FUN_001f82e4","001f82ec","001f8364","FUN_001f8364",direct
"001f83a4","FUN_001f83a4","001f8414","001f83a4","FUN_001f83a4",tail
"001f83a4","FUN_001f83a4","001f842c","001f83a4","FUN_001f83a4",tail
"001f83a4","FUN_001f83a4","001f843c","001f7a98","FUN_001f7a98",direct
"001f83a4","FUN_001f83a4","001f844c","001f83a4","FUN_001f83a4",tail
"001f83a4","FUN_001f83a4","001f8474","001f83a4","FUN_001f83a4",tail
"001f83a4","FUN_001f83a4","001f847c","001f83a4","FUN_001f83a4",tail
"001f83a4","FUN_001f83a4","001f848c","001f83a4","FUN_001f83a4",tail
"001f83a4","FUN_001f83a4","001f88c8","001f8364","FUN_001f8364",direct
"001f83a4","FUN_001f83a4","001f8988","001f83a4","FUN_001f83a4",tail
"001f89a4","FUN_001f89a4","001f89f0","001f89a4","FUN_001f89a4",tail
"001f89a4","FUN_001f89a4","001f8a18","001f89a4","FUN_001f89a4",tail
"001f89a4","FUN_001f89a4","001f8a2c","001f89a4","FUN_001f89a4",tail
"001f89a4","FUN_001f89a4","001f8a54","001f89a4","FUN_001f89a4",tail
"001f89a4","FUN_001f89a4","001f8a9c","001f89a4","FUN_001f89a4",tail
"001f89a4","FUN_001f89a4","001f8acc","001f89a4","FUN_001f89a4",tail
"001f89a4","FUN_001f89a4","001f8b1c","001f89a4","FUN_001f89a4",tail
"001f89a4","FUN_001f89a4","001f8b8c","001f89a4","FUN_001f89a4",tail
"001f89a4","FUN_001f89a4","001f8be4","001f89a4","FUN_001f89a4",tail
"001f89a4","FUN_001f89a4","001f8d10","001f89a4","FUN_001f89a4",tail
"001f89a4","FUN_001f89a4","001f8db0","001f89a4","FUN_001f89a4",tail
"001f89a4","FUN_001f89a4","001f8dc0","001f89a4","FUN_001f89a4",tail
"001f89a4","FUN_001f89a4","001f8dd0","001f89a4","FUN_001f89a4",tail
"001f89a4","FUN_001f89a4","001f8e34","001f89a4","FUN_001f89a4",tail
"001f89a4","FUN_001f89a4","001f8e40","001f89a4","FUN_001f89a4",tail
"001f89a4","FUN_001f89a4","001f8e50","001f89a4","FUN_001f89a4",tail
"001f89a4","FUN_001f89a4","001f8f38","001f89a4","FUN_001f89a4",tail
"001f89a4","FUN_001f89a4","001f8f48","001f89a4","FUN_001f89a4",tail
"001f89a4","FUN_001f89a4","001f8f54","001f89a4","FUN_001f89a4",tail
"001f89a4","FUN_001f89a4","001f8fa8","001f89a4","FUN_001f89a4",tail
"001f89a4","FUN_001f89a4","001f8fb8","001f89a4","FUN_001f89a4",tail
"001f8ff0","FUN_001f8ff0","001f90b0","001fa728","FUN_001fa728",direct
"001f8ff0","FUN_001f8ff0","001f90c0","001f8ff0","FUN_001f8ff0",tail
"001f8ff0","FUN_001f8ff0","001f9120","001f8ff0","FUN_001f8ff0",tail
"001f8ff0","FUN_001f8ff0","001f9128","001f8ff0","FUN_001f8ff0",tail
"001f8ff0","FUN_001f8ff0","001f9150","001f8ff0","FUN_001f8ff0",tail
"001f8ff0","FUN_001f8ff0","001f91a8","001f8ff0","FUN_001f8ff0",tail
"001f8ff0","FUN_001f8ff0","001f9230","001f8ff0","FUN_001f8ff0",tail
"001f8ff0","FUN_001f8ff0","001f9298","001f8ff0","FUN_001f8ff0",tail
"001f92b0","FUN_001f92b0","001f92fc","00233980","FUN_00233980",direct
"001f92b0","FUN_001f92b0","001f9330","001f92b0","FUN_001f92b0",tail
"001f92b0","FUN_001f92b0","001f9340","001f9a28","FUN_001f9a28",direct
"001f92b0","FUN_001f92b0","001f9354","001f9af0","FUN_001f9af0",direct
"001f92b0","FUN_001f92b0","001f936c","001f9a68","FUN_001f9a68",direct
"001f92b0","FUN_001f92b0","001f9384","001f9d20","FUN_001f9d20",direct
"001f92b0","FUN_001f92b0","001f9398","001f9a98","FUN_001f9a98",direct
"001f92b0","FUN_001f92b0","001f93a0","001f9958","FUN_001f9958",direct
"001f92b0","FUN_001f92b0","001f93a8","001f92b0","FUN_001f92b0",tail
"001f92b0","FUN_001f92b0","001f93b4","001f97e8","FUN_001f97e8",direct
"001f92b0","FUN_001f92b0","001f93bc","001f92b0","FUN_001f92b0",tail
"001f92b0","FUN_001f92b0","001f93d4","001f9a68","FUN_001f9a68",direct
"001f92b0","FUN_001f92b0","001f93f4","001fa6d0","FUN_001fa6d0",direct
"001f92b0","FUN_001f92b0","001f9404","001fa6d0","FUN_001fa6d0",direct
"001f92b0","FUN_001f92b0","001f9428","001fa6d0","FUN_001fa6d0",direct
"001f92b0","FUN_001f92b0","001f9448","001f92b0","FUN_001f92b0",tail
"001f92b0","FUN_001f92b0","001f9464","001f92b0","FUN_001f92b0",tail
"001f92b0","FUN_001f92b0","001f9474","001fa6c0","FUN_001fa6c0",direct
"001f92b0","FUN_001f92b0","001f94a4","001f9de0","FUN_001f9de0",direct
"001f92b0","FUN_001f92b0","001f94ac","001fa6d0","FUN_001fa6d0",direct
"001f92b0","FUN_001f92b0","001f94b8","001f9dc8","FUN_001f9dc8",direct
"001f92b0","FUN_001f92b0","001f94c0","001fa6d0","FUN_001fa6d0",direct
"001f92b0","FUN_001f92b0","001f9544","001f44b8","FUN_001f44b8",direct
"001f92b0","FUN_001f92b0","001f95f0","001f92b0","FUN_001f92b0",tail
"001f92b0","FUN_001f92b0","001f9604","00233980","FUN_00233980",direct
"001f9740","FUN_001f9740","001f9748","001f9740","FUN_001f9740",tail
"001f9740","FUN_001f9740","001f9758","001f9740","FUN_001f9740",tail
"001f9770","FUN_001f9770","001f9778","001f9770","FUN_001f9770",tail
"001f9770","FUN_001f9770","001f9788","001f9770","FUN_001f9770",tail
"001f97c0","FUN_001f97c0","001f97d8","001f97c0","FUN_001f97c0",tail
"001f97e8","FUN_001f97e8","001f97f0","001f97e8","FUN_001f97e8",tail
"001f97e8","FUN_001f97e8","001f9800","001f97e8","FUN_001f97e8",tail
"001f9810","FUN_001f9810","001f9818","001f9810","FUN_001f9810",tail
"001f9810","FUN_001f9810","001f9828","001f9810","FUN_001f9810",tail
"001f9838","FUN_001f9838","001f9848","001f9838","FUN_001f9838",tail
"001f9838","FUN_001f9838","001f9850","001f9838","FUN_001f9838",tail
"001f9838","FUN_001f9838","001f9870","001f9838","FUN_001f9838",tail
"001f9838","FUN_001f9838","001f9898","001f9838","FUN_001f9838",tail
"001f9838","FUN_001f9838","001f98c0","001f9838","FUN_001f9838",tail
"001f98d0","FUN_001f98d0","001f98e8","001f98d0","FUN_001f98d0",tail
"001f98f8","FUN_001f98f8","001f9918","001f98f8","FUN_001f98f8",tail
"001f99a8","FUN_001f99a8","001f99a8","001f99a8","FUN_001f99a8",tail
"001f9bb0","FUN_001f9bb0","001f9be0","001f9bb0","FUN_001f9bb0",tail
"001f9bf8","FUN_001f9bf8","001f9c20","001f9bf8","FUN_001f9bf8",tail
"001f9c48","FUN_001f9c48","001f9c68","001f9c48","FUN_001f9c48",tail
"001f9c90","FUN_001f9c90","001f9cc8","001f9c90","FUN_001f9c90",tail
"001f9c90","FUN_001f9c90","001f9cd0","001f9c90","FUN_001f9c90",tail
"001f9d98","FUN_001f9d98","001f9db8","001f9d98","FUN_001f9d98",tail
"001f9df8","FUN_001f9df8","001f9e10","001f9df8","FUN_001f9df8",tail
"001f9e90","FUN_001f9e90","001f9eb0","001f9e90","FUN_001f9e90",tail
"001f9e90","FUN_001f9e90","001f9ec8","001f9e90","FUN_001f9e90",tail
"001fa070","FUN_001fa070","001fa0b0","001fa070","FUN_001fa070",tail
"001fa070","FUN_001fa070","001fa0b8","001fa070","FUN_001fa070",tail
"001fa070","FUN_001fa070","001fa0d8","001fa070","FUN_001fa070",tail
"001fa070","FUN_001fa070","001fa0e0","001fa070","FUN_001fa070",tail
"001fa070","FUN_001fa070","001fa138","001fa070","FUN_001fa070",tail
"001fa070","FUN_001fa070","001fa140","001fa070","FUN_001fa070",tail
"001fa070","FUN_001fa070","001fa1b0","001fa070","FUN_001fa070",tail
"001fa070","FUN_001fa070","001fa1bc","001fa070","FUN_001fa070",tail
"001fa070","FUN_001fa070","001fa22c","001fa070","FUN_001fa070",tail
"001fa070","FUN_001fa070","001fa238","001fa070","FUN_001fa070",tail
"001fa070","FUN_001fa070","001fa280","001fa070","FUN_001fa070",tail
"001fa070","FUN_001fa070","001fa288","001fa070","FUN_001fa070",tail
"001fa070","FUN_001fa070","001fa290","001fa070","FUN_001fa070",tail
"001fa378","FUN_001fa378","001fa3b0","001fa378","FUN_001fa378",tail
"001fa400","FUN_001fa400","001fa448","001fa400","FUN_001fa400",tail
"001fa580","FUN_001fa580","001fa5a0","001fa580","FUN_001fa580",tail
"001fa580","FUN_001fa580","001fa5b0","001fa580","FUN_001fa580",tail
"001fa5c8","FUN_001fa5c8","001fa5e8","001fa5c8","FUN_001fa5c8",tail
"001fa5c8","FUN_001fa5c8","001fa5f8","001fa5c8","FUN_001fa5c8",tail
"001fa610","FUN_001fa610","001fa630","001fa610","FUN_001fa610",tail
"001fa610","FUN_001fa610","001fa64c","001fa610","FUN_001fa610",tail
"001fa610","FUN_001fa610","001fa65c","001fa610","FUN_001fa610",tail
"001fa610","FUN_001fa610","001fa678","001fa610","FUN_001fa610",tail
"001fa688","FUN_001fa688","001fa6a8","001fa688","FUN_001fa688",tail
"001fa728","FUN_001fa728","001fa7c8","001fa728","FUN_001fa728",tail
"001fa728","FUN_001fa728","001fa7d0","001fa728","FUN_001fa728",tail
"001fa728","FUN_001fa728","001fa7e8","001fa728","FUN_001fa728",tail
"001fa728","FUN_001fa728","001fa7f0","001fa728","FUN_001fa728",tail
"001fa728","FUN_001fa728","001fa7f8","001fa728","FUN_001fa728",tail
"001fa728","FUN_001fa728","001fa800","001fa728","FUN_001fa728",tail
"001fa820","FUN_001fa820","001fa828","001fa728","FUN_001fa728",direct
"001fa820","FUN_001fa820","001fa830","001fa820","FUN_001fa820",tail
"001fa860","FUN_001fa860","001fa880","001fa860","FUN_001fa860",tail
"001fa860","FUN_001fa860","001fa898","001fa860","FUN_001fa860",tail
"001fa860","FUN_001fa860","001fa8a0","001fa860","FUN_001fa860",tail
"001fa860","FUN_001fa860","001fa8d8","001fa860","FUN_001fa860",tail
"001fa860","FUN_001fa860","001fa8e8","001fa860","FUN_001fa860",tail
"001fa860","FUN_001fa860","001fa8f0","001fa860","FUN_001fa860",tail
"001fa860","FUN_001fa860","001fa8f8","001fa860","FUN_001fa860",tail
"001fa860","FUN_001fa860","001fa910","001fa860","FUN_001fa860",tail
"001fa860","FUN_001fa860","001fa920","001fa860","FUN_001fa860",tail
"001fa860","FUN_001fa860","001fa928","001fa860","FUN_001fa860",tail
"001fa978","FUN_001fa978","001faa68","00121ac8","FUN_00121ac8",direct
"001fa978","FUN_001fa978","001faaac","00121fc8","FUN_00121fc8",direct
"001fa978","FUN_001fa978","001fab44","00121fc8","FUN_00121fc8",direct
"001fa978","FUN_001fa978","001fad3c","001fa978","FUN_001fa978",tail
"001fa978","FUN_001fa978","001faf04","001fa978","FUN_001fa978",tail
"001fa978","FUN_001fa978","001fb068","001fa978","FUN_001fa978",tail
"001fa978","FUN_001fa978","001fb154","001fa978","FUN_001fa978",tail
"001fa978","FUN_001fa978","001fb1cc","001fa978","FUN_001fa978",tail
"001fa978","FUN_001fa978","001fb244","001fa978","FUN_001fa978",tail
"001fb2a8","FUN_001fb2a8","001fb2b8","00121e40","FUN_00121e40",direct
"001fb2d0","FUN_001fb2d0","001fb2dc","001fb2d0","FUN_001fb2d0",tail
"001fb2d0","FUN_001fb2d0","001fb340","001fb2d0","FUN_001fb2d0",tail
"001fb2d0","FUN_001fb2d0","001fb350","001221b0","FUN_001221b0",direct
"001fb368","FUN_001fb368","001fb370","001fb368","FUN_001fb368",tail
"001fb440","FUN_001fb440","001fb4d0","001f9810","FUN_001f9810",direct
"001fb440","FUN_001fb440","001fb564","00121fc8","FUN_00121fc8",direct
"001fb740","FUN_001fb740","001fb77c","00233980","FUN_00233980",direct
"001fb740","FUN_001fb740","001fb854","001fb740","FUN_001fb740",tail
"001fb740","FUN_001fb740","001fb8b4","001fb740","FUN_001fb740",tail
"001fb8f0","FUN_001fb8f0","001fb930","00233938","FUN_00233938",direct
"001fb8f0","FUN_001fb8f0","001fb93c","00233980","FUN_00233980",direct
"001fb8f0","FUN_001fb8f0","001fba78","00233980","FUN_00233980",direct
"001fb8f0","FUN_001fb8f0","001fba80","00233938","FUN_00233938",direct
"001fbab8","FUN_001fbab8","001fbadc","001fbab8","FUN_001fbab8",tail
"001fbab8","FUN_001fbab8","001fbae4","0012e3e8","FUN_0012e3e8",direct
"001fbab8","FUN_001fbab8","001fbaec","00216050","FUN_00216050",direct
"001fbab8","FUN_001fbab8","001fbb20","001fbab8","FUN_001fbab8",tail
"001fbab8","FUN_001fbab8","001fbb3c","001fbab8","FUN_001fbab8",computed
"001fbab8","FUN_001fbab8","001fbb3c","001fbab8","FUN_001fbab8",computed
"001fbab8","FUN_001fbab8","001fbb3c","001fbab8","FUN_001fbab8",computed
"001fbab8","FUN_001fbab8","001fbb3c","001fbab8","FUN_001fbab8",computed
"001fbab8","FUN_001fbab8","001fbb3c","001fbab8","FUN_001fbab8",computed
"001fbab8","FUN_001fbab8","001fbb3c","001fbab8","FUN_001fbab8",computed
"001fbab8","FUN_001fbab8","001fbb48","001fdd10","FUN_001fdd10",direct
"001fbab8","FUN_001fbab8","001fbb54","001fdd10","FUN_001fdd10",direct
"001fbab8","FUN_001fbab8","001fbb60","001fdd10","FUN_001fdd10",direct
"001fbab8","FUN_001fbab8","001fbb7c","001fbab8","FUN_001fbab8",tail
"001fbab8","FUN_001fbab8","001fbb84","001fdd10","FUN_001fdd10",direct
"001fbab8","FUN_001fbab8","001fbb98","001fbab8","FUN_001fbab8",tail
"001fbab8","FUN_001fbab8","001fbba4","001fdd10","FUN_001fdd10",direct
"001fbab8","FUN_001fbab8","001fbbb0","001fdd10","FUN_001fdd10",direct
"001fbab8","FUN_001fbab8","001fbbbc","001fdd10","FUN_001fdd10",direct
"001fbab8","FUN_001fbab8","001fbbc8","001fbab8","FUN_001fbab8",tail
"001fbab8","FUN_001fbab8","001fbbd4","001fed30","FUN_001fed30",direct
"001fbab8","FUN_001fbab8","001fbbdc","001fbab8","FUN_001fbab8",tail
"001fbab8","FUN_001fbab8","001fbbec","001f96f8","FUN_001f96f8",direct
"001fbab8","FUN_001fbab8","001fbbfc","001f96f8","FUN_001f96f8",direct
"001fbab8","FUN_001fbab8","001fbc04","001fbab8","FUN_001fbab8",tail
"001fbab8","FUN_001fbab8","001fbc0c","001f96f8","FUN_001f96f8",direct
"001fbab8","FUN_001fbab8","001fbc1c","001fbab8","FUN_001fbab8",tail
"001fbc50","FUN_001fbc50","001fbc88","001f4280","FUN_001f4280",direct
"001fbc50","FUN_001fbc50","001fbca0","001fbc50","FUN_001fbc50",tail
"001fbc50","FUN_001fbc50","001fbcb8","001fbc50","FUN_001fbc50",computed
"001fbc50","FUN_001fbc50","001fbcb8","001fbc50","FUN_001fbc50",computed
"001fbc50","FUN_001fbc50","001fbcb8","001fbc50","FUN_001fbc50",computed
"001fbc50","FUN_001fbc50","001fbcb8","001fbc50","FUN_001fbc50",computed
"001fbc50","FUN_001fbc50","001fbcb8","001fbc50","FUN_001fbc50",computed
"001fbc50","FUN_001fbc50","001fbcb8","001fbc50","FUN_001fbc50",computed
"001fbc50","FUN_001fbc50","001fbcc4","001f96f8","FUN_001f96f8",direct
"001fbc50","FUN_001fbc50","001fbd14","001f5f18","FUN_001f5f18",direct
"001fbc50","FUN_001fbc50","001fbd5c","001fa6e0","FUN_001fa6e0",direct
"001fbc50","FUN_001fbc50","001fbd68","001fdd10","FUN_001fdd10",direct
"001fbc50","FUN_001fbc50","001fbd78","00116808","FUN_00116808",direct
"001fbc50","FUN_001fbc50","001fbd88","001fbc50","FUN_001fbc50",tail
"001fbc50","FUN_001fbc50","001fbdac","001fbc50","FUN_001fbc50",tail
"001fbc50","FUN_001fbc50","001fbdbc","001fbc50","FUN_001fbc50",tail
"001fbc50","FUN_001fbc50","001fbde4","001fbc50","FUN_001fbc50",tail
"001fbc50","FUN_001fbc50","001fbdf0","001f44b8","FUN_001f44b8",direct
"001fbc50","FUN_001fbc50","001fbe10","001f7090","FUN_001f7090",direct
"001fbc50","FUN_001fbc50","001fbe38","001f44b8","FUN_001f44b8",direct
"001fbc50","FUN_001fbc50","001fbe54","001f7090","FUN_001f7090",direct
"001fbc50","FUN_001fbc50","001fbe78","001f44b8","FUN_001f44b8",direct
"001fbc50","FUN_001fbc50","001fbe94","001f7090","FUN_001f7090",direct
"001fbc50","FUN_001fbc50","001fbe9c","001f96f8","FUN_001f96f8",direct
"001fbc50","FUN_001fbc50","001fbed8","001fa6e0","FUN_001fa6e0",direct
"001fbc50","FUN_001fbc50","001fbee4","001fdd10","FUN_001fdd10",direct
"001fbc50","FUN_001fbc50","001fbefc","001f6af0","FUN_001f6af0",direct
"001fbc50","FUN_001fbc50","001fbf18","00233980","FUN_00233980",direct
"001fbc50","FUN_001fbc50","001fbf28","001ff960","FUN_001ff960",direct
"001fbc50","FUN_001fbc50","001fbf44","001ffc30","FUN_001ffc30",direct
"001fbc50","FUN_001fbc50","001fbf88","001fbc50","FUN_001fbc50",tail
"001fbc50","FUN_001fbc50","001fbfa4","001ff960","FUN_001ff960",direct
"001fbc50","FUN_001fbc50","001fbfac","001ffa10","FUN_001ffa10",direct
"001fbc50","FUN_001fbc50","001fbfd4","00200600","FUN_00200600",direct
"001fbc50","FUN_001fbc50","001fbfdc","001fbc50","FUN_001fbc50",tail
"001fbc50","FUN_001fbc50","001fc004","001fbc50","FUN_001fbc50",tail
"001fbc50","FUN_001fbc50","001fc020","001fbc50","FUN_001fbc50",computed
"001fbc50","FUN_001fbc50","001fc020","001fbc50","FUN_001fbc50",computed
"001fbc50","FUN_001fbc50","001fc020","001fbc50","FUN_001fbc50",computed
"001fbc50","FUN_001fbc50","001fc020","001fbc50","FUN_001fbc50",computed
"001fbc50","FUN_001fbc50","001fc020","001fbc50","FUN_001fbc50",computed
"001fbc50","FUN_001fbc50","001fc020","001fbc50","FUN_001fbc50",computed
"001fbc50","FUN_001fbc50","001fc020","001fbc50","FUN_001fbc50",computed
"001fbc50","FUN_001fbc50","001fc020","001fbc50","FUN_001fbc50",computed
"001fbc50","FUN_001fbc50","001fc020","001fbc50","FUN_001fbc50",computed
"001fbc50","FUN_001fbc50","001fc020","001fbc50","FUN_001fbc50",computed
"001fbc50","FUN_001fbc50","001fc020","001fbc50","FUN_001fbc50",computed
"001fbc50","FUN_001fbc50","001fc020","001fbc50","FUN_001fbc50",computed
"001fbc50","FUN_001fbc50","001fc020","001fbc50","FUN_001fbc50",computed
"001fbc50","FUN_001fbc50","001fc020","001fbc50","FUN_001fbc50",computed
"001fbc50","FUN_001fbc50","001fc020","001fbc50","FUN_001fbc50",computed
"001fbc50","FUN_001fbc50","001fc020","001fbc50","FUN_001fbc50",computed
"001fbc50","FUN_001fbc50","001fc020","001fbc50","FUN_001fbc50",computed
"001fbc50","FUN_001fbc50","001fc02c","001fbc50","FUN_001fbc50",tail
"001fbc50","FUN_001fbc50","001fc040","001fbc50","FUN_001fbc50",tail
"001fbc50","FUN_001fbc50","001fc04c","001fbc50","FUN_001fbc50",tail
"001fbc50","FUN_001fbc50","001fc054","001fbc50","FUN_001fbc50",tail
"001fbc50","FUN_001fbc50","001fc05c","001fbc50","FUN_001fbc50",tail
"001fbc50","FUN_001fbc50","001fc064","001fbc50","FUN_001fbc50",tail
"001fbc50","FUN_001fbc50","001fc070","001fbc50","FUN_001fbc50",tail
"001fbc50","FUN_001fbc50","001fc07c","001fbc50","FUN_001fbc50",tail
"001fbc50","FUN_001fbc50","001fc088","001fdd10","FUN_001fdd10",direct
"001fbc50","FUN_001fbc50","001fc09c","001fbc50","FUN_001fbc50",tail
"001fbc50","FUN_001fbc50","001fc0b0","001fbc50","FUN_001fbc50",tail
"001fbc50","FUN_001fbc50","001fc0c0","001fbc50","FUN_001fbc50",tail
"001fbc50","FUN_001fbc50","001fc0d0","001fdd10","FUN_001fdd10",direct
"001fbc50","FUN_001fbc50","001fc0e0","001fbc50","FUN_001fbc50",tail
"001fbc50","FUN_001fbc50","001fc0e8","001fbc50","FUN_001fbc50",tail
"001fbc50","FUN_001fbc50","001fc0f4","001fbc50","FUN_001fbc50",tail
"001fbc50","FUN_001fbc50","001fc100","001fbc50","FUN_001fbc50",tail
"001fbc50","FUN_001fbc50","001fc114","001fdd10","FUN_001fdd10",direct
"001fbc50","FUN_001fbc50","001fc124","001fbc50","FUN_001fbc50",tail
"001fbc50","FUN_001fbc50","001fc12c","001fbc50","FUN_001fbc50",tail
"001fbc50","FUN_001fbc50","001fc13c","001fbc50","FUN_001fbc50",tail
"001fbc50","FUN_001fbc50","001fc148","001fbc50","FUN_001fbc50",tail
"001fbc50","FUN_001fbc50","001fc158","001fdd10","FUN_001fdd10",direct
"001fbc50","FUN_001fbc50","001fc160","001fbc50","FUN_001fbc50",tail
"001fbc50","FUN_001fbc50","001fc170","001fdd10","FUN_001fdd10",direct
"001fbc50","FUN_001fbc50","001fc178","001fbc50","FUN_001fbc50",tail
"001fbc50","FUN_001fbc50","001fc18c","001fdd10","FUN_001fdd10",direct
"001fbc50","FUN_001fbc50","001fc19c","001fdd10","FUN_001fdd10",direct
"001fbc50","FUN_001fbc50","001fc1b8","00116248","FUN_00116248",direct
"001fbc50","FUN_001fbc50","001fc1d0","001153fc","FUN_001153fc",direct
"001fbc50","FUN_001fbc50","001fc260","001f7580","FUN_001f7580",direct
"001fbc50","FUN_001fbc50","001fc290","001f96f8","FUN_001f96f8",direct
"001fbc50","FUN_001fbc50","001fc2d4","001f5f18","FUN_001f5f18",direct
"001fbc50","FUN_001fbc50","001fc2f0","001fa6e0","FUN_001fa6e0",direct
"001fbc50","FUN_001fbc50","001fc304","001f7580","FUN_001f7580",direct
"001fbc50","FUN_001fbc50","001fc30c","001f96f8","FUN_001f96f8",direct
"001fbc50","FUN_001fbc50","001fc33c","001fa6e0","FUN_001fa6e0",direct
"001fbc50","FUN_001fbc50","001fc344","001fbc50","FUN_001fbc50",tail
"001fbc50","FUN_001fbc50","001fc358","001fdd10","FUN_001fdd10",direct
"001fbc50","FUN_001fbc50","001fc370","001f6af0","FUN_001f6af0",direct
"001fbc50","FUN_001fbc50","001fc378","001fbc50","FUN_001fbc50",tail
"001fbc50","FUN_001fbc50","001fc388","001fdd10","FUN_001fdd10",direct
"001fbc50","FUN_001fbc50","001fc3a0","001f6af0","FUN_001f6af0",direct
"001fbc50","FUN_001fbc50","001fc3a8","001fbc50","FUN_001fbc50",tail
"001fbc50","FUN_001fbc50","001fc3b8","001fdd10","FUN_001fdd10",direct
"001fbc50","FUN_001fbc50","001fc3cc","001fbc50","FUN_001fbc50",tail
"001fbc50","FUN_001fbc50","001fc410","001f96f8","FUN_001f96f8",direct
"001fbc50","FUN_001fbc50","001fc45c","001f5f18","FUN_001f5f18",direct
"001fbc50","FUN_001fbc50","001fc46c","001fa6e0","FUN_001fa6e0",direct
"001fbc50","FUN_001fbc50","001fc488","001fa6e0","FUN_001fa6e0",direct
"001fbc50","FUN_001fbc50","001fc49c","001fbc50","FUN_001fbc50",tail
"001fbc50","FUN_001fbc50","001fc4a4","001fbc50","FUN_001fbc50",tail
"001fbc50","FUN_001fbc50","001fc4ac","001fbc50","FUN_001fbc50",tail
"001fbc50","FUN_001fbc50","001fc4b4","001fbc50","FUN_001fbc50",tail
"001fbc50","FUN_001fbc50","001fc4bc","001fbc50","FUN_001fbc50",tail
"001fbc50","FUN_001fbc50","001fc4c4","001fdd10","FUN_001fdd10",direct
"001fbc50","FUN_001fbc50","001fc4dc","001f6af0","FUN_001f6af0",direct
"001fbc50","FUN_001fbc50","001fc4e4","001fdd10","FUN_001fdd10",direct
"001fbc50","FUN_001fbc50","001fc4fc","001f6af0","FUN_001f6af0",direct
"001fbc50","FUN_001fbc50","001fc504","001fbc50","FUN_001fbc50",tail
"001fbc50","FUN_001fbc50","001fc510","001fdd10","FUN_001fdd10",direct
"001fbc50","FUN_001fbc50","001fc528","001f6af0","FUN_001f6af0",direct
"001fbc50","FUN_001fbc50","001fc530","001fdd10","FUN_001fdd10",direct
"001fbc50","FUN_001fbc50","001fc548","001f6af0","FUN_001f6af0",direct
"001fbc50","FUN_001fbc50","001fc550","001fbc50","FUN_001fbc50",tail
"001fbc50","FUN_001fbc50","001fc558","001fdd10","FUN_001fdd10",direct
"001fbc50","FUN_001fbc50","001fc570","001f6af0","FUN_001f6af0",direct
"001fbc50","FUN_001fbc50","001fc578","001fbc50","FUN_001fbc50",tail
"001fbc50","FUN_001fbc50","001fc584","001fbc50","FUN_001fbc50",tail
"001fbc50","FUN_001fbc50","001fc58c","001fdd10","FUN_001fdd10",direct
"001fbc50","FUN_001fbc50","001fc598","001f44b8","FUN_001f44b8",direct
"001fbc50","FUN_001fbc50","001fc5b8","001f7090","FUN_001f7090",direct
"001fbc50","FUN_001fbc50","001fc5c0","001fbc50","FUN_001fbc50",tail
"001fbc50","FUN_001fbc50","001fc5c8","001fa6c0","FUN_001fa6c0",direct
"001fbc50","FUN_001fbc50","001fc5e8","001fbc50","FUN_001fbc50",tail
"001fbc50","FUN_001fbc50","001fc618","001f9de0","FUN_001f9de0",direct
"001fbc50","FUN_001fbc50","001fc634","001fa6e0","FUN_001fa6e0",direct
"001fbc50","FUN_001fbc50","001fc668","001fbc50","FUN_001fbc50",tail
"001fbc50","FUN_001fbc50","001fc670","001fbc50","FUN_001fbc50",tail
"001fbc50","FUN_001fbc50","001fc690","001fbc50","FUN_001fbc50",tail
"001fbc50","FUN_001fbc50","001fc6ac","001fbc50","FUN_001fbc50",tail
"001fbc50","FUN_001fbc50","001fc6dc","001fbc50","FUN_001fbc50",tail
"001fbc50","FUN_001fbc50","001fc6e4","001fbc50","FUN_001fbc50",tail
"001fbc50","FUN_001fbc50","001fc6fc","001fbc50","FUN_001fbc50",tail
"001fbc50","FUN_001fbc50","001fc70c","001fa6e0","FUN_001fa6e0",direct
"001fbc50","FUN_001fbc50","001fc720","001fa6e0","FUN_001fa6e0",direct
"001fbc50","FUN_001fbc50","001fc734","001fa6e0","FUN_001fa6e0",direct
"001fbc50","FUN_001fbc50","001fc750","001fbc50","FUN_001fbc50",tail
"001fbc50","FUN_001fbc50","001fc764","001fa6d0","FUN_001fa6d0",direct
"001fbc50","FUN_001fbc50","001fc77c","001fa6d0","FUN_001fa6d0",direct
"001fbc50","FUN_001fbc50","001fc794","001fa6d0","FUN_001fa6d0",direct
"001fbc50","FUN_001fbc50","001fc7ac","001fa6d0","FUN_001fa6d0",direct
"001fbc50","FUN_001fbc50","001fc7c8","001f6060","FUN_001f6060",direct
"001fbc50","FUN_001fbc50","001fc7d0","001fdd10","FUN_001fdd10",direct
"001fbc50","FUN_001fbc50","001fc7e8","001f6af0","FUN_001f6af0",direct
"001fbc50","FUN_001fbc50","001fc7f8","001fdd10","FUN_001fdd10",direct
"001fbc50","FUN_001fbc50","001fc810","001f6af0","FUN_001f6af0",direct
"001fbc50","FUN_001fbc50","001fc820","001fdd10","FUN_001fdd10",direct
"001fbc50","FUN_001fbc50","001fc834","001fbc50","FUN_001fbc50",tail
"001fbc50","FUN_001fbc50","001fc844","001fa6d0","FUN_001fa6d0",direct
"001fbc50","FUN_001fbc50","001fc85c","001fa6d0","FUN_001fa6d0",direct
"001fbc50","FUN_001fbc50","001fc874","001fa6d0","FUN_001fa6d0",direct
"001fbc50","FUN_001fbc50","001fc88c","001fa6d0","FUN_001fa6d0",direct
"001fbc50","FUN_001fbc50","001fc8a8","001f6060","FUN_001f6060",direct
"001fbc50","FUN_001fbc50","001fc8bc","001fdd10","FUN_001fdd10",direct
"001fbc50","FUN_001fbc50","001fc8d0","00116248","FUN_00116248",direct
"001fbc50","FUN_001fbc50","001fc8e0","001fbc50","FUN_001fbc50",tail
"001fbc50","FUN_001fbc50","001fc8f4","00116248","FUN_00116248",direct
"001fbc50","FUN_001fbc50","001fc8fc","001fbc50","FUN_001fbc50",tail
"001fbc50","FUN_001fbc50","001fc904","001fbc50","FUN_001fbc50",tail
"001fbc50","FUN_001fbc50","001fc918","00116248","FUN_00116248",direct
"001fbc50","FUN_001fbc50","001fc920","001fbc50","FUN_001fbc50",tail
"001fbc50","FUN_001fbc50","001fc928","001fbc50","FUN_001fbc50",tail
"001fbc50","FUN_001fbc50","001fc93c","00116248","FUN_00116248",direct
"001fbc50","FUN_001fbc50","001fc944","001fbc50","FUN_001fbc50",tail
"001fbc50","FUN_001fbc50","001fc950","00116248","FUN_00116248",direct
"001fbc50","FUN_001fbc50","001fc96c","001fbc50","FUN_001fbc50",tail
"001fbc50","FUN_001fbc50","001fc984","001f6af0","FUN_001f6af0",direct
"001fbc50","FUN_001fbc50","001fc98c","001fbc50","FUN_001fbc50",tail
"001fbc50","FUN_001fbc50","001fc9a4","001f6af0","FUN_001f6af0",direct
"001fbc50","FUN_001fbc50","001fc9dc","001fbc50","FUN_001fbc50",tail
"001fbc50","FUN_001fbc50","001fc9fc","001fbc50","FUN_001fbc50",tail
"001fbc50","FUN_001fbc50","001fca4c","001fdd10","FUN_001fdd10",direct
"001fbc50","FUN_001fbc50","001fca5c","00116248","FUN_00116248",direct
"001fbc50","FUN_001fbc50","001fca78","001f6af0","FUN_001f6af0",direct
"001fbc50","FUN_001fbc50","001fca94","00116248","FUN_00116248",direct
"001fbc50","FUN_001fbc50","001fcab0","001f6af0","FUN_001f6af0",direct
"001fbc50","FUN_001fbc50","001fcab8","001fbc50","FUN_001fbc50",tail
"001fbc50","FUN_001fbc50","001fcac0","001fdd10","FUN_001fdd10",direct
"001fbc50","FUN_001fbc50","001fcad0","00116248","FUN_00116248",direct
"001fbc50","FUN_001fbc50","001fcaec","001f6af0","FUN_001f6af0",direct
"001fbc50","FUN_001fbc50","001fcb18","001fbc50","FUN_001fbc50",tail
"001fbc50","FUN_001fbc50","001fcb28","001fbc50","FUN_001fbc50",tail
"001fbc50","FUN_001fbc50","001fcb30","001fdd10","FUN_001fdd10",direct
"001fbc50","FUN_001fbc50","001fcb44","00116248","FUN_00116248",direct
"001fbc50","FUN_001fbc50","001fcb60","001f6af0","FUN_001f6af0",direct
"001fbc50","FUN_001fbc50","001fcb74","00116248","FUN_00116248",direct
"001fbc50","FUN_001fbc50","001fcb90","001f6af0","FUN_001f6af0",direct
"001fbc50","FUN_001fbc50","001fcb98","001fbc50","FUN_001fbc50",tail
"001fbc50","FUN_001fbc50","001fcba4","001fdd10","FUN_001fdd10",direct
"001fbc50","FUN_001fbc50","001fcbb4","00116248","FUN_00116248",direct
"001fbc50","FUN_001fbc50","001fcbd0","001f6af0","FUN_001f6af0",direct
"001fbc50","FUN_001fbc50","001fcbe4","001fdd10","FUN_001fdd10",direct
"001fbc50","FUN_001fbc50","001fcbfc","001f6af0","FUN_001f6af0",direct
"001fbc50","FUN_001fbc50","001fcc0c","001fdd10","FUN_001fdd10",direct
"001fbc50","FUN_001fbc50","001fcc20","001fbc50","FUN_001fbc50",tail
"001fbc50","FUN_001fbc50","001fcc28","001fa6c0","FUN_001fa6c0",direct
"001fbc50","FUN_001fbc50","001fcc48","001fbc50","FUN_001fbc50",tail
"001fbc50","FUN_001fbc50","001fcc78","001f9de0","FUN_001f9de0",direct
"001fbc50","FUN_001fbc50","001fcc94","001fa6e0","FUN_001fa6e0",direct
"001fbc50","FUN_001fbc50","001fccac","001f6060","FUN_001f6060",direct
"001fbc50","FUN_001fbc50","001fccd0","001f6af0","FUN_001f6af0",direct
"001fbc50","FUN_001fbc50","001fccd8","001fbc50","FUN_001fbc50",tail
"001fbc50","FUN_001fbc50","001fcce4","001fa6c0","FUN_001fa6c0",direct
"001fbc50","FUN_001fbc50","001fcd04","001fbc50","FUN_001fbc50",tail
"001fbc50","FUN_001fbc50","001fcd34","001f9de0","FUN_001f9de0",direct
"001fbc50","FUN_001fbc50","001fcd50","001fa6e0","FUN_001fa6e0",direct
"001fbc50","FUN_001fbc50","001fcd6c","001f6060","FUN_001f6060",direct
"001fbc50","FUN_001fbc50","001fcd78","001fbc50","FUN_001fbc50",tail
"001fbc50","FUN_001fbc50","001fcd90","001f6af0","FUN_001f6af0",direct
"001fbc50","FUN_001fbc50","001fcd9c","001fbc50","FUN_001fbc50",tail
"001fbc50","FUN_001fbc50","001fcdb4","001f6af0","FUN_001f6af0",direct
"001fbc50","FUN_001fbc50","001fcdc0","001fbc50","FUN_001fbc50",tail
"001fbc50","FUN_001fbc50","001fcdd8","001f6af0","FUN_001f6af0",direct
"001fbc50","FUN_001fbc50","001fcde0","001f4398","FUN_001f4398",direct
"001fce28","FUN_001fce28","001fce38","0022ca50","FUN_0022ca50",direct
"001fce28","FUN_001fce28","001fce50","001fce28","FUN_001fce28",tail
"001fce28","FUN_001fce28","001fce64","001fce28","FUN_001fce28",tail
"001fce28","FUN_001fce28","001fce7c","001fce28","FUN_001fce28",computed
"001fce28","FUN_001fce28","001fce7c","001fce28","FUN_001fce28",computed
"001fce28","FUN_001fce28","001fce7c","001fce28","FUN_001fce28",computed
"001fce28","FUN_001fce28","001fce7c","001fce28","FUN_001fce28",computed
"001fce28","FUN_001fce28","001fce7c","001fce28","FUN_001fce28",computed
"001fce28","FUN_001fce28","001fce7c","001fce28","FUN_001fce28",computed
"001fce28","FUN_001fce28","001fce7c","001fce28","FUN_001fce28",computed
"001fce28","FUN_001fce28","001fce94","001f96f8","FUN_001f96f8",direct
"001fce28","FUN_001fce28","001fcea4","001fce28","FUN_001fce28",tail
"001fce28","FUN_001fce28","001fceb0","001fce28","FUN_001fce28",tail
"001fce28","FUN_001fce28","001fcec0","001f96f8","FUN_001f96f8",direct
"001fce28","FUN_001fce28","001fced0","001fce28","FUN_001fce28",tail
"001fce28","FUN_001fce28","001fcee0","001fce28","FUN_001fce28",tail
"001fce28","FUN_001fce28","001fceec","001fce28","FUN_001fce28",tail
"001fce28","FUN_001fce28","001fcef8","0020b178","FUN_0020b178",direct
"001fce28","FUN_001fce28","001fcf00","001fce28","FUN_001fce28",tail
"001fce28","FUN_001fce28","001fcf14","001fce28","FUN_001fce28",tail
"001fce28","FUN_001fce28","001fcf34","001e93e8","FUN_001e93e8",direct
"001fce28","FUN_001fce28","001fcf48","001e9440","FUN_001e9440",direct
"001fce28","FUN_001fce28","001fcf50","001fce28","FUN_001fce28",tail
"001fce28","FUN_001fce28","001fcf58","001fce28","FUN_001fce28",tail
"001fce28","FUN_001fce28","001fcf6c","001fce28","FUN_001fce28",tail
"001fce28","FUN_001fce28","001fcf74","001fce28","FUN_001fce28",tail
"001fce28","FUN_001fce28","001fcf7c","001fce28","FUN_001fce28",tail
"001fce28","FUN_001fce28","001fcf84","001fce28","FUN_001fce28",tail
"001fce28","FUN_001fce28","001fcf8c","001fce28","FUN_001fce28",tail
"001fce28","FUN_001fce28","001fcf94","001fce28","FUN_001fce28",tail
"001fce28","FUN_001fce28","001fcf9c","001fce28","FUN_001fce28",tail
"001fce28","FUN_001fce28","001fcfa8","001fce28","FUN_001fce28",tail
"001fce28","FUN_001fce28","001fcfb0","001fce28","FUN_001fce28",tail
"001fce28","FUN_001fce28","001fcfb8","001fce28","FUN_001fce28",tail
"001fce28","FUN_001fce28","001fcfcc","001fce28","FUN_001fce28",tail
"001fce28","FUN_001fce28","001fcfd8","001fce28","FUN_001fce28",tail
"001fce28","FUN_001fce28","001fcfe0","001f4a58","FUN_001f4a58",direct
"001fce28","FUN_001fce28","001fcff8","001f96f8","FUN_001f96f8",direct
"001fce28","FUN_001fce28","001fd000","001fce28","FUN_001fce28",tail
"001fce28","FUN_001fce28","001fd00c","001fce28","FUN_001fce28",tail
"001fce28","FUN_001fce28","001fd014","001fce28","FUN_001fce28",tail
"001fce28","FUN_001fce28","001fd028","001fce28","FUN_001fce28",tail
"001fce28","FUN_001fce28","001fd03c","001fce28","FUN_001fce28",tail
"001fce28","FUN_001fce28","001fd044","001f4a58","FUN_001f4a58",direct
"001fce28","FUN_001fce28","001fd058","001fce28","FUN_001fce28",tail
"001fce28","FUN_001fce28","001fd060","001fce28","FUN_001fce28",tail
"001fce28","FUN_001fce28","001fd074","001fce28","FUN_001fce28",tail
"001fce28","FUN_001fce28","001fd088","001fce28","FUN_001fce28",tail
"001fce28","FUN_001fce28","001fd094","001fce28","FUN_001fce28",tail
"001fce28","FUN_001fce28","001fd0ac","001fce28","FUN_001fce28",tail
"001fce28","FUN_001fce28","001fd0cc","001fce28","FUN_001fce28",tail
"001fce28","FUN_001fce28","001fd0d8","001fce28","FUN_001fce28",tail
"001fce28","FUN_001fce28","001fd0e0","001fce28","FUN_001fce28",tail
"001fce28","FUN_001fce28","001fd0f8","001fce28","FUN_001fce28",tail
"001fce28","FUN_001fce28","001fd100","001fce28","FUN_001fce28",tail
"001fce28","FUN_001fce28","001fd114","001fce28","FUN_001fce28",tail
"001fce28","FUN_001fce28","001fd11c","001fce28","FUN_001fce28",tail
"001fce28","FUN_001fce28","001fd124","001fce28","FUN_001fce28",tail
"001fce28","FUN_001fce28","001fd12c","001fce28","FUN_001fce28",tail
"001fce28","FUN_001fce28","001fd134","001fce28","FUN_001fce28",tail
"001fce28","FUN_001fce28","001fd13c","001fce28","FUN_001fce28",tail
"001fce28","FUN_001fce28","001fd14c","001fce28","FUN_001fce28",tail
"001fce28","FUN_001fce28","001fd154","001fce28","FUN_001fce28",tail
"001fce28","FUN_001fce28","001fd164","001fce28","FUN_001fce28",tail
"001fce28","FUN_001fce28","001fd16c","001fce28","FUN_001fce28",tail
"001fce28","FUN_001fce28","001fd174","001fce28","FUN_001fce28",tail
"001fce28","FUN_001fce28","001fd188","001fce28","FUN_001fce28",tail
"001fce28","FUN_001fce28","001fd194","001fce28","FUN_001fce28",tail
"001fce28","FUN_001fce28","001fd19c","001fce28","FUN_001fce28",tail
"001fce28","FUN_001fce28","001fd1a4","001fce28","FUN_001fce28",tail
"001fce28","FUN_001fce28","001fd1ac","001fce28","FUN_001fce28",tail
"001fce28","FUN_001fce28","001fd1b4","001fce28","FUN_001fce28",tail
"001fce28","FUN_001fce28","001fd1c0","001fce28","FUN_001fce28",tail
"001fce28","FUN_001fce28","001fd1c8","001fce28","FUN_001fce28",tail
"001fce28","FUN_001fce28","001fd1d8","001fce28","FUN_001fce28",tail
"001fce28","FUN_001fce28","001fd1ec","001fce28","FUN_001fce28",tail
"001fce28","FUN_001fce28","001fd1f4","001ff570","FUN_001ff570",direct
"001fce28","FUN_001fce28","001fd200","001ff768","FUN_001ff768",direct
"001fce28","FUN_001fce28","001fd208","001f96f8","FUN_001f96f8",direct
"001fce28","FUN_001fce28","001fd218","001fce28","FUN_001fce28",tail
"001fce28","FUN_001fce28","001fd224","001fce28","FUN_001fce28",tail
"001fce28","FUN_001fce28","001fd238","001fce28","FUN_001fce28",tail
"001fce28","FUN_001fce28","001fd240","001fce28","FUN_001fce28",tail
"001fce28","FUN_001fce28","001fd274","001e9440","FUN_001e9440",direct
"001fce28","FUN_001fce28","001fd27c","001fce28","FUN_001fce28",tail
"001fce28","FUN_001fce28","001fd298","001fce28","FUN_001fce28",tail
"001fce28","FUN_001fce28","001fd2b0","001fce28","FUN_001fce28",tail
"001fce28","FUN_001fce28","001fd2c8","001f96f8","FUN_001f96f8",direct
"001fce28","FUN_001fce28","001fd2d8","001fce28","FUN_001fce28",tail
"001fce28","FUN_001fce28","001fd2e4","001fce28","FUN_001fce28",tail
"001fce28","FUN_001fce28","001fd300","001fce28","FUN_001fce28",tail
"001fce28","FUN_001fce28","001fd318","001fce28","FUN_001fce28",computed
"001fce28","FUN_001fce28","001fd318","001fce28","FUN_001fce28",computed
"001fce28","FUN_001fce28","001fd318","001fce28","FUN_001fce28",computed
"001fce28","FUN_001fce28","001fd318","001fce28","FUN_001fce28",computed
"001fce28","FUN_001fce28","001fd318","001fce28","FUN_001fce28",computed
"001fce28","FUN_001fce28","001fd318","001fce28","FUN_001fce28",computed
"001fce28","FUN_001fce28","001fd318","001fce28","FUN_001fce28",computed
"001fce28","FUN_001fce28","001fd318","001fce28","FUN_001fce28",computed
"001fce28","FUN_001fce28","001fd318","001fce28","FUN_001fce28",computed
"001fce28","FUN_001fce28","001fd318","001fce28","FUN_001fce28",computed
"001fce28","FUN_001fce28","001fd318","001fce28","FUN_001fce28",computed
"001fce28","FUN_001fce28","001fd318","001fce28","FUN_001fce28",computed
"001fce28","FUN_001fce28","001fd328","001fce28","FUN_001fce28",tail
"001fce28","FUN_001fce28","001fd33c","001fce28","FUN_001fce28",tail
"001fce28","FUN_001fce28","001fd358","001fce28","FUN_001fce28",tail
"001fce28","FUN_001fce28","001fd36c","001fce28","FUN_001fce28",tail
"001fce28","FUN_001fce28","001fd380","001fce28","FUN_001fce28",tail
"001fce28","FUN_001fce28","001fd388","001fce28","FUN_001fce28",tail
"001fce28","FUN_001fce28","001fd3ac","001fce28","FUN_001fce28",tail
"001fce28","FUN_001fce28","001fd3b4","001fce28","FUN_001fce28",tail
"001fce28","FUN_001fce28","001fd3c8","001fce28","FUN_001fce28",tail
"001fce28","FUN_001fce28","001fd3dc","001fce28","FUN_001fce28",tail
"001fce28","FUN_001fce28","001fd3e4","001fce28","FUN_001fce28",tail
"001fce28","FUN_001fce28","001fd408","001fce28","FUN_001fce28",tail
"001fce28","FUN_001fce28","001fd410","001fce28","FUN_001fce28",tail
"001fce28","FUN_001fce28","001fd424","001fce28","FUN_001fce28",tail
"001fce28","FUN_001fce28","001fd438","001fce28","FUN_001fce28",tail
"001fce28","FUN_001fce28","001fd454","001fce28","FUN_001fce28",tail
"001fce28","FUN_001fce28","001fd468","001fce28","FUN_001fce28",tail
"001fce28","FUN_001fce28","001fd47c","001fce28","FUN_001fce28",tail
"001fce28","FUN_001fce28","001fd484","001fce28","FUN_001fce28",tail
"001fce28","FUN_001fce28","001fd494","001fce28","FUN_001fce28",tail
"001fce28","FUN_001fce28","001fd4a0","001fce28","FUN_001fce28",tail
"001fce28","FUN_001fce28","001fd4b0","001fce28","FUN_001fce28",tail
"001fce28","FUN_001fce28","001fd4b8","001fce28","FUN_001fce28",tail
"001fce28","FUN_001fce28","001fd4dc","001fce28","FUN_001fce28",tail
"001fce28","FUN_001fce28","001fd4f0","001fce28","FUN_001fce28",tail
"001fce28","FUN_001fce28","001fd4f8","001fce28","FUN_001fce28",tail
"001fce28","FUN_001fce28","001fd50c","001fce28","FUN_001fce28",tail
"001fce28","FUN_001fce28","001fd514","00209370","FUN_00209370",direct
"001fce28","FUN_001fce28","001fd53c","0022e188","FUN_0022e188",direct
"001fce28","FUN_001fce28","001fd54c","001fce28","FUN_001fce28",tail
"001fce28","FUN_001fce28","001fd554","001fce28","FUN_001fce28",tail
"001fce28","FUN_001fce28","001fd570","001fce28","FUN_001fce28",tail
"001fce28","FUN_001fce28","001fd580","001fce28","FUN_001fce28",tail
"001fce28","FUN_001fce28","001fd58c","001fce28","FUN_001fce28",tail
"001fce28","FUN_001fce28","001fd5a0","001fce28","FUN_001fce28",tail
"001fce28","FUN_001fce28","001fd5a8","00209370","FUN_00209370",direct
"001fce28","FUN_001fce28","001fd5cc","0022e188","FUN_0022e188",direct
"001fce28","FUN_001fce28","001fd5e0","001fce28","FUN_001fce28",tail
"001fce28","FUN_001fce28","001fd5ec","001fce28","FUN_001fce28",tail
"001fce28","FUN_001fce28","001fd5fc","001fce28","FUN_001fce28",tail
"001fce28","FUN_001fce28","001fd624","001fce28","FUN_001fce28",tail
"001fce28","FUN_001fce28","001fd638","001fce28","FUN_001fce28",tail
"001fce28","FUN_001fce28","001fd664","001fce28","FUN_001fce28",tail
"001fce28","FUN_001fce28","001fd674","001fce28","FUN_001fce28",tail
"001fce28","FUN_001fce28","001fd680","001fce28","FUN_001fce28",tail
"001fce28","FUN_001fce28","001fd6a8","001fce28","FUN_001fce28",tail
"001fce28","FUN_001fce28","001fd6b0","0012e418","FUN_0012e418",direct
"001fce28","FUN_001fce28","001fd6b8","00216088","FUN_00216088",direct
"001fce28","FUN_001fce28","001fd6c0","0012dc80","FUN_0012dc80",direct
"001fd6e0","FUN_001fd6e0","001fd6ec","001fd6e0","FUN_001fd6e0",tail
"001fd748","FUN_001fd748","001fd78c","001f4280","FUN_001f4280",direct
"001fd748","FUN_001fd748","001fd7a8","00233980","FUN_00233980",direct
"001fd748","FUN_001fd748","001fd7b4","00233980","FUN_00233980",direct
"001fd748","FUN_001fd748","001fd7d4","00200e08","FUN_00200e08",direct
"001fd748","FUN_001fd748","001fd7e0","001ff960","FUN_001ff960",direct
"001fd748","FUN_001fd748","001fd814","00200258","FUN_00200258",direct
"001fd748","FUN_001fd748","001fd820","00233980","FUN_00233980",direct
"001fd748","FUN_001fd748","001fd82c","001ff960","FUN_001ff960",direct
"001fd748","FUN_001fd748","001fd858","00200258","FUN_00200258",direct
"001fd748","FUN_001fd748","001fd864","00233980","FUN_00233980",direct
"001fd748","FUN_001fd748","001fd888","001fd748","FUN_001fd748",tail
"001fd748","FUN_001fd748","001fd8a0","001fd748","FUN_001fd748",tail
"001fd748","FUN_001fd748","001fd8c0","001fd748","FUN_001fd748",tail
"001fd748","FUN_001fd748","001fd8dc","001fd748","FUN_001fd748",tail
"001fd748","FUN_001fd748","001fd8f0","001fd748","FUN_001fd748",tail
"001fd748","FUN_001fd748","001fd908","001fd748","FUN_001fd748",tail
"001fd748","FUN_001fd748","001fd910","001fd748","FUN_001fd748",tail
"001fd748","FUN_001fd748","001fd918","001f96f8","FUN_001f96f8",direct
"001fd748","FUN_001fd748","001fd924","001f96f8","FUN_001f96f8",direct
"001fd748","FUN_001fd748","001fd938","001fd748","FUN_001fd748",tail
"001fd748","FUN_001fd748","001fd948","001f96f8","FUN_001f96f8",direct
"001fd748","FUN_001fd748","001fd954","001fd748","FUN_001fd748",tail
"001fd748","FUN_001fd748","001fd960","001ff960","FUN_001ff960",direct
"001fd748","FUN_001fd748","001fd980","001ffc30","FUN_001ffc30",direct
"001fd748","FUN_001fd748","001fd998","001fd748","FUN_001fd748",tail
"001fd748","FUN_001fd748","001fd9f8","001f9b20","FUN_001f9b20",direct
"001fd748","FUN_001fd748","001fda3c","001fd748","FUN_001fd748",tail
"001fd748","FUN_001fd748","001fda64","001fdd10","FUN_001fdd10",direct
"001fd748","FUN_001fd748","001fda74","001f6250","FUN_001f6250",direct
"001fd748","FUN_001fd748","001fdab4","00200c80","FUN_00200c80",direct
"001fd748","FUN_001fd748","001fdad4","00200c80","FUN_00200c80",direct
"001fd748","FUN_001fd748","001fdb00","001f6530","FUN_001f6530",direct
"001fd748","FUN_001fd748","001fdb24","00200c80","FUN_00200c80",direct
"001fd748","FUN_001fd748","001fdb48","00200c80","FUN_00200c80",direct
"001fd748","FUN_001fd748","001fdb6c","001f6530","FUN_001f6530",direct
"001fd748","FUN_001fd748","001fdb78","001ff960","FUN_001ff960",direct
"001fd748","FUN_001fd748","001fdb98","001ffc30","FUN_001ffc30",direct
"001fd748","FUN_001fd748","001fdbc4","001fd748","FUN_001fd748",tail
"001fd748","FUN_001fd748","001fdbcc","001f4398","FUN_001f4398",direct
"001fdca0","FUN_001fdca0","001fdcb4","001fdca0","FUN_001fdca0",tail
"001fdca0","FUN_001fdca0","001fdcc8","001fdca0","FUN_001fdca0",tail
"001fdca0","FUN_001fdca0","001fdcd0","001fdca0","FUN_001fdca0",tail
"001fdca0","FUN_001fdca0","001fdce8","001fdca0","FUN_001fdca0",tail
"001fdca0","FUN_001fdca0","001fdcf8","001fdca0","FUN_001fdca0",tail
"001fdd10","FUN_001fdd10","001fdd18","001fdca0","FUN_001fdca0",direct
"001fdd10","FUN_001fdd10","001fdd24","001fdd10","FUN_001fdd10",tail
"001fdd10","FUN_001fdd10","001fdd30","001fdd10","FUN_001fdd10",tail
"001fdd58","FUN_001fdd58","001fdd84","001fdd58","FUN_001fdd58",tail
"001fdd58","FUN_001fdd58","001fdd94","001fdd58","FUN_001fdd58",tail
"001fdd58","FUN_001fdd58","001fdda4","0022db10","FUN_0022db10",direct
"001fdd58","FUN_001fdd58","001fddec","001f7668","FUN_001f7668",direct
"001fdd58","FUN_001fdd58","001fde08","001f75f0","FUN_001f75f0",direct
"001fdd58","FUN_001fdd58","001fde64","001fdd58","FUN_001fdd58",tail
"001fde90","FUN_001fde90","001fdeb4","001fde90","FUN_001fde90",tail
"001fde90","FUN_001fde90","001fdec0","001fde90","FUN_001fde90",tail
"001fde90","FUN_001fde90","001fded4","001fde90","FUN_001fde90",tail
"001fde90","FUN_001fde90","001fdee4","001fde90","FUN_001fde90",tail
"001fde90","FUN_001fde90","001fdef8","001f96f8","FUN_001f96f8",direct
"001fde90","FUN_001fde90","001fdf04","001fde90","FUN_001fde90",tail
"001fde90","FUN_001fde90","001fdf1c","001fde90","FUN_001fde90",tail
"001fde90","FUN_001fde90","001fdf28","001fde90","FUN_001fde90",tail
"001fde90","FUN_001fde90","001fdf40","001fde90","FUN_001fde90",tail
"001fde90","FUN_001fde90","001fdf58","001fde90","FUN_001fde90",tail
"001fde90","FUN_001fde90","001fdf70","001fde90","FUN_001fde90",computed
"001fde90","FUN_001fde90","001fdf70","001fde90","FUN_001fde90",computed
"001fde90","FUN_001fde90","001fdf70","001fde90","FUN_001fde90",computed
"001fde90","FUN_001fde90","001fdf70","001fde90","FUN_001fde90",computed
"001fde90","FUN_001fde90","001fdf70","001fde90","FUN_001fde90",computed
"001fde90","FUN_001fde90","001fdf70","001fde90","FUN_001fde90",computed
"001fde90","FUN_001fde90","001fdf70","001fde90","FUN_001fde90",computed
"001fde90","FUN_001fde90","001fdf70","001fde90","FUN_001fde90",computed
"001fde90","FUN_001fde90","001fdf70","001fde90","FUN_001fde90",computed
"001fde90","FUN_001fde90","001fdf80","001fde90","FUN_001fde90",tail
"001fde90","FUN_001fde90","001fdf8c","001fde90","FUN_001fde90",tail
"001fde90","FUN_001fde90","001fdf98","001fde90","FUN_001fde90",tail
"001fde90","FUN_001fde90","001fdfa0","001f9740","FUN_001f9740",direct
"001fde90","FUN_001fde90","001fdfa8","001fde90","FUN_001fde90",tail
"001fde90","FUN_001fde90","001fdfb0","001fdd58","FUN_001fdd58",direct
"001fde90","FUN_001fde90","001fdfc0","001fde90","FUN_001fde90",tail
"001fde90","FUN_001fde90","001fdfe4","001fde90","FUN_001fde90",tail
"001fde90","FUN_001fde90","001fe000","001f96f8","FUN_001f96f8",direct
"001fde90","FUN_001fde90","001fe00c","001fde90","FUN_001fde90",tail
"001fde90","FUN_001fde90","001fe034","001fde90","FUN_001fde90",tail
"001fde90","FUN_001fde90","001fe03c","001f96f8","FUN_001f96f8",direct
"001fde90","FUN_001fde90","001fe054","001fde90","FUN_001fde90",tail
"001fde90","FUN_001fde90","001fe0a8","001fde90","FUN_001fde90",tail
"001fde90","FUN_001fde90","001fe0b8","001fde90","FUN_001fde90",tail
"001fde90","FUN_001fde90","001fe0c0","001fdca0","FUN_001fdca0",direct
"001fde90","FUN_001fde90","001fe0d0","001fde90","FUN_001fde90",tail
"001fde90","FUN_001fde90","001fe0d8","001fdd58","FUN_001fdd58",direct
"001fde90","FUN_001fde90","001fe0e0","001fde90","FUN_001fde90",tail
"001fde90","FUN_001fde90","001fe0ec","002151d8","FUN_002151d8",direct
"001fde90","FUN_001fde90","001fe110","001fde90","FUN_001fde90",tail
"001fde90","FUN_001fde90","001fe120","001fde90","FUN_001fde90",tail
"001fde90","FUN_001fde90","001fe130","001fde90","FUN_001fde90",tail
"001fde90","FUN_001fde90","001fe14c","001fde90","FUN_001fde90",tail
"001fde90","FUN_001fde90","001fe174","001fde90","FUN_001fde90",tail
"001fde90","FUN_001fde90","001fe18c","001f96f8","FUN_001f96f8",direct
"001fde90","FUN_001fde90","001fe198","001fde90","FUN_001fde90",tail
"001fde90","FUN_001fde90","001fe1b8","001fde90","FUN_001fde90",tail
"001fde90","FUN_001fde90","001fe1c0","001f96f8","FUN_001f96f8",direct
"001fde90","FUN_001fde90","001fe1d8","001fde90","FUN_001fde90",tail
"001fde90","FUN_001fde90","001fe234","001fde90","FUN_001fde90",tail
"001fde90","FUN_001fde90","001fe248","001fde90","FUN_001fde90",tail
"001fde90","FUN_001fde90","001fe250","001fde90","FUN_001fde90",tail
"001fde90","FUN_001fde90","001fe25c","002151d8","FUN_002151d8",direct
"001fde90","FUN_001fde90","001fe270","001fde90","FUN_001fde90",tail
"001fde90","FUN_001fde90","001fe298","001fde90","FUN_001fde90",tail
"001fde90","FUN_001fde90","001fe2b0","001f96f8","FUN_001f96f8",direct
"001fde90","FUN_001fde90","001fe2bc","001fde90","FUN_001fde90",tail
"001fde90","FUN_001fde90","001fe2dc","001fde90","FUN_001fde90",tail
"001fde90","FUN_001fde90","001fe2e4","001f96f8","FUN_001f96f8",direct
"001fde90","FUN_001fde90","001fe2fc","001fde90","FUN_001fde90",tail
"001fde90","FUN_001fde90","001fe338","001fde90","FUN_001fde90",tail
"001fde90","FUN_001fde90","001fe344","001f96f8","FUN_001f96f8",direct
"001fde90","FUN_001fde90","001fe354","001fde90","FUN_001fde90",tail
"001fde90","FUN_001fde90","001fe36c","001fde90","FUN_001fde90",tail
"001fde90","FUN_001fde90","001fe38c","001fde90","FUN_001fde90",tail
"001fde90","FUN_001fde90","001fe39c","001fde90","FUN_001fde90",tail
"001fde90","FUN_001fde90","001fe3a4","001fde90","FUN_001fde90",tail
"001fde90","FUN_001fde90","001fe3b0","002151d8","FUN_002151d8",direct
"001fde90","FUN_001fde90","001fe3c4","001fde90","FUN_001fde90",tail
"001fde90","FUN_001fde90","001fe3ec","001fde90","FUN_001fde90",tail
"001fde90","FUN_001fde90","001fe404","001f96f8","FUN_001f96f8",direct
"001fde90","FUN_001fde90","001fe410","001fde90","FUN_001fde90",tail
"001fde90","FUN_001fde90","001fe430","001fde90","FUN_001fde90",tail
"001fde90","FUN_001fde90","001fe438","001f96f8","FUN_001f96f8",direct
"001fde90","FUN_001fde90","001fe450","001fde90","FUN_001fde90",tail
"001fde90","FUN_001fde90","001fe48c","001fde90","FUN_001fde90",tail
"001fde90","FUN_001fde90","001fe4a0","001fde90","FUN_001fde90",tail
"001fde90","FUN_001fde90","001fe4b0","001fde90","FUN_001fde90",tail
"001fde90","FUN_001fde90","001fe4bc","002151d8","FUN_002151d8",direct
"001fde90","FUN_001fde90","001fe4d0","001fde90","FUN_001fde90",tail
"001fde90","FUN_001fde90","001fe4f8","001fde90","FUN_001fde90",tail
"001fde90","FUN_001fde90","001fe510","001f96f8","FUN_001f96f8",direct
"001fde90","FUN_001fde90","001fe51c","001fde90","FUN_001fde90",tail
"001fde90","FUN_001fde90","001fe53c","001fde90","FUN_001fde90",tail
"001fde90","FUN_001fde90","001fe544","001f96f8","FUN_001f96f8",direct
"001fde90","FUN_001fde90","001fe55c","001fde90","FUN_001fde90",tail
"001fde90","FUN_001fde90","001fe5b8","001fde90","FUN_001fde90",tail
"001fde90","FUN_001fde90","001fe5cc","001fde90","FUN_001fde90",tail
"001fde90","FUN_001fde90","001fe5f0","001fde90","FUN_001fde90",tail
"001fde90","FUN_001fde90","001fe604","001fde90","FUN_001fde90",tail
"001fde90","FUN_001fde90","001fe614","001fde90","FUN_001fde90",tail
"001fde90","FUN_001fde90","001fe61c","00215b10","FUN_00215b10",direct
"001fde90","FUN_001fde90","001fe624","001fde90","FUN_001fde90",tail
"001fde90","FUN_001fde90","001fe630","002151d8","FUN_002151d8",direct
"001fde90","FUN_001fde90","001fe63c","001f96f8","FUN_001f96f8",direct
"001fde90","FUN_001fde90","001fe64c","001fde90","FUN_001fde90",tail
"001fde90","FUN_001fde90","001fe670","001fde90","FUN_001fde90",tail
"001fde90","FUN_001fde90","001fe684","001fde90","FUN_001fde90",tail
"001fde90","FUN_001fde90","001fe690","001fde90","FUN_001fde90",tail
"001fde90","FUN_001fde90","001fe69c","001fde90","FUN_001fde90",tail
"001fde90","FUN_001fde90","001fe6ac","001fde90","FUN_001fde90",tail
"001fde90","FUN_001fde90","001fe6d8","001fde90","FUN_001fde90",tail
"001fde90","FUN_001fde90","001fe6f0","001f96f8","FUN_001f96f8",direct
"001fde90","FUN_001fde90","001fe6fc","001fde90","FUN_001fde90",tail
"001fde90","FUN_001fde90","001fe71c","001fde90","FUN_001fde90",tail
"001fde90","FUN_001fde90","001fe724","001f96f8","FUN_001f96f8",direct
"001fde90","FUN_001fde90","001fe73c","001fde90","FUN_001fde90",tail
"001fde90","FUN_001fde90","001fe78c","001fde90","FUN_001fde90",tail
"001fde90","FUN_001fde90","001fe79c","001fde90","FUN_001fde90",tail
"001fde90","FUN_001fde90","001fe7ac","001fde90","FUN_001fde90",tail
"001fde90","FUN_001fde90","001fe7bc","001fde90","FUN_001fde90",tail
"001fde90","FUN_001fde90","001fe7d0","001fde90","FUN_001fde90",tail
"001fde90","FUN_001fde90","001fe7dc","002151d8","FUN_002151d8",direct
"001fde90","FUN_001fde90","001fe804","001fde90","FUN_001fde90",tail
"001fde90","FUN_001fde90","001fe818","001fde90","FUN_001fde90",tail
"001fde90","FUN_001fde90","001fe82c","001fde90","FUN_001fde90",tail
"001fde90","FUN_001fde90","001fe848","001fde90","FUN_001fde90",tail
"001fde90","FUN_001fde90","001fe854","001fde90","FUN_001fde90",tail
"001fde90","FUN_001fde90","001fe85c","001fde90","FUN_001fde90",tail
"001fe898","FUN_001fe898","001fe8dc","001f5f18","FUN_001f5f18",direct
"001fe898","FUN_001fe898","001fe8ec","001fe898","FUN_001fe898",tail
"001fe898","FUN_001fe898","001fe8f4","001fe898","FUN_001fe898",tail
"001fe898","FUN_001fe898","001fe914","001f44b8","FUN_001f44b8",direct
"001fe898","FUN_001fe898","001fe95c","001f5450","FUN_001f5450",direct
"001fe980","FUN_001fe980","001fe9a0","001fe980","FUN_001fe980",tail
"001fe980","FUN_001fe980","001fe9ac","001fe980","FUN_001fe980",tail
"001fe980","FUN_001fe980","001fe9b4","001fe980","FUN_001fe980",tail
"001fe980","FUN_001fe980","001fe9c4","001fe980","FUN_001fe980",tail
"001fe980","FUN_001fe980","001fe9d4","001fe980","FUN_001fe980",tail
"001fe980","FUN_001fe980","001fe9ec","001fe980","FUN_001fe980",computed
"001fe980","FUN_001fe980","001fe9ec","001fe980","FUN_001fe980",computed
"001fe980","FUN_001fe980","001fe9ec","001fe980","FUN_001fe980",computed
"001fe980","FUN_001fe980","001fe9ec","001fe980","FUN_001fe980",computed
"001fe980","FUN_001fe980","001fe9ec","001fe980","FUN_001fe980",computed
"001fe980","FUN_001fe980","001fe9f4","001fe980","FUN_001fe980",tail
"001fe980","FUN_001fe980","001fea28","001f5f18","FUN_001f5f18",direct
"001fe980","FUN_001fe980","001fea30","001fe980","FUN_001fe980",tail
"001fe980","FUN_001fe980","001fea3c","001fe980","FUN_001fe980",tail
"001fe980","FUN_001fe980","001fea44","001fe898","FUN_001fe898",direct
"001fe980","FUN_001fe980","001fea4c","001fe980","FUN_001fe980",tail
"001fe980","FUN_001fe980","001fea58","001fe980","FUN_001fe980",tail
"001fe980","FUN_001fe980","001feac8","001f5f18","FUN_001f5f18",direct
"001fe980","FUN_001fe980","001feae8","001f44b8","FUN_001f44b8",direct
"001fe980","FUN_001fe980","001feb2c","001f5450","FUN_001f5450",direct
"001fe980","FUN_001fe980","001feb34","001fe980","FUN_001fe980",tail
"001fe980","FUN_001fe980","001feb40","001fe980","FUN_001fe980",tail
"001fe980","FUN_001fe980","001feb78","001f5f18","FUN_001f5f18",direct
"001fe980","FUN_001fe980","001feb88","001fe980","FUN_001fe980",tail
"001fe980","FUN_001fe980","001feb9c","001fe980","FUN_001fe980",tail
"001fe980","FUN_001fe980","001feba4","001fe980","FUN_001fe980",tail
"001fe980","FUN_001fe980","001fec04","001f7668","FUN_001f7668",direct
"001fe980","FUN_001fe980","001fec18","001f75f0","FUN_001f75f0",direct
"001fe980","FUN_001fe980","001fec20","001fe980","FUN_001fe980",tail
"001fe980","FUN_001fe980","001fec2c","001fe980","FUN_001fe980",tail
"001fe980","FUN_001fe980","001feca4","001f5f18","FUN_001f5f18",direct
"001fecc8","FUN_001fecc8","001fecec","001fecc8","FUN_001fecc8",tail
"001fecc8","FUN_001fecc8","001fecf4","001fecc8","FUN_001fecc8",tail
"001fecc8","FUN_001fecc8","001fed1c","001fecc8","FUN_001fecc8",tail
"001fed30","FUN_001fed30","001fed44","001fecc8","FUN_001fecc8",direct
"001fed30","FUN_001fed30","001fed54","001fed30","FUN_001fed30",tail
"001fed30","FUN_001fed30","001fed68","001fed30","FUN_001fed30",tail
"001fed30","FUN_001fed30","001fed70","001fed30","FUN_001fed30",tail
"001fed30","FUN_001fed30","001fed90","001fed30","FUN_001fed30",tail
"001fed30","FUN_001fed30","001fed9c","001fed30","FUN_001fed30",tail
"001fed30","FUN_001fed30","001feda8","001fed30","FUN_001fed30",tail
"001fed30","FUN_001fed30","001fedb4","001fed30","FUN_001fed30",tail
"001fed30","FUN_001fed30","001feddc","001fed30","FUN_001fed30",tail
"001fee38","FUN_001fee38","001fee48","001fee38","FUN_001fee38",tail
"001fee38","FUN_001fee38","001fee50","001fee38","FUN_001fee38",tail
"001fee38","FUN_001fee38","001fee64","001fee38","FUN_001fee38",tail
"001fee38","FUN_001fee38","001fee74","001fee38","FUN_001fee38",tail
"001fee88","FUN_001fee88","001feef4","001ff308","FUN_001ff308",direct
"001fee88","FUN_001fee88","001fef10","001fee88","FUN_001fee88",tail
"001fee88","FUN_001fee88","001fef20","001fee88","FUN_001fee88",tail
"001fee88","FUN_001fee88","001fef3c","001ff288","FUN_001ff288",direct
"001fee88","FUN_001fee88","001fef58","001ff288","FUN_001ff288",direct
"001fee88","FUN_001fee88","001fef84","001f9810","FUN_001f9810",direct
"001fefc0","FUN_001fefc0","001fefe4","001fefc0","FUN_001fefc0",tail
"001fefc0","FUN_001fefc0","001feffc","001fefc0","FUN_001fefc0",tail
"001fefc0","FUN_001fefc0","001ff014","001fefc0","FUN_001fefc0",tail
"001fefc0","FUN_001fefc0","001ff040","001fefc0","FUN_001fefc0",tail
"001fefc0","FUN_001fefc0","001ff088","001fefc0","FUN_001fefc0",tail
"001fefc0","FUN_001fefc0","001ff090","001fefc0","FUN_001fefc0",tail
"001fefc0","FUN_001fefc0","001ff0a8","001fefc0","FUN_001fefc0",tail
"001fefc0","FUN_001fefc0","001ff0cc","001fefc0","FUN_001fefc0",tail
"001fefc0","FUN_001fefc0","001ff110","001fefc0","FUN_001fefc0",tail
"001ff128","FUN_001ff128","001ff174","001ff128","FUN_001ff128",tail
"001ff128","FUN_001ff128","001ff17c","001fefc0","FUN_001fefc0",direct
"001ff128","FUN_001ff128","001ff194","001ff128","FUN_001ff128",tail
"001ff128","FUN_001ff128","001ff1a8","001ff128","FUN_001ff128",tail
"001ff128","FUN_001ff128","001ff1cc","001ff128","FUN_001ff128",tail
"001ff128","FUN_001ff128","001ff20c","00200b10","FUN_00200b10",direct
"001ff128","FUN_001ff128","001ff228","001ff128","FUN_001ff128",tail
"001ff288","FUN_001ff288","001ff2a4","001ff288","FUN_001ff288",tail
"001ff288","FUN_001ff288","001ff2ac","001ff260","FUN_001ff260",direct
"001ff288","FUN_001ff288","001ff2c4","001ff288","FUN_001ff288",tail
"001ff308","FUN_001ff308","001ff33c","001ff308","FUN_001ff308",tail
"001ff308","FUN_001ff308","001ff348","001ff308","FUN_001ff308",tail
"001ff308","FUN_001ff308","001ff350","001ff308","FUN_001ff308",tail
"001ff308","FUN_001ff308","001ff35c","001ff308","FUN_001ff308",tail
"001ff308","FUN_001ff308","001ff368","001ff308","FUN_001ff308",tail
"001ff308","FUN_001ff308","001ff374","001ff308","FUN_001ff308",tail
"001ff308","FUN_001ff308","001ff380","001ff308","FUN_001ff308",tail
"001ff308","FUN_001ff308","001ff38c","001ff308","FUN_001ff308",tail
"001ff308","FUN_001ff308","001ff398","001ff308","FUN_001ff308",tail
"001ff308","FUN_001ff308","001ff3a4","001ff308","FUN_001ff308",tail
"001ff308","FUN_001ff308","001ff3f0","001ff308","FUN_001ff308",tail
"001ff308","FUN_001ff308","001ff3f8","001ff418","FUN_001ff418",direct
"001ff418","FUN_001ff418","001ff428","001ff500","FUN_001ff500",direct
"001ff418","FUN_001ff418","001ff45c","001ff418","FUN_001ff418",tail
"001ff480","FUN_001ff480","001ff498","001ff480","FUN_001ff480",tail
"001ff480","FUN_001ff480","001ff4ac","001ff480","FUN_001ff480",tail
"001ff480","FUN_001ff480","001ff4bc","001ff480","FUN_001ff480",tail
"001ff480","FUN_001ff480","001ff4c8","001ff480","FUN_001ff480",tail
"001ff480","FUN_001ff480","001ff4d0","001ff480","FUN_001ff480",tail
"001ff480","FUN_001ff480","001ff4e8","001ff308","FUN_001ff308",direct
"001ff500","FUN_001ff500","001ff510","001fee38","FUN_001fee38",direct
"001ff570","FUN_001ff570","001ff580","001ff570","FUN_001ff570",tail
"001ff570","FUN_001ff570","001ff594","001ff570","FUN_001ff570",tail
"001ff570","FUN_001ff570","001ff5a4","001ff570","FUN_001ff570",tail
"001ff570","FUN_001ff570","001ff5b0","001ff570","FUN_001ff570",tail
"001ff570","FUN_001ff570","001ff5d0","001ff570","FUN_001ff570",tail
"001ff658","FUN_001ff658","001ff664","001166cc","FUN_001166cc",direct
"001ff658","FUN_001ff658","001ff670","001ff658","FUN_001ff658",tail
"001ff658","FUN_001ff658","001ff6c0","001165b8","FUN_001165b8",direct
"001ff768","FUN_001ff768","001ff76c","001ff768","FUN_001ff768",tail
"001ff780","FUN_001ff780","001ff79c","001ff780","FUN_001ff780",tail
"001ff780","FUN_001ff780","001ff7ac","001ff780","FUN_001ff780",tail
"001ff780","FUN_001ff780","001ff7b4","001ff780","FUN_001ff780",tail
"001ff780","FUN_001ff780","001ff7d4","001ff780","FUN_001ff780",tail
"001ff780","FUN_001ff780","001ff7e8","001ff780","FUN_001ff780",tail
"001ff780","FUN_001ff780","001ff7f8","001ff780","FUN_001ff780",tail
"001ff780","FUN_001ff780","001ff808","001ff780","FUN_001ff780",tail
"001ff780","FUN_001ff780","001ff810","001ff780","FUN_001ff780",tail
"001ff780","FUN_001ff780","001ff818","001ff780","FUN_001ff780",tail
"001ff780","FUN_001ff780","001ff820","001f96f8","FUN_001f96f8",direct
"001ff780","FUN_001ff780","001ff82c","001ff780","FUN_001ff780",tail
"001ff780","FUN_001ff780","001ff84c","001ff780","FUN_001ff780",tail
"001ff780","FUN_001ff780","001ff854","001ff780","FUN_001ff780",tail
"001ff780","FUN_001ff780","001ff85c","001f96f8","FUN_001f96f8",direct
"001ff780","FUN_001ff780","001ff868","001ff780","FUN_001ff780",tail
"001ff780","FUN_001ff780","001ff884","001ff780","FUN_001ff780",tail
"001ff780","FUN_001ff780","001ff8c0","00201200","FUN_00201200",direct
"001ff780","FUN_001ff780","001ff8d0","001ff780","FUN_001ff780",tail
"001ff780","FUN_001ff780","001ff8e4","001ff780","FUN_001ff780",tail
"001ff780","FUN_001ff780","001ff8f8","00201200","FUN_00201200",direct
"001ff780","FUN_001ff780","001ff908","001ff780","FUN_001ff780",tail
"001ff780","FUN_001ff780","001ff924","001ff780","FUN_001ff780",tail
"001ff780","FUN_001ff780","001ff92c","001ff780","FUN_001ff780",tail
"001ff960","FUN_001ff960","001ff96c","001fee38","FUN_001fee38",direct
"001ff960","FUN_001ff960","001ff990","001ff960","FUN_001ff960",tail
"001ff960","FUN_001ff960","001ff9a0","001ff960","FUN_001ff960",tail
"001ff960","FUN_001ff960","001ff9d4","001ff960","FUN_001ff960",tail
"001ffa10","FUN_001ffa10","001ffa48","001ffa10","FUN_001ffa10",tail
"001ffa10","FUN_001ffa10","001ffa54","001ffa10","FUN_001ffa10",tail
"001ffa10","FUN_001ffa10","001ffaa8","001ffa10","FUN_001ffa10",tail
"001ffa10","FUN_001ffa10","001ffad0","001ffa10","FUN_001ffa10",tail
"001ffa10","FUN_001ffa10","001ffb04","001ffa10","FUN_001ffa10",tail
"001ffa10","FUN_001ffa10","001ffb1c","001ffa10","FUN_001ffa10",tail
"001ffa10","FUN_001ffa10","001ffb44","001ffa10","FUN_001ffa10",tail
"001ffa10","FUN_001ffa10","001ffb84","001ffa10","FUN_001ffa10",tail
"001ffc30","FUN_001ffc30","001ffd14","001ffa10","FUN_001ffa10",direct
"001ffe18","FUN_001ffe18","001fff08","001ffa10","FUN_001ffa10",direct
"00200080","FUN_00200080","00200164","001ffa10","FUN_001ffa10",direct
"00200258","FUN_00200258","00200358","001ffa10","FUN_001ffa10",direct
"00200600","FUN_00200600","0020064c","001f9de0","FUN_001f9de0",direct
"00200600","FUN_00200600","0020065c","001f9dc8","FUN_001f9dc8",direct
"00200600","FUN_00200600","0020066c","001f9dc8","FUN_001f9dc8",direct
"00200600","FUN_00200600","00200680","001f9de0","FUN_001f9de0",direct
"00200600","FUN_00200600","002006a0","001f9a10","FUN_001f9a10",direct
"00200600","FUN_00200600","002006b4","001f9a28","FUN_001f9a28",direct
"00200600","FUN_00200600","002006c8","001f9a10","FUN_001f9a10",direct
"00200600","FUN_00200600","002006d8","001f9a10","FUN_001f9a10",direct
"00200600","FUN_00200600","002006ec","001f9a28","FUN_001f9a28",direct
"00200600","FUN_00200600","002006fc","001f9a28","FUN_001f9a28",direct
"00200600","FUN_00200600","00200710","001f9a28","FUN_001f9a28",direct
"00200600","FUN_00200600","00200720","001f9a10","FUN_001f9a10",direct
"00200958","FUN_00200958","00200a14","001ffa10","FUN_001ffa10",direct
"00200b10","FUN_00200b10","00200b54","00200b10","FUN_00200b10",tail
"00200b10","FUN_00200b10","00200bac","00200b10","FUN_00200b10",tail
"00200b10","FUN_00200b10","00200bf4","00122330","FUN_00122330",direct
"00200b10","FUN_00200b10","00200bfc","00200b10","FUN_00200b10",tail
"00200b10","FUN_00200b10","00200c48","00200b10","FUN_00200b10",tail
"00200b10","FUN_00200b10","00200c50","00118a80","FlushCache",direct
"00200b10","FUN_00200b10","00200c5c","00122658","FUN_00122658",direct
"00200c80","FUN_00200c80","00200d04","00200c80","FUN_00200c80",tail
"00200c80","FUN_00200c80","00200d70","00200c80","FUN_00200c80",tail
"00200e08","FUN_00200e08","00200e8c","00200e08","FUN_00200e08",tail
"00200e08","FUN_00200e08","00200ef8","00200e08","FUN_00200e08",tail
"00200f90","FUN_00200f90","0020101c","00200f90","FUN_00200f90",tail
"00200f90","FUN_00200f90","0020107c","00200f90","FUN_00200f90",tail
"00201128","FUN_00201128","00201164","001ff960","FUN_001ff960",direct
"00201128","FUN_00201128","00201174","001ff960","FUN_001ff960",direct
"00201128","FUN_00201128","00201194","001ffc30","FUN_001ffc30",direct
"00201128","FUN_00201128","002011b0","001ffc30","FUN_001ffc30",direct
"00201128","FUN_00201128","002011d0","001ffe18","FUN_001ffe18",direct
"00201200","FUN_00201200","0020124c","001f6c20","FUN_001f6c20",direct
"00201200","FUN_00201200","00201268","00201128","FUN_00201128",direct
"00201200","FUN_00201200","00201280","001f6c20","FUN_001f6c20",direct
"002012b8","FUN_002012b8","0020146c","002012b8","FUN_002012b8",tail
"00201520","FUN_00201520","00201544","0011c8c8","FUN_0011c8c8",direct
"00201520","FUN_00201520","00201564","00118b20","sceSifSetDma",direct
"00201520","FUN_00201520","00201570","00201520","FUN_00201520",tail
"00201520","FUN_00201520","00201578","00118b10","sceSifDmaStat",direct
"00201520","FUN_00201520","0020158c","00201520","FUN_00201520",tail
"00201520","FUN_00201520","00201598","0011cd78","FUN_0011cd78",direct
"00201520","FUN_00201520","002015ac","0011c9b0","FUN_0011c9b0",direct
"00201650","FUN_00201650","00201664","001204b8","FUN_001204b8",direct
"00201650","FUN_00201650","0020166c","00123008","FUN_00123008",direct
"00201650","FUN_00201650","00201674","00120eb0","FUN_00120eb0",direct
"00201650","FUN_00201650","0020167c","00121190","FUN_00121190",direct
"00201650","FUN_00201650","00201688","0011cf48","FUN_0011cf48",direct
"00201650","FUN_00201650","0020169c","00201650","FUN_00201650",tail
"00201650","FUN_00201650","002016a8","0011cf10","FUN_0011cf10",direct
"00201650","FUN_00201650","002016bc","00201650","FUN_00201650",tail
"00201650","FUN_00201650","002016cc","001e93b0","FUN_001e93b0",direct
"00201650","FUN_00201650","002016dc","00118a60","EnableCache",direct
"00201650","FUN_00201650","002016e4","0011ab20","FUN_0011ab20",direct
"00201650","FUN_00201650","002016ec","0011d660","FUN_0011d660",direct
"00201650","FUN_00201650","002016f4","0011c840","FUN_0011c840",direct
"00201650","FUN_00201650","002016fc","0011d6a8","FUN_0011d6a8",direct
"00201650","FUN_00201650","00201704","00120eb0","FUN_00120eb0",direct
"00201650","FUN_00201650","0020170c","00121190","FUN_00121190",direct
"00201650","FUN_00201650","00201714","00121388","FUN_00121388",direct
"00201650","FUN_00201650","0020171c","0011bc48","FUN_0011bc48",direct
"00201650","FUN_00201650","0020172c","0012f208","FUN_0012f208",direct
"00201650","FUN_00201650","00201734","00118a80","FlushCache",direct
"00201650","FUN_00201650","00201754","00209030","FUN_00209030",direct
"00201650","FUN_00201650","00201778","00121878","FUN_00121878",direct
"00201650","FUN_00201650","00201780","0020b418","FUN_0020b418",direct
"00201650","FUN_00201650","00201788","001f34e8","FUN_001f34e8",direct
"00201650","FUN_00201650","00201794","002334d8","FUN_002334d8",direct
"00201650","FUN_00201650","0020179c","0012f2b8","FUN_0012f2b8",direct
"00201650","FUN_00201650","002017d0","0012f208","FUN_0012f208",direct
"00201650","FUN_00201650","002017d8","00118a80","FlushCache",direct
"00201650","FUN_00201650","002017e4","0020b618","FUN_0020b618",direct
"00201650","FUN_00201650","002017ec","00118a80","FlushCache",direct
"00201650","FUN_00201650","002017fc","00201520","FUN_00201520",direct
"00201650","FUN_00201650","0020180c","00201520","FUN_00201520",direct
"00201650","FUN_00201650","0020181c","00201520","FUN_00201520",direct
"00201650","FUN_00201650","0020182c","00201520","FUN_00201520",direct
"00201650","FUN_00201650","0020183c","00201520","FUN_00201520",direct
"00201650","FUN_00201650","0020184c","00201520","FUN_00201520",direct
"00201650","FUN_00201650","0020185c","00201520","FUN_00201520",direct
"00201650","FUN_00201650","0020186c","00201520","FUN_00201520",direct
"00201650","FUN_00201650","0020187c","00201520","FUN_00201520",direct
"00201650","FUN_00201650","0020188c","00201520","FUN_00201520",direct
"00201650","FUN_00201650","00201898","001e93b0","FUN_001e93b0",direct
"00201650","FUN_00201650","002018a0","00121190","FUN_00121190",direct
"00201650","FUN_00201650","002018a8","00217048","FUN_00217048",direct
"00201650","FUN_00201650","002018b4","00122e68","FUN_00122e68",direct
"00201650","FUN_00201650","002018c0","002015d8","FUN_002015d8",direct
"00201650","FUN_00201650","002018c8","00121190","FUN_00121190",direct
"00201650","FUN_00201650","002018d0","0020ac58","FUN_0020ac58",direct
"00201650","FUN_00201650","002018d8","001f2c60","FUN_001f2c60",direct
"00201650","FUN_00201650","002018e0","001f2d98","FUN_001f2d98",direct
"00201650","FUN_00201650","002018e8","002335d0","FUN_002335d0",direct
"00201650","FUN_00201650","002018f0","00121190","FUN_00121190",direct
"00201650","FUN_00201650","002018f8","0022c8d0","FUN_0022c8d0",direct
"00201650","FUN_00201650","0020190c","001f97e8","FUN_001f97e8",direct
"00201650","FUN_00201650","00201930","00122330","FUN_00122330",direct
"00201650","FUN_00201650","00201938","00118a80","FlushCache",direct
"00201650","FUN_00201650","00201944","00122658","FUN_00122658",direct
"00201650","FUN_00201650","00201950","00120558","FUN_00120558",direct
"00201650","FUN_00201650","00201958","001e9338","FUN_001e9338",direct
"00201650","FUN_00201650","0020197c","00232ce0","FUN_00232ce0",direct
"00201650","FUN_00201650","00201984","001f7a30","FUN_001f7a30",direct
"00201650","FUN_00201650","0020198c","0012d240","FUN_0012d240",direct
"00201650","FUN_00201650","002019a0","00201650","FUN_00201650",tail
"00201650","FUN_00201650","002019b8","00201650","FUN_00201650",computed
"00201650","FUN_00201650","002019b8","00201650","FUN_00201650",computed
"00201650","FUN_00201650","002019b8","00201650","FUN_00201650",computed
"00201650","FUN_00201650","002019b8","00201650","FUN_00201650",computed
"00201650","FUN_00201650","002019b8","00201650","FUN_00201650",computed
"00201650","FUN_00201650","002019c4","00201650","FUN_00201650",tail
"00201650","FUN_00201650","002019d0","00201650","FUN_00201650",tail
"00201650","FUN_00201650","002019dc","00201650","FUN_00201650",tail
"00201650","FUN_00201650","002019e8","00201650","FUN_00201650",tail
"00201650","FUN_00201650","002019f4","001e93b0","FUN_001e93b0",direct
"00201a28","FUN_00201a28","00201aa0","001fa580","FUN_001fa580",direct
"00201a28","FUN_00201a28","00201ac0","001f9dc8","FUN_001f9dc8",direct
"00201a28","FUN_00201a28","00201ad0","001f9de0","FUN_001f9de0",direct
"00201a28","FUN_00201a28","00201b0c","00201a28","FUN_00201a28",tail
"00201a28","FUN_00201a28","00201b18","001f9b48","FUN_001f9b48",direct
"00201a28","FUN_00201a28","00201b28","00201a28","FUN_00201a28",tail
"00201a28","FUN_00201a28","00201b3c","00201a28","FUN_00201a28",tail
"00201a28","FUN_00201a28","00201b44","00201ba8","FUN_00201ba8",direct
"00201a28","FUN_00201a28","00201b4c","00201a28","FUN_00201a28",tail
"00201a28","FUN_00201a28","00201b54","00201a28","FUN_00201a28",tail
"00201a28","FUN_00201a28","00201b5c","00201f58","FUN_00201f58",direct
"00201a28","FUN_00201a28","00201b70","00201a28","FUN_00201a28",tail
"00201ba8","FUN_00201ba8","00201c28","00201ba8","FUN_00201ba8",tail
"00201ba8","FUN_00201ba8","00201c44","00201ba8","FUN_00201ba8",tail
"00201ba8","FUN_00201ba8","00201c6c","001f9bb0","FUN_001f9bb0",direct
"00201ba8","FUN_00201ba8","00201c74","00201ba8","FUN_00201ba8",tail
"00201ba8","FUN_00201ba8","00201c84","00201ba8","FUN_00201ba8",tail
"00201ba8","FUN_00201ba8","00201c90","00201ba8","FUN_00201ba8",tail
"00201ba8","FUN_00201ba8","00201ca0","00201ba8","FUN_00201ba8",tail
"00201ba8","FUN_00201ba8","00201cb0","00201ba8","FUN_00201ba8",tail
"00201ba8","FUN_00201ba8","00201cbc","00201ba8","FUN_00201ba8",tail
"00201ba8","FUN_00201ba8","00201ccc","00201ba8","FUN_00201ba8",tail
"00201ba8","FUN_00201ba8","00201cd8","00201ba8","FUN_00201ba8",tail
"00201ba8","FUN_00201ba8","00201cf0","00201ba8","FUN_00201ba8",tail
"00201ba8","FUN_00201ba8","00201d04","00201ba8","FUN_00201ba8",tail
"00201ba8","FUN_00201ba8","00201d1c","00201ba8","FUN_00201ba8",tail
"00201ba8","FUN_00201ba8","00201d34","001f9a80","FUN_001f9a80",direct
"00201ba8","FUN_00201ba8","00201d48","00201ba8","FUN_00201ba8",tail
"00201ba8","FUN_00201ba8","00201d74","001f9bb0","FUN_001f9bb0",direct
"00201ba8","FUN_00201ba8","00201d7c","00201ba8","FUN_00201ba8",tail
"00201ba8","FUN_00201ba8","00201d8c","00201ba8","FUN_00201ba8",tail
"00201ba8","FUN_00201ba8","00201d98","00201ba8","FUN_00201ba8",tail
"00201ba8","FUN_00201ba8","00201da8","00201ba8","FUN_00201ba8",tail
"00201ba8","FUN_00201ba8","00201dbc","00201ba8","FUN_00201ba8",tail
"00201ba8","FUN_00201ba8","00201dc8","00201ba8","FUN_00201ba8",tail
"00201ba8","FUN_00201ba8","00201dd8","00201ba8","FUN_00201ba8",tail
"00201ba8","FUN_00201ba8","00201de4","00201ba8","FUN_00201ba8",tail
"00201ba8","FUN_00201ba8","00201dfc","00201ba8","FUN_00201ba8",tail
"00201ba8","FUN_00201ba8","00201e14","00201ba8","FUN_00201ba8",tail
"00201ba8","FUN_00201ba8","00201e30","00201ba8","FUN_00201ba8",tail
"00201ba8","FUN_00201ba8","00201e4c","00201ba8","FUN_00201ba8",tail
"00201ba8","FUN_00201ba8","00201e74","001f9bb0","FUN_001f9bb0",direct
"00201ba8","FUN_00201ba8","00201e7c","00201ba8","FUN_00201ba8",tail
"00201ba8","FUN_00201ba8","00201e8c","00201ba8","FUN_00201ba8",tail
"00201ba8","FUN_00201ba8","00201e94","00201ba8","FUN_00201ba8",tail
"00201ba8","FUN_00201ba8","00201ea4","00201ba8","FUN_00201ba8",tail
"00201ba8","FUN_00201ba8","00201eb4","00201ba8","FUN_00201ba8",tail
"00201ba8","FUN_00201ba8","00201ec0","00201ba8","FUN_00201ba8",tail
"00201ba8","FUN_00201ba8","00201ed0","00201ba8","FUN_00201ba8",tail
"00201ba8","FUN_00201ba8","00201ed8","00201ba8","FUN_00201ba8",tail
"00201ba8","FUN_00201ba8","00201ef4","00201ba8","FUN_00201ba8",tail
"00201ba8","FUN_00201ba8","00201f08","00201ba8","FUN_00201ba8",tail
"00201f58","FUN_00201f58","00201f64","00201f88","FUN_00201f88",direct
"00201f58","FUN_00201f58","00201f6c","00201ba8","FUN_00201ba8",direct
"00201f88","FUN_00201f88","00201ffc","00201f88","FUN_00201f88",tail
"00201f88","FUN_00201f88","00202024","00201f88","FUN_00201f88",tail
"00201f88","FUN_00201f88","00202030","00201f88","FUN_00201f88",tail
"00201f88","FUN_00201f88","00202038","00201f88","FUN_00201f88",tail
"00201f88","FUN_00201f88","0020204c","00201f88","FUN_00201f88",tail
"00201f88","FUN_00201f88","00202054","00201f88","FUN_00201f88",tail
"00201f88","FUN_00201f88","0020206c","00201f88","FUN_00201f88",tail
"00201f88","FUN_00201f88","00202074","00201f88","FUN_00201f88",tail
"00201f88","FUN_00201f88","0020207c","00201f88","FUN_00201f88",tail
"00201f88","FUN_00201f88","00202084","001e93b0","FUN_001e93b0",direct
"00201f88","FUN_00201f88","00202090","00201f88","FUN_00201f88",tail
"00201f88","FUN_00201f88","002020a0","00201f88","FUN_00201f88",tail
"00201f88","FUN_00201f88","002020c8","00201f88","FUN_00201f88",tail
"00201f88","FUN_00201f88","002020ec","00201f88","FUN_00201f88",tail
"00201f88","FUN_00201f88","002020f8","00201f88","FUN_00201f88",tail
"00201f88","FUN_00201f88","00202100","00201f88","FUN_00201f88",tail
"00201f88","FUN_00201f88","00202114","00201f88","FUN_00201f88",tail
"00201f88","FUN_00201f88","0020211c","00201f88","FUN_00201f88",tail
"00201f88","FUN_00201f88","00202134","00201f88","FUN_00201f88",tail
"00201f88","FUN_00201f88","0020213c","00201f88","FUN_00201f88",tail
"00201f88","FUN_00201f88","00202144","00201f88","FUN_00201f88",tail
"00201f88","FUN_00201f88","0020214c","001e93b0","FUN_001e93b0",direct
"00201f88","FUN_00201f88","00202158","00201f88","FUN_00201f88",tail
"00201f88","FUN_00201f88","00202168","00201f88","FUN_00201f88",tail
"00201f88","FUN_00201f88","00202190","00201f88","FUN_00201f88",tail
"00201f88","FUN_00201f88","002021b4","00201f88","FUN_00201f88",tail
"00201f88","FUN_00201f88","002021c0","00201f88","FUN_00201f88",tail
"00201f88","FUN_00201f88","002021c8","00201f88","FUN_00201f88",tail
"00201f88","FUN_00201f88","002021dc","00201f88","FUN_00201f88",tail
"00201f88","FUN_00201f88","002021e4","00201f88","FUN_00201f88",tail
"00201f88","FUN_00201f88","002021fc","00201f88","FUN_00201f88",tail
"00201f88","FUN_00201f88","00202204","00201f88","FUN_00201f88",tail
"00201f88","FUN_00201f88","0020220c","00201f88","FUN_00201f88",tail
"00201f88","FUN_00201f88","00202214","001e93b0","FUN_001e93b0",direct
"00201f88","FUN_00201f88","00202220","00201f88","FUN_00201f88",tail
"00201f88","FUN_00201f88","00202230","00201f88","FUN_00201f88",tail
"00202270","FUN_00202270","002022a4","001f97e8","FUN_001f97e8",direct
"00202270","FUN_00202270","002022b4","00202270","FUN_00202270",tail
"00202270","FUN_00202270","002022bc","00202270","FUN_00202270",tail
"00202270","FUN_00202270","002022c4","00202270","FUN_00202270",tail
"00202270","FUN_00202270","002022cc","00202270","FUN_00202270",tail
"00202270","FUN_00202270","002022d4","00202270","FUN_00202270",tail
"00202270","FUN_00202270","002022dc","00202270","FUN_00202270",tail
"00202270","FUN_00202270","002022e4","00202270","FUN_00202270",tail
"00202270","FUN_00202270","002022f0","00202270","FUN_00202270",tail
"00202270","FUN_00202270","002022fc","00202270","FUN_00202270",tail
"00202270","FUN_00202270","00202308","00202270","FUN_00202270",tail
"00202270","FUN_00202270","00202310","00202270","FUN_00202270",tail
"00202270","FUN_00202270","0020231c","00202270","FUN_00202270",tail
"00202270","FUN_00202270","0020232c","001f97a0","FUN_001f97a0",direct
"00202270","FUN_00202270","00202338","001f97a0","FUN_001f97a0",direct
"00202270","FUN_00202270","00202358","00202270","FUN_00202270",tail
"00202270","FUN_00202270","00202364","00202270","FUN_00202270",tail
"00202270","FUN_00202270","0020236c","00202270","FUN_00202270",tail
"00202270","FUN_00202270","00202374","00202270","FUN_00202270",tail
"00202270","FUN_00202270","0020237c","00202270","FUN_00202270",tail
"00202270","FUN_00202270","00202388","00202270","FUN_00202270",tail
"00202270","FUN_00202270","00202390","00202270","FUN_00202270",tail
"00202270","FUN_00202270","002023a0","00202270","FUN_00202270",tail
"00202270","FUN_00202270","002023b4","00202270","FUN_00202270",tail
"00202270","FUN_00202270","002023c0","00202270","FUN_00202270",tail
"00202270","FUN_00202270","002023e4","00202270","FUN_00202270",tail
"00202270","FUN_00202270","002023f4","00202270","FUN_00202270",tail
"00202270","FUN_00202270","0020242c","00122330","FUN_00122330",direct
"00202270","FUN_00202270","00202434","00202270","FUN_00202270",tail
"00202270","FUN_00202270","0020246c","00122330","FUN_00122330",direct
"00202270","FUN_00202270","00202474","00118a80","FlushCache",direct
"00202270","FUN_00202270","00202480","00122658","FUN_00122658",direct
"00202270","FUN_00202270","0020248c","00120558","FUN_00120558",direct
"00202270","FUN_00202270","002024a0","00202270","FUN_00202270",tail
"00202270","FUN_00202270","002024cc","00202270","FUN_00202270",tail
"00202270","FUN_00202270","002024d8","00202270","FUN_00202270",tail
"00202270","FUN_00202270","00202500","00202270","FUN_00202270",tail
"00202270","FUN_00202270","00202560","00122330","FUN_00122330",direct
"00202270","FUN_00202270","00202568","00118a80","FlushCache",direct
"00202270","FUN_00202270","0020257c","00122658","FUN_00122658",direct
"00202270","FUN_00202270","00202588","00120558","FUN_00120558",direct
"00202270","FUN_00202270","002025c0","00202270","FUN_00202270",tail
"002026c8","FUN_002026c8","00202704","002026c8","FUN_002026c8",tail
"002026c8","FUN_002026c8","00202724","002026c8","FUN_002026c8",tail
"002026c8","FUN_002026c8","0020272c","002026c8","FUN_002026c8",tail
"002026c8","FUN_002026c8","00202740","002026c8","FUN_002026c8",tail
"002026c8","FUN_002026c8","0020274c","001f9838","FUN_001f9838",direct
"002026c8","FUN_002026c8","00202754","002026c8","FUN_002026c8",tail
"002026c8","FUN_002026c8","002027a4","001f97a0","FUN_001f97a0",direct
"002026c8","FUN_002026c8","002027d4","002026c8","FUN_002026c8",tail
"00202800","FUN_00202800","00202824","00202800","FUN_00202800",tail
"00202800","FUN_00202800","00202874","001f97a0","FUN_001f97a0",direct
"00202800","FUN_00202800","00202890","001f97a0","FUN_001f97a0",direct
"00202800","FUN_00202800","002028b8","00202800","FUN_00202800",tail
"002028e0","FUN_002028e0","00202934","002028e0","FUN_002028e0",tail
"002028e0","FUN_002028e0","00202954","002028e0","FUN_002028e0",tail
"002028e0","FUN_002028e0","002029a0","001f97a0","FUN_001f97a0",direct
"002028e0","FUN_002028e0","002029bc","001f97a0","FUN_001f97a0",direct
"002028e0","FUN_002028e0","002029f0","002028e0","FUN_002028e0",tail
"002028e0","FUN_002028e0","00202a04","002028e0","FUN_002028e0",tail
"002028e0","FUN_002028e0","00202a34","002028e0","FUN_002028e0",tail
"002028e0","FUN_002028e0","00202a58","002028e0","FUN_002028e0",tail
"002028e0","FUN_002028e0","00202a70","002028e0","FUN_002028e0",tail
"00202a98","FUN_00202a98","00202af8","00202a98","FUN_00202a98",tail
"00202a98","FUN_00202a98","00202b38","001ff288","FUN_001ff288",direct
"00202a98","FUN_00202a98","00202b50","001f98d0","FUN_001f98d0",direct
"00202a98","FUN_00202a98","00202b9c","00202a98","FUN_00202a98",tail
"00202a98","FUN_00202a98","00202bb4","00202d10","FUN_00202d10",direct
"00202a98","FUN_00202a98","00202bd0","00232e40","FUN_00232e40",direct
"00202a98","FUN_00202a98","00202be8","001ff128","FUN_001ff128",direct
"00202a98","FUN_00202a98","00202bf8","00202a98","FUN_00202a98",tail
"00202a98","FUN_00202a98","00202c04","001ff288","FUN_001ff288",direct
"00202a98","FUN_00202a98","00202c14","00202d10","FUN_00202d10",direct
"00202a98","FUN_00202a98","00202c1c","00118a80","FlushCache",direct
"00202a98","FUN_00202a98","00202c28","001fefc0","FUN_001fefc0",direct
"00202a98","FUN_00202a98","00202c38","00202a98","FUN_00202a98",tail
"00202a98","FUN_00202a98","00202c5c","00232e40","FUN_00232e40",direct
"00202a98","FUN_00202a98","00202c74","00202a98","FUN_00202a98",tail
"00202a98","FUN_00202a98","00202c98","00232e40","FUN_00232e40",direct
"00202a98","FUN_00202a98","00202cb0","00202a98","FUN_00202a98",tail
"00202a98","FUN_00202a98","00202cd4","00232e40","FUN_00232e40",direct
"00202d10","FUN_00202d10","00202d2c","00202d10","FUN_00202d10",tail
"00202d10","FUN_00202d10","00202d48","0020b618","FUN_0020b618",direct
"00202d78","FUN_00202d78","00202de8","001f97a0","FUN_001f97a0",direct
"00202d78","FUN_00202d78","00202df4","001f97a0","FUN_001f97a0",direct
"00202d78","FUN_00202d78","00202e24","00202d78","FUN_00202d78",tail
"00202d78","FUN_00202d78","00202ef0","00202d78","FUN_00202d78",tail
"00202d78","FUN_00202d78","00202efc","00202d78","FUN_00202d78",tail
"00202d78","FUN_00202d78","00202f08","00202d78","FUN_00202d78",tail
"00202d78","FUN_00202d78","00202f50","00202d78","FUN_00202d78",tail
"00202fd0","FUN_00202fd0","00203014","00202fd0","FUN_00202fd0",tail
"00202fd0","FUN_00202fd0","00203074","00202fd0","FUN_00202fd0",tail
"00202fd0","FUN_00202fd0","00203080","00202fd0","FUN_00202fd0",tail
"00203120","FUN_00203120","00203160","00203120","FUN_00203120",tail
"00203120","FUN_00203120","00203194","00203120","FUN_00203120",tail
"00203120","FUN_00203120","002031c4","00122330","FUN_00122330",direct
"00203120","FUN_00203120","002031e8","00203120","FUN_00203120",tail
"00203120","FUN_00203120","002031f4","00203120","FUN_00203120",tail
"00203120","FUN_00203120","00203218","00122330","FUN_00122330",direct
"00203120","FUN_00203120","00203228","00203120","FUN_00203120",tail
"00203120","FUN_00203120","00203230","00203120","FUN_00203120",tail
"00203120","FUN_00203120","00203258","00122330","FUN_00122330",direct
"00203120","FUN_00203120","00203278","00118a80","FlushCache",direct
"00203120","FUN_00203120","00203288","00122658","FUN_00122658",direct
"00203120","FUN_00203120","00203294","00120558","FUN_00120558",direct
"00203120","FUN_00203120","0020329c","00203120","FUN_00203120",tail
"002032e0","FUN_002032e0","002032f0","002032e0","FUN_002032e0",tail
"002032e0","FUN_002032e0","00203300","002032e0","FUN_002032e0",tail
"002032e0","FUN_002032e0","00203328","002032e0","FUN_002032e0",tail
"00203338","FUN_00203338","00203384","00203338","FUN_00203338",tail
"00203338","FUN_00203338","00203394","00203338","FUN_00203338",tail
"00203338","FUN_00203338","002033bc","00203338","FUN_00203338",tail
"00203338","FUN_00203338","002033c8","00203338","FUN_00203338",tail
"00203338","FUN_00203338","002033d8","00203338","FUN_00203338",tail
"00203338","FUN_00203338","002033e8","00203338","FUN_00203338",tail
"00203338","FUN_00203338","002033f8","00203338","FUN_00203338",tail
"00203338","FUN_00203338","00203408","00203338","FUN_00203338",tail
"00203338","FUN_00203338","0020342c","00203338","FUN_00203338",tail
"00203338","FUN_00203338","00203438","00203338","FUN_00203338",tail
"00203338","FUN_00203338","00203460","00203338","FUN_00203338",tail
"00203338","FUN_00203338","0020348c","00203338","FUN_00203338",tail
"00203338","FUN_00203338","00203498","00203338","FUN_00203338",tail
"00203338","FUN_00203338","002034a4","00203338","FUN_00203338",tail
"00203338","FUN_00203338","002034b4","00203338","FUN_00203338",tail
"00203338","FUN_00203338","002034d4","00203338","FUN_00203338",tail
"00203338","FUN_00203338","002034e8","00203338","FUN_00203338",tail
"00203338","FUN_00203338","002034f8","00203338","FUN_00203338",tail
"00203338","FUN_00203338","00203520","00203338","FUN_00203338",tail
"00203338","FUN_00203338","00203534","00203338","FUN_00203338",tail
"00203338","FUN_00203338","00203560","00203338","FUN_00203338",tail
"00203338","FUN_00203338","00203590","00203338","FUN_00203338",tail
"00203338","FUN_00203338","0020359c","00203338","FUN_00203338",tail
"00203338","FUN_00203338","002035a8","00203338","FUN_00203338",tail
"00203338","FUN_00203338","002035c8","00202d78","FUN_00202d78",direct
"00203338","FUN_00203338","002035d0","00203338","FUN_00203338",tail
"00203338","FUN_00203338","002035e8","00202fd0","FUN_00202fd0",direct
"00203338","FUN_00203338","002035f8","00203338","FUN_00203338",tail
"00203338","FUN_00203338","00203608","00203338","FUN_00203338",tail
"00203640","FUN_00203640","002036ac","00203640","FUN_00203640",tail
"00203640","FUN_00203640","002036b4","00212d68","FUN_00212d68",direct
"00203640","FUN_00203640","002036c8","00203640","FUN_00203640",tail
"00203640","FUN_00203640","002036e4","00212d68","FUN_00212d68",direct
"00203640","FUN_00203640","00203708","00203338","FUN_00203338",direct
"00203730","FUN_00203730","002037cc","001fa6d0","FUN_001fa6d0",direct
"00203730","FUN_00203730","00203818","00203730","FUN_00203730",tail
"00203730","FUN_00203730","00203834","00203730","FUN_00203730",tail
"00203730","FUN_00203730","00203868","00203730","FUN_00203730",tail
"00203730","FUN_00203730","00203878","00203730","FUN_00203730",tail
"00203730","FUN_00203730","002038c8","00203730","FUN_00203730",tail
"00203730","FUN_00203730","002038f8","00203730","FUN_00203730",tail
"00203730","FUN_00203730","00203930","001f97a0","FUN_001f97a0",direct
"00203730","FUN_00203730","0020393c","001f97a0","FUN_001f97a0",direct
"00203730","FUN_00203730","00203a18","00203730","FUN_00203730",tail
"00203730","FUN_00203730","00203acc","00203730","FUN_00203730",tail
"00203b08","FUN_00203b08","00203bb0","001fa6d0","FUN_001fa6d0",direct
"00203b08","FUN_00203b08","00203bec","00203b08","FUN_00203b08",tail
"00203b08","FUN_00203b08","00203c00","00203b08","FUN_00203b08",tail
"00203b08","FUN_00203b08","00203c28","00203b08","FUN_00203b08",tail
"00203b08","FUN_00203b08","00203c34","00203b08","FUN_00203b08",tail
"00203b08","FUN_00203b08","00203c44","00203b08","FUN_00203b08",tail
"00203b08","FUN_00203b08","00203c70","00203b08","FUN_00203b08",tail
"00203b08","FUN_00203b08","00203c84","00203b08","FUN_00203b08",tail
"00203b08","FUN_00203b08","00203c90","001f97a0","FUN_001f97a0",direct
"00203b08","FUN_00203b08","00203c9c","001f97a0","FUN_001f97a0",direct
"00203b08","FUN_00203b08","00203d80","00203b08","FUN_00203b08",tail
"00203b08","FUN_00203b08","00203da0","00203b08","FUN_00203b08",tail
"00203b08","FUN_00203b08","00203dc4","00203b08","FUN_00203b08",tail
"00203b08","FUN_00203b08","00203e5c","00203b08","FUN_00203b08",tail
"00203b08","FUN_00203b08","00203e90","00203b08","FUN_00203b08",tail
"00203b08","FUN_00203b08","00203ec0","00203b08","FUN_00203b08",tail
"00203b08","FUN_00203b08","00203f0c","001f97a0","FUN_001f97a0",direct
"00203b08","FUN_00203b08","00203f18","001f97a0","FUN_001f97a0",direct
"00203b08","FUN_00203b08","00204000","00203b08","FUN_00203b08",tail
"00203b08","FUN_00203b08","00204090","00203b08","FUN_00203b08",tail
"00203b08","FUN_00203b08","002040a4","00203b08","FUN_00203b08",tail
"002040e0","FUN_002040e0","00204150","00233068","FUN_00233068",direct
"002040e0","FUN_002040e0","00204168","002040e0","FUN_002040e0",tail
"002040e0","FUN_002040e0","0020418c","002040e0","FUN_002040e0",tail
"002040e0","FUN_002040e0","0020419c","002040e0","FUN_002040e0",tail
"002040e0","FUN_002040e0","002041c0","002040e0","FUN_002040e0",tail
"002040e0","FUN_002040e0","00204248","001f97a0","FUN_001f97a0",direct
"002040e0","FUN_002040e0","00204254","001f97a0","FUN_001f97a0",direct
"002040e0","FUN_002040e0","00204360","002040e0","FUN_002040e0",tail
"002040e0","FUN_002040e0","00204378","002040e0","FUN_002040e0",tail
"002043b0","FUN_002043b0","00204410","00216728","FUN_00216728",direct
"00204428","FUN_00204428","00204440","00120c30","FUN_00120c30",direct
"00204428","FUN_00204428","00204448","00204428","FUN_00204428",tail
"00204428","FUN_00204428","00204460","00204428","FUN_00204428",tail
"00204428","FUN_00204428","0020446c","00204428","FUN_00204428",tail
"00204428","FUN_00204428","00204490","00204428","FUN_00204428",tail
"00204428","FUN_00204428","002044a0","001216c8","FUN_001216c8",direct
"00204428","FUN_00204428","002044a8","00204428","FUN_00204428",tail
"00204428","FUN_00204428","002044b0","00121630","FUN_00121630",direct
"00204428","FUN_00204428","002044b8","00204428","FUN_00204428",tail
"00204428","FUN_00204428","002044c0","00204428","FUN_00204428",tail
"00204428","FUN_00204428","002044e8","00204428","FUN_00204428",tail
"00204428","FUN_00204428","00204504","00204428","FUN_00204428",tail
"00204428","FUN_00204428","0020451c","00204428","FUN_00204428",computed
"00204428","FUN_00204428","0020451c","00204428","FUN_00204428",computed
"00204428","FUN_00204428","0020451c","00204428","FUN_00204428",computed
"00204428","FUN_00204428","0020451c","00204428","FUN_00204428",computed
"00204428","FUN_00204428","0020451c","00204428","FUN_00204428",computed
"00204428","FUN_00204428","0020451c","00204428","FUN_00204428",computed
"00204428","FUN_00204428","0020451c","00204428","FUN_00204428",computed
"00204428","FUN_00204428","0020451c","00204428","FUN_00204428",computed
"00204428","FUN_00204428","0020452c","00204428","FUN_00204428",tail
"00204428","FUN_00204428","00204540","00204428","FUN_00204428",tail
"00204428","FUN_00204428","002045c8","00204428","FUN_00204428",tail
"00204428","FUN_00204428","002045f4","00216728","FUN_00216728",direct
"00204428","FUN_00204428","00204608","00204428","FUN_00204428",tail
"00204428","FUN_00204428","00204618","00204428","FUN_00204428",tail
"00204428","FUN_00204428","00204630","00216728","FUN_00216728",direct
"00204428","FUN_00204428","00204638","00204428","FUN_00204428",tail
"00204428","FUN_00204428","00204650","00216728","FUN_00216728",direct
"00204428","FUN_00204428","00204658","00204428","FUN_00204428",tail
"00204428","FUN_00204428","00204668","00204428","FUN_00204428",tail
"00204428","FUN_00204428","00204670","0012e3b8","FUN_0012e3b8",direct
"00204428","FUN_00204428","00204680","00204428","FUN_00204428",tail
"00204428","FUN_00204428","0020468c","00204428","FUN_00204428",tail
"00204428","FUN_00204428","00204694","0012dc80","FUN_0012dc80",direct
"00204428","FUN_00204428","0020469c","00204428","FUN_00204428",tail
"00204428","FUN_00204428","002046a4","0012e1d8","FUN_0012e1d8",direct
"00204428","FUN_00204428","002046b4","00204428","FUN_00204428",tail
"00204428","FUN_00204428","002046bc","0012dc80","FUN_0012dc80",direct
"00204428","FUN_00204428","002046c4","00204428","FUN_00204428",tail
"00204428","FUN_00204428","002046cc","0012e1a8","FUN_0012e1a8",direct
"00204428","FUN_00204428","002046d4","00204428","FUN_00204428",tail
"00204428","FUN_00204428","002046dc","0012dc80","FUN_0012dc80",direct
"00204428","FUN_00204428","002046e4","00204428","FUN_00204428",tail
"00204428","FUN_00204428","00204720","0012e088","FUN_0012e088",direct
"00204428","FUN_00204428","00204734","00204428","FUN_00204428",tail
"00204428","FUN_00204428","0020473c","0012dc80","FUN_0012dc80",direct
"00204428","FUN_00204428","00204744","00204428","FUN_00204428",tail
"00204428","FUN_00204428","0020475c","00204428","FUN_00204428",tail
"00204428","FUN_00204428","00204764","0012e1a8","FUN_0012e1a8",direct
"00204428","FUN_00204428","0020476c","00204428","FUN_00204428",tail
"00204790","FUN_00204790","002047c4","00118a80","FlushCache",direct
"00204790","FUN_00204790","002047d0","0020b618","FUN_0020b618",direct
"00204790","FUN_00204790","002047d8","00118a80","FlushCache",direct
"00204790","FUN_00204790","00204814","00204790","FUN_00204790",tail
"00204790","FUN_00204790","0020481c","00204790","FUN_00204790",tail
"00204790","FUN_00204790","00204834","00204790","FUN_00204790",tail
"00204790","FUN_00204790","00204874","00204790","FUN_00204790",tail
"00204790","FUN_00204790","0020487c","00204790","FUN_00204790",tail
"00204790","FUN_00204790","00204888","00204790","FUN_00204790",tail
"00204790","FUN_00204790","002048c0","00204790","FUN_00204790",tail
"00204790","FUN_00204790","002048c8","0020c4f8","FUN_0020c4f8",direct
"00204790","FUN_00204790","00204910","00204790","FUN_00204790",tail
"00204790","FUN_00204790","00204928","00204790","FUN_00204790",tail
"00204790","FUN_00204790","0020493c","00204790","FUN_00204790",tail
"00204790","FUN_00204790","00204970","00204790","FUN_00204790",tail
"00204790","FUN_00204790","00204998","00204790","FUN_00204790",tail
"00204790","FUN_00204790","002049ac","00204790","FUN_00204790",tail
"002049f0","FUN_002049f0","00204a10","00204790","FUN_00204790",direct
"00204a40","FUN_00204a40","00204a70","00204a40","FUN_00204a40",tail
"00204a40","FUN_00204a40","00204a8c","00204a40","FUN_00204a40",tail
"00204a40","FUN_00204a40","00204abc","00204a40","FUN_00204a40",tail
"00204a40","FUN_00204a40","00204acc","00204a40","FUN_00204a40",tail
"00204a40","FUN_00204a40","00204ae4","00204a40","FUN_00204a40",tail
"00204a40","FUN_00204a40","00204af4","00204a40","FUN_00204a40",tail
"00204a40","FUN_00204a40","00204b08","00204a40","FUN_00204a40",tail
"00204a40","FUN_00204a40","00204b3c","00118a80","FlushCache",direct
"00204a40","FUN_00204a40","00204b5c","0020b618","FUN_0020b618",direct
"00204a40","FUN_00204a40","00204b64","00118a80","FlushCache",direct
"00204a40","FUN_00204a40","00204bb4","00203338","FUN_00203338",direct
"00204a40","FUN_00204a40","00204be4","00204a40","FUN_00204a40",tail
"00204a40","FUN_00204a40","00204c14","00204a40","FUN_00204a40",tail
"00204a40","FUN_00204a40","00204c54","00204a40","FUN_00204a40",tail
"00204a40","FUN_00204a40","00204c64","00204a40","FUN_00204a40",tail
"00204a40","FUN_00204a40","00204c74","00204a40","FUN_00204a40",tail
"00204a40","FUN_00204a40","00204cac","00204a40","FUN_00204a40",tail
"00204a40","FUN_00204a40","00204cb8","00204a40","FUN_00204a40",tail
"00204cf0","FUN_00204cf0","00204d10","001f97a0","FUN_001f97a0",direct
"00204cf0","FUN_00204cf0","00204d1c","001f97a0","FUN_001f97a0",direct
"00204cf0","FUN_00204cf0","00204dcc","00204cf0","FUN_00204cf0",tail
"00204e30","FUN_00204e30","00204eac","00204e30","FUN_00204e30",tail
"00204ef8","FUN_00204ef8","00204f28","00204ef8","FUN_00204ef8",tail
"00204ef8","FUN_00204ef8","00204f34","00204ef8","FUN_00204ef8",tail
"00204ef8","FUN_00204ef8","00204f4c","00204ef8","FUN_00204ef8",tail
"00204f60","FUN_00204f60","00204f6c","00204ef8","FUN_00204ef8",direct
"00204f60","FUN_00204f60","00204f78","00204f60","FUN_00204f60",tail
"00204f60","FUN_00204f60","00204f94","00204f60","FUN_00204f60",tail
"00204f60","FUN_00204f60","00204fa0","00204f60","FUN_00204f60",tail
"00204f60","FUN_00204f60","00204fb0","00204f60","FUN_00204f60",tail
"00204f60","FUN_00204f60","00204fc8","00204f60","FUN_00204f60",tail
"00204f60","FUN_00204f60","00204fd8","00204f60","FUN_00204f60",tail
"00204f60","FUN_00204f60","00204fe4","00205000","FUN_00205000",direct
"00205000","FUN_00205000","0020504c","001f98d0","FUN_001f98d0",direct
"002050a0","FUN_002050a0","002050b4","002050a0","FUN_002050a0",tail
"002050a0","FUN_002050a0","002050c0","002050a0","FUN_002050a0",tail
"002050a0","FUN_002050a0","002050d4","002050a0","FUN_002050a0",tail
"002050e8","FUN_002050e8","0020512c","002050a0","FUN_002050a0",direct
"002050e8","FUN_002050e8","00205138","002050e8","FUN_002050e8",tail
"002050e8","FUN_002050e8","00205140","002050e8","FUN_002050e8",tail
"002050e8","FUN_002050e8","0020514c","002050e8","FUN_002050e8",tail
"002050e8","FUN_002050e8","00205160","002050e8","FUN_002050e8",tail
"002050e8","FUN_002050e8","00205184","002050e8","FUN_002050e8",tail
"002050e8","FUN_002050e8","002051a0","002050e8","FUN_002050e8",tail
"002050e8","FUN_002050e8","002051a8","002050e8","FUN_002050e8",tail
"002050e8","FUN_002050e8","002051bc","002050e8","FUN_002050e8",tail
"002050e8","FUN_002050e8","002051c8","002050a0","FUN_002050a0",direct
"002050e8","FUN_002050e8","002051d0","002050e8","FUN_002050e8",tail
"002050e8","FUN_002050e8","002051ec","002050e8","FUN_002050e8",tail
"00205220","FUN_00205220","0020522c","00205220","FUN_00205220",tail
"00205220","FUN_00205220","00205240","00205220","FUN_00205220",tail
"00205220","FUN_00205220","00205258","00205220","FUN_00205220",tail
"00205220","FUN_00205220","00205264","00205220","FUN_00205220",tail
"00205278","FUN_00205278","002052b4","00205278","FUN_00205278",tail
"00205278","FUN_00205278","002052d4","00205278","FUN_00205278",tail
"00205278","FUN_00205278","002052e0","00205278","FUN_00205278",tail
"00205278","FUN_00205278","002052ec","00205278","FUN_00205278",tail
"00205278","FUN_00205278","002052f8","00205278","FUN_00205278",tail
"00205278","FUN_00205278","00205304","00205220","FUN_00205220",direct
"00205278","FUN_00205278","00205314","00205278","FUN_00205278",tail
"00205278","FUN_00205278","0020531c","00205278","FUN_00205278",tail
"00205278","FUN_00205278","00205334","00205278","FUN_00205278",tail
"00205278","FUN_00205278","00205340","00205278","FUN_00205278",tail
"00205278","FUN_00205278","0020534c","00205278","FUN_00205278",tail
"00205278","FUN_00205278","00205354","00205220","FUN_00205220",direct
"00205278","FUN_00205278","0020535c","001f99a8","FUN_001f99a8",direct
"00205278","FUN_00205278","0020536c","00205278","FUN_00205278",tail
"00205278","FUN_00205278","00205384","00205278","FUN_00205278",tail
"002053d8","FUN_002053d8","002053fc","002053d8","FUN_002053d8",tail
"002053d8","FUN_002053d8","00205404","002053d8","FUN_002053d8",tail
"002053d8","FUN_002053d8","0020541c","002053d8","FUN_002053d8",tail
"002053d8","FUN_002053d8","0020542c","002053d8","FUN_002053d8",tail
"00205440","FUN_00205440","00205448","00208810","FUN_00208810",direct
"00205440","FUN_00205440","00205460","00205440","FUN_00205440",tail
"00205440","FUN_00205440","00205474","00205440","FUN_00205440",tail
"00205440","FUN_00205440","00205480","00205440","FUN_00205440",tail
"00205440","FUN_00205440","002054dc","00205440","FUN_00205440",tail
"00205440","FUN_00205440","00205508","00205440","FUN_00205440",tail
"00205440","FUN_00205440","002055d0","00205440","FUN_00205440",tail
"00205440","FUN_00205440","002055f0","00205440","FUN_00205440",tail
"00205440","FUN_00205440","0020560c","00205440","FUN_00205440",tail
"00205440","FUN_00205440","00205628","00205440","FUN_00205440",tail
"00205640","FUN_00205640","00205694","00205640","FUN_00205640",tail
"00205640","FUN_00205640","002056a4","001f4280","FUN_001f4280",direct
"00205640","FUN_00205640","002056c8","001f0c50","FUN_001f0c50",direct
"00205640","FUN_00205640","002056d0","001f4398","FUN_001f4398",direct
"00205640","FUN_00205640","002056d8","00205640","FUN_00205640",tail
"00205640","FUN_00205640","002056e0","00205640","FUN_00205640",tail
"00205640","FUN_00205640","002056ec","001f4280","FUN_001f4280",direct
"00205640","FUN_00205640","00205808","00205640","FUN_00205640",tail
"00205640","FUN_00205640","00205860","00233980","FUN_00233980",direct
"00205640","FUN_00205640","0020586c","00233980","FUN_00233980",direct
"00205640","FUN_00205640","002058c0","001ff960","FUN_001ff960",direct
"00205640","FUN_00205640","002058c8","001ffa10","FUN_001ffa10",direct
"00205640","FUN_00205640","002059a4","00233980","FUN_00233980",direct
"00205640","FUN_00205640","002059b0","00233980","FUN_00233980",direct
"00205640","FUN_00205640","00205b14","00233980","FUN_00233980",direct
"00205640","FUN_00205640","00205b20","00205640","FUN_00205640",tail
"00205640","FUN_00205640","00205b2c","00205640","FUN_00205640",tail
"00205640","FUN_00205640","00205b5c","00205640","FUN_00205640",tail
"00205640","FUN_00205640","00205bec","00200e08","FUN_00200e08",direct
"00205640","FUN_00205640","00205bf8","00205640","FUN_00205640",tail
"00205640","FUN_00205640","00205c0c","00205640","FUN_00205640",tail
"00205640","FUN_00205640","00205c48","00205640","FUN_00205640",tail
"00205640","FUN_00205640","00205c7c","00205640","FUN_00205640",tail
"00205640","FUN_00205640","00205c88","00205640","FUN_00205640",tail
"00205640","FUN_00205640","00205c98","00205640","FUN_00205640",tail
"00205640","FUN_00205640","00205cac","00205640","FUN_00205640",tail
"00205640","FUN_00205640","00205cbc","001ff960","FUN_001ff960",direct
"00205640","FUN_00205640","00205d4c","00205640","FUN_00205640",tail
"00205640","FUN_00205640","00205d60","00205640","FUN_00205640",tail
"00205640","FUN_00205640","00205e44","00205640","FUN_00205640",tail
"00205640","FUN_00205640","00205e60","00205640","FUN_00205640",tail
"00205640","FUN_00205640","00205e84","00205640","FUN_00205640",tail
"00205640","FUN_00205640","00205e90","00205640","FUN_00205640",tail
"00205640","FUN_00205640","00205ea0","00205640","FUN_00205640",tail
"00205640","FUN_00205640","00205eb8","00205640","FUN_00205640",tail
"00205640","FUN_00205640","00205eec","00205640","FUN_00205640",tail
"00205640","FUN_00205640","00205f00","00205640","FUN_00205640",tail
"00205640","FUN_00205640","00205f14","00205640","FUN_00205640",tail
"00205640","FUN_00205640","00205f28","00205640","FUN_00205640",tail
"00205640","FUN_00205640","00205f3c","00205640","FUN_00205640",tail
"00205640","FUN_00205640","00205f48","00205640","FUN_00205640",tail
"00205640","FUN_00205640","00205f58","00205640","FUN_00205640",tail
"00205640","FUN_00205640","00205f70","00205640","FUN_00205640",tail
"00205640","FUN_00205640","00205f7c","00205640","FUN_00205640",tail
"00205640","FUN_00205640","00205f88","00205640","FUN_00205640",tail
"00205640","FUN_00205640","00205f94","00205640","FUN_00205640",tail
"00205640","FUN_00205640","00205fa0","00205640","FUN_00205640",tail
"00205640","FUN_00205640","00205fac","00205640","FUN_00205640",tail
"00205640","FUN_00205640","00205fb8","00205640","FUN_00205640",tail
"00205640","FUN_00205640","00205fc0","00205640","FUN_00205640",tail
"00205640","FUN_00205640","00205fcc","00205640","FUN_00205640",tail
"00205640","FUN_00205640","00206050","00205640","FUN_00205640",tail
"00205640","FUN_00205640","00206070","00205640","FUN_00205640",tail
"00205640","FUN_00205640","00206090","00205640","FUN_00205640",tail
"00205640","FUN_00205640","002060bc","00205640","FUN_00205640",tail
"00205640","FUN_00205640","002060cc","00205640","FUN_00205640",tail
"00205640","FUN_00205640","002060d8","00205640","FUN_00205640",tail
"00205640","FUN_00205640","002060e4","00205640","FUN_00205640",tail
"00205640","FUN_00205640","00206110","00200e08","FUN_00200e08",direct
"00205640","FUN_00205640","00206128","00205640","FUN_00205640",tail
"00205640","FUN_00205640","00206140","00205640","FUN_00205640",tail
"00205640","FUN_00205640","00206164","00205640","FUN_00205640",tail
"00205640","FUN_00205640","00206180","00205640","FUN_00205640",tail
"00205640","FUN_00205640","00206198","001fa580","FUN_001fa580",direct
"00205640","FUN_00205640","002061f0","00205640","FUN_00205640",tail
"00205640","FUN_00205640","00206204","001fa580","FUN_001fa580",direct
"00205640","FUN_00205640","0020625c","00205640","FUN_00205640",tail
"00205640","FUN_00205640","00206270","001fa580","FUN_001fa580",direct
"00205640","FUN_00205640","002062c8","001ff960","FUN_001ff960",direct
"00205640","FUN_00205640","002062d0","001ffa10","FUN_001ffa10",direct
"00205640","FUN_00205640","002062f4","00200600","FUN_00200600",direct
"00205640","FUN_00205640","002062fc","00205640","FUN_00205640",tail
"00205640","FUN_00205640","00206308","001ff960","FUN_001ff960",direct
"00205640","FUN_00205640","0020632c","00200080","FUN_00200080",direct
"00205640","FUN_00205640","00206344","00205640","FUN_00205640",tail
"00205640","FUN_00205640","00206360","00205640","FUN_00205640",tail
"00205640","FUN_00205640","00206384","00205640","FUN_00205640",tail
"00205640","FUN_00205640","0020638c","00205640","FUN_00205640",tail
"00205640","FUN_00205640","00206394","00205640","FUN_00205640",tail
"00205640","FUN_00205640","002063b4","00205640","FUN_00205640",tail
"00205640","FUN_00205640","002063d4","00205640","FUN_00205640",tail
"00205640","FUN_00205640","002063dc","00205640","FUN_00205640",tail
"00205640","FUN_00205640","00206418","001f5f18","FUN_001f5f18",direct
"00205640","FUN_00205640","00206424","00208280","FUN_00208280",direct
"00205640","FUN_00205640","00206434","001153fc","FUN_001153fc",direct
"00205640","FUN_00205640","0020648c","001f75f0","FUN_001f75f0",direct
"00205640","FUN_00205640","002064b4","00205640","FUN_00205640",tail
"00205640","FUN_00205640","002064d0","00205640","FUN_00205640",tail
"00205640","FUN_00205640","002064d8","001ff960","FUN_001ff960",direct
"00205640","FUN_00205640","00206534","00205640","FUN_00205640",tail
"00205640","FUN_00205640","00206548","001fa580","FUN_001fa580",direct
"00205640","FUN_00205640","00206558","00205640","FUN_00205640",tail
"00205640","FUN_00205640","00206570","00208408","FUN_00208408",direct
"00205640","FUN_00205640","00206584","001fa580","FUN_001fa580",direct
"00205640","FUN_00205640","0020658c","00205640","FUN_00205640",tail
"00205640","FUN_00205640","002065a4","00208408","FUN_00208408",direct
"00205640","FUN_00205640","00206618","00205640","FUN_00205640",tail
"00205640","FUN_00205640","00206630","001fa580","FUN_001fa580",direct
"00205640","FUN_00205640","0020663c","001fa5c8","FUN_001fa5c8",direct
"00205640","FUN_00205640","00206654","001ffa10","FUN_001ffa10",direct
"00205640","FUN_00205640","00206678","00200600","FUN_00200600",direct
"00205640","FUN_00205640","00206680","001f4398","FUN_001f4398",direct
"00205640","FUN_00205640","00206694","00205640","FUN_00205640",tail
"00205640","FUN_00205640","0020669c","001f4280","FUN_001f4280",direct
"00205640","FUN_00205640","002066b0","00208508","FUN_00208508",direct
"00205640","FUN_00205640","002066b8","001f4398","FUN_001f4398",direct
"00206710","FUN_00206710","00206768","00206860","FUN_00206860",direct
"00206710","FUN_00206710","002067dc","00206710","FUN_00206710",tail
"00206710","FUN_00206710","002067e4","00206710","FUN_00206710",tail
"00206710","FUN_00206710","002067f0","00206710","FUN_00206710",tail
"00206710","FUN_00206710","002067f8","00206710","FUN_00206710",tail
"00206710","FUN_00206710","0020680c","00206710","FUN_00206710",tail
"00206710","FUN_00206710","0020681c","00206710","FUN_00206710",tail
"00206710","FUN_00206710","0020682c","00206710","FUN_00206710",tail
"00206860","FUN_00206860","00206864","00206860","FUN_00206860",tail
"00206860","FUN_00206860","00206878","00206860","FUN_00206860",tail
"00206860","FUN_00206860","00206894","00206860","FUN_00206860",tail
"00206860","FUN_00206860","002068b0","00206860","FUN_00206860",tail
"00206860","FUN_00206860","002068d4","00206860","FUN_00206860",tail
"00206860","FUN_00206860","002068dc","00206860","FUN_00206860",tail
"00206860","FUN_00206860","00206908","00206860","FUN_00206860",tail
"00206860","FUN_00206860","00206928","00206860","FUN_00206860",tail
"00206860","FUN_00206860","00206944","00206860","FUN_00206860",tail
"00206860","FUN_00206860","0020694c","00206860","FUN_00206860",tail
"00206860","FUN_00206860","00206968","00206860","FUN_00206860",tail
"00206978","FUN_00206978","0020698c","00208818","FUN_00208818",direct
"00206bd8","FUN_00206bd8","00206c14","00208818","FUN_00208818",direct
"00206bd8","FUN_00206bd8","00206c1c","00206bd8","FUN_00206bd8",tail
"00206bd8","FUN_00206bd8","00206c34","00208818","FUN_00208818",direct
"00206bd8","FUN_00206bd8","00206c3c","00206bd8","FUN_00206bd8",tail
"00206bd8","FUN_00206bd8","00206c54","00208818","FUN_00208818",direct
"00206bd8","FUN_00206bd8","00206c5c","00206bd8","FUN_00206bd8",tail
"00206bd8","FUN_00206bd8","00206c7c","00206bd8","FUN_00206bd8",tail
"00206bd8","FUN_00206bd8","00206c84","00206bd8","FUN_00206bd8",tail
"00206bd8","FUN_00206bd8","00206c9c","00208818","FUN_00208818",direct
"00206bd8","FUN_00206bd8","00206ca4","00206bd8","FUN_00206bd8",tail
"00206bd8","FUN_00206bd8","00206cdc","001f9b80","FUN_001f9b80",direct
"00206bd8","FUN_00206bd8","00206cf8","00206bd8","FUN_00206bd8",tail
"00206bd8","FUN_00206bd8","00206d14","00208818","FUN_00208818",direct
"00206bd8","FUN_00206bd8","00206d1c","00206bd8","FUN_00206bd8",tail
"00206bd8","FUN_00206bd8","00206d28","00206bd8","FUN_00206bd8",tail
"00206bd8","FUN_00206bd8","00206d44","00206bd8","FUN_00206bd8",tail
"00206bd8","FUN_00206bd8","00206d54","00206bd8","FUN_00206bd8",tail
"00206bd8","FUN_00206bd8","00206d60","00206bd8","FUN_00206bd8",tail
"00206bd8","FUN_00206bd8","00206d78","00208818","FUN_00208818",direct
"00206bd8","FUN_00206bd8","00206d80","00206bd8","FUN_00206bd8",tail
"00206bd8","FUN_00206bd8","00206d98","00208818","FUN_00208818",direct
"00206bd8","FUN_00206bd8","00206da0","00206bd8","FUN_00206bd8",tail
"00206bd8","FUN_00206bd8","00206db8","00208818","FUN_00208818",direct
"00206bd8","FUN_00206bd8","00206dc0","00206bd8","FUN_00206bd8",tail
"00206bd8","FUN_00206bd8","00206dd8","00208818","FUN_00208818",direct
"00206bd8","FUN_00206bd8","00206de8","00206bd8","FUN_00206bd8",tail
"00206e18","FUN_00206e18","00206e50","00206e18","FUN_00206e18",tail
"00206e18","FUN_00206e18","00206e60","00206e18","FUN_00206e18",tail
"00206e18","FUN_00206e18","00206e80","00208818","FUN_00208818",direct
"00206e18","FUN_00206e18","00206e88","00206e18","FUN_00206e18",tail
"00206e18","FUN_00206e18","00206e90","00206e18","FUN_00206e18",tail
"00206e18","FUN_00206e18","00206e9c","00206e18","FUN_00206e18",tail
"00206e18","FUN_00206e18","00206ebc","00206e18","FUN_00206e18",tail
"00206e18","FUN_00206e18","00206ec4","00206e18","FUN_00206e18",tail
"00206e18","FUN_00206e18","00206edc","00208818","FUN_00208818",direct
"00206e18","FUN_00206e18","00206ee4","00206e18","FUN_00206e18",tail
"00206e18","FUN_00206e18","00206efc","00208818","FUN_00208818",direct
"00206e18","FUN_00206e18","00206f04","00206e18","FUN_00206e18",tail
"00206e18","FUN_00206e18","00206f1c","00208818","FUN_00208818",direct
"00206e18","FUN_00206e18","00206f28","00206e18","FUN_00206e18",tail
"00206f50","FUN_00206f50","00206f6c","00206f50","FUN_00206f50",tail
"00206f50","FUN_00206f50","00206f80","00208818","FUN_00208818",direct
"00206f50","FUN_00206f50","00206f88","00206f50","FUN_00206f50",tail
"00206f50","FUN_00206f50","00206fa0","00208818","FUN_00208818",direct
"00206f50","FUN_00206f50","00206fa8","00206f50","FUN_00206f50",tail
"00206f50","FUN_00206f50","00206fc0","00208818","FUN_00208818",direct
"00206f50","FUN_00206f50","00206fc8","00206f50","FUN_00206f50",tail
"00206f50","FUN_00206f50","00206fe0","00208818","FUN_00208818",direct
"00206f50","FUN_00206f50","00206fec","00206f50","FUN_00206f50",tail
"00206f50","FUN_00206f50","00206ff4","00206f50","FUN_00206f50",tail
"00206f50","FUN_00206f50","00207010","00208818","FUN_00208818",direct
"00206f50","FUN_00206f50","00207030","00208818","FUN_00208818",direct
"00206f50","FUN_00206f50","00207038","00206f50","FUN_00206f50",tail
"00206f50","FUN_00206f50","00207040","00206f50","FUN_00206f50",tail
"00206f50","FUN_00206f50","00207058","00208818","FUN_00208818",direct
"00206f50","FUN_00206f50","00207078","00208818","FUN_00208818",direct
"00206f50","FUN_00206f50","00207080","00206f50","FUN_00206f50",tail
"00206f50","FUN_00206f50","00207088","00206f50","FUN_00206f50",tail
"00206f50","FUN_00206f50","00207090","00206f50","FUN_00206f50",tail
"00206f50","FUN_00206f50","002070a8","00208818","FUN_00208818",direct
"00206f50","FUN_00206f50","002070c8","00208818","FUN_00208818",direct
"00206f50","FUN_00206f50","002070d0","00206f50","FUN_00206f50",tail
"00206f50","FUN_00206f50","002070d8","00206f50","FUN_00206f50",tail
"00207100","FUN_00207100","00207108","00207100","FUN_00207100",tail
"00207100","FUN_00207100","00207124","00207100","FUN_00207100",tail
"00207100","FUN_00207100","00207134","00207100","FUN_00207100",tail
"00207100","FUN_00207100","00207140","00207100","FUN_00207100",tail
"00207100","FUN_00207100","00207150","00207100","FUN_00207100",tail
"00207100","FUN_00207100","0020716c","00207100","FUN_00207100",tail
"00207100","FUN_00207100","00207188","00207100","FUN_00207100",tail
"00207100","FUN_00207100","00207198","00208818","FUN_00208818",direct
"00207100","FUN_00207100","002071a8","00207100","FUN_00207100",tail
"002071c0","FUN_002071c0","002071e8","00208818","FUN_00208818",direct
"002071c0","FUN_002071c0","00207208","00208818","FUN_00208818",direct
"002071c0","FUN_002071c0","0020721c","002071c0","FUN_002071c0",tail
"002071c0","FUN_002071c0","00207224","002071c0","FUN_002071c0",tail
"002071c0","FUN_002071c0","0020722c","002071c0","FUN_002071c0",tail
"00207300","FUN_00207300","00207320","00207300","FUN_00207300",tail
"00207300","FUN_00207300","00207330","00207300","FUN_00207300",tail
"00207300","FUN_00207300","00207340","00207300","FUN_00207300",tail
"00207300","FUN_00207300","00207350","00207300","FUN_00207300",tail
"00207300","FUN_00207300","00207370","00207300","FUN_00207300",tail
"00207300","FUN_00207300","00207378","00207300","FUN_00207300",tail
"00207300","FUN_00207300","00207380","00207300","FUN_00207300",tail
"00207300","FUN_00207300","00207394","00208818","FUN_00208818",direct
"002073b8","FUN_002073b8","002073e4","002073b8","FUN_002073b8",tail
"002073b8","FUN_002073b8","002073f4","002073b8","FUN_002073b8",tail
"002073b8","FUN_002073b8","00207400","002073b8","FUN_002073b8",tail
"002073b8","FUN_002073b8","0020741c","002073b8","FUN_002073b8",tail
"002073b8","FUN_002073b8","00207438","00208818","FUN_00208818",direct
"002073b8","FUN_002073b8","00207440","002073b8","FUN_002073b8",tail
"002073b8","FUN_002073b8","0020745c","00208818","FUN_00208818",direct
"00207a18","FUN_00207a18","00207a24","00207a18","FUN_00207a18",tail
"00207a18","FUN_00207a18","00207a78","001f9b80","FUN_001f9b80",direct
"00207a18","FUN_00207a18","00207a94","00207a18","FUN_00207a18",tail
"00207a18","FUN_00207a18","00207a9c","00207a18","FUN_00207a18",tail
"00207b08","FUN_00207b08","00207b18","00208810","FUN_00208810",direct
"00207b08","FUN_00207b08","00207b2c","00207b08","FUN_00207b08",tail
"00207b08","FUN_00207b08","00207b3c","001f97e8","FUN_001f97e8",direct
"00207b08","FUN_00207b08","00207b44","00207b08","FUN_00207b08",tail
"00207b08","FUN_00207b08","00207b54","001fa860","FUN_001fa860",direct
"00207b08","FUN_00207b08","00207b64","00207b08","FUN_00207b08",tail
"00207b08","FUN_00207b08","00207b6c","00208030","FUN_00208030",direct
"00207b08","FUN_00207b08","00207b94","00207b08","FUN_00207b08",tail
"00207bb0","FUN_00207bb0","00207bcc","00208810","FUN_00208810",direct
"00207bb0","FUN_00207bb0","00207bdc","00207bb0","FUN_00207bb0",tail
"00207bb0","FUN_00207bb0","00207bec","00207bb0","FUN_00207bb0",tail
"00207bb0","FUN_00207bb0","00207bf8","00207c28","FUN_00207c28",direct
"00207bb0","FUN_00207bb0","00207c00","00207bb0","FUN_00207bb0",tail
"00207bb0","FUN_00207bb0","00207c08","00207e58","FUN_00207e58",direct
"00207c28","FUN_00207c28","00207c8c","001f97e8","FUN_001f97e8",direct
"00207c28","FUN_00207c28","00207cac","00207c28","FUN_00207c28",tail
"00207c28","FUN_00207c28","00207cbc","00207c28","FUN_00207c28",tail
"00207c28","FUN_00207c28","00207cdc","00207c28","FUN_00207c28",tail
"00207c28","FUN_00207c28","00207cec","00207c28","FUN_00207c28",tail
"00207c28","FUN_00207c28","00207cf8","00207c28","FUN_00207c28",tail
"00207c28","FUN_00207c28","00207da4","00207c28","FUN_00207c28",tail
"00207c28","FUN_00207c28","00207db8","001f98d0","FUN_001f98d0",direct
"00207c28","FUN_00207c28","00207dc0","00207c28","FUN_00207c28",tail
"00207c28","FUN_00207c28","00207dd0","001f97e8","FUN_001f97e8",direct
"00207c28","FUN_00207c28","00207de4","00207c28","FUN_00207c28",tail
"00207c28","FUN_00207c28","00207e04","00207c28","FUN_00207c28",tail
"00207c28","FUN_00207c28","00207e18","001f97e8","FUN_001f97e8",direct
"00207c28","FUN_00207c28","00207e20","00207c28","FUN_00207c28",tail
"00207e58","FUN_00207e58","00207ea4","00207e58","FUN_00207e58",tail
"00207e58","FUN_00207e58","00207eb4","00207e58","FUN_00207e58",tail
"00207e58","FUN_00207e58","00207ecc","00207e58","FUN_00207e58",tail
"00207e58","FUN_00207e58","00207ee4","00207e58","FUN_00207e58",tail
"00207e58","FUN_00207e58","00207efc","00207e58","FUN_00207e58",tail
"00207e58","FUN_00207e58","00207f14","00207e58","FUN_00207e58",tail
"00207e58","FUN_00207e58","00207f2c","00207e58","FUN_00207e58",tail
"00207e58","FUN_00207e58","00207f44","00207e58","FUN_00207e58",tail
"00207e58","FUN_00207e58","00207f5c","00207e58","FUN_00207e58",tail
"00207e58","FUN_00207e58","00207f9c","00207e58","FUN_00207e58",tail
"00207e58","FUN_00207e58","00207fb0","001f98d0","FUN_001f98d0",direct
"00207e58","FUN_00207e58","00207fc4","001f98d0","FUN_001f98d0",direct
"00207e58","FUN_00207e58","00207fd8","001f98d0","FUN_001f98d0",direct
"00207e58","FUN_00207e58","00207fec","001f98d0","FUN_001f98d0",direct
"00207e58","FUN_00207e58","00207ffc","00207e58","FUN_00207e58",tail
"00208030","FUN_00208030","002080f0","00208030","FUN_00208030",tail
"00208030","FUN_00208030","00208100","001f97e8","FUN_001f97e8",direct
"00208030","FUN_00208030","00208164","00208030","FUN_00208030",tail
"00208030","FUN_00208030","00208184","00208030","FUN_00208030",tail
"00208030","FUN_00208030","002081a8","00208030","FUN_00208030",tail
"00208030","FUN_00208030","002081b0","00208030","FUN_00208030",tail
"00208030","FUN_00208030","002081dc","00208030","FUN_00208030",tail
"00208030","FUN_00208030","00208238","00208030","FUN_00208030",tail
"00208030","FUN_00208030","00208248","00208030","FUN_00208030",tail
"00208280","FUN_00208280","002082b8","001fdd10","FUN_001fdd10",direct
"00208280","FUN_00208280","002082c8","00208280","FUN_00208280",tail
"00208280","FUN_00208280","002082d8","00208280","FUN_00208280",tail
"00208280","FUN_00208280","002082e0","00208280","FUN_00208280",tail
"00208280","FUN_00208280","002082fc","00208280","FUN_00208280",tail
"00208280","FUN_00208280","00208304","00208280","FUN_00208280",tail
"00208280","FUN_00208280","00208310","00208280","FUN_00208280",tail
"00208280","FUN_00208280","0020831c","00208280","FUN_00208280",tail
"00208280","FUN_00208280","0020832c","00208280","FUN_00208280",tail
"00208280","FUN_00208280","0020836c","00116248","FUN_00116248",direct
"00208280","FUN_00208280","00208374","00208280","FUN_00208280",tail
"00208280","FUN_00208280","00208380","00116248","FUN_00116248",direct
"00208280","FUN_00208280","0020838c","00208280","FUN_00208280",tail
"00208280","FUN_00208280","002083ac","00208280","FUN_00208280",tail
"00208280","FUN_00208280","002083b8","00208280","FUN_00208280",tail
"00208280","FUN_00208280","002083d4","00208280","FUN_00208280",tail
"00208408","FUN_00208408","00208414","00208408","FUN_00208408",tail
"00208408","FUN_00208408","0020844c","00208408","FUN_00208408",tail
"00208408","FUN_00208408","00208454","00208408","FUN_00208408",tail
"00208508","FUN_00208508","00208558","00208508","FUN_00208508",tail
"00208508","FUN_00208508","00208584","00208408","FUN_00208408",direct
"00208508","FUN_00208508","002085dc","00208508","FUN_00208508",tail
"00208508","FUN_00208508","002085e8","00208508","FUN_00208508",tail
"00208508","FUN_00208508","002085f4","00208508","FUN_00208508",tail
"00208508","FUN_00208508","002085fc","00208508","FUN_00208508",tail
"00208508","FUN_00208508","00208608","00208508","FUN_00208508",tail
"00208508","FUN_00208508","00208624","00200e08","FUN_00200e08",direct
"00208508","FUN_00208508","0020862c","00208508","FUN_00208508",tail
"00208508","FUN_00208508","00208634","001ff960","FUN_001ff960",direct
"00208508","FUN_00208508","00208728","00200080","FUN_00200080",direct
"00208508","FUN_00208508","00208738","00208508","FUN_00208508",tail
"00208770","FUN_00208770","0020877c","00208770","FUN_00208770",tail
"00208770","FUN_00208770","002087a8","00208770","FUN_00208770",tail
"00208770","FUN_00208770","002087d4","00208770","FUN_00208770",tail
"00208770","FUN_00208770","002087fc","00208770","FUN_00208770",tail
"00208840","FUN_00208840","00208884","00208840","FUN_00208840",tail
"00208f28","FUN_00208f28","00208f40","00208f28","FUN_00208f28",tail
"00208f28","FUN_00208f28","00208f4c","00208f28","FUN_00208f28",tail
"00208f28","FUN_00208f28","00208f58","00208f28","FUN_00208f28",tail
"00208f28","FUN_00208f28","00208f60","001fbab8","FUN_001fbab8",direct
"00208f28","FUN_00208f28","00208f80","00208f28","FUN_00208f28",tail
"00209030","FUN_00209030","0020904c","00209030","FUN_00209030",tail
"00209030","FUN_00209030","0020907c","00209030","FUN_00209030",tail
"00209030","FUN_00209030","002090a4","00209030","FUN_00209030",tail
"00209030","FUN_00209030","002090cc","00209030","FUN_00209030",tail
"00209030","FUN_00209030","002090e8","00116808","FUN_00116808",direct
"00209030","FUN_00209030","00209100","00116808","FUN_00116808",direct
"00209030","FUN_00209030","00209114","00116808","FUN_00116808",direct
"00209030","FUN_00209030","00209124","00116808","FUN_00116808",direct
"00209030","FUN_00209030","00209134","00116808","FUN_00116808",direct
"00209030","FUN_00209030","00209148","00116808","FUN_00116808",direct
"00209168","FUN_00209168","00209194","00123d68","FUN_00123d68",direct
"00209168","FUN_00209168","002091a4","00209168","FUN_00209168",tail
"00209168","FUN_00209168","002091b0","00122298","FUN_00122298",direct
"00209168","FUN_00209168","002091c4","00123c30","FUN_00123c30",direct
"00209168","FUN_00209168","002091cc","00209168","FUN_00209168",tail
"00209168","FUN_00209168","002091dc","00209168","FUN_00209168",tail
"00209168","FUN_00209168","002091e4","00209168","FUN_00209168",tail
"00209168","FUN_00209168","002091ec","00209168","FUN_00209168",tail
"00209168","FUN_00209168","002091f4","00209168","FUN_00209168",tail
"00209168","FUN_00209168","00209200","00209168","FUN_00209168",tail
"00209168","FUN_00209168","0020920c","00209168","FUN_00209168",tail
"00209168","FUN_00209168","00209228","00123ef0","FUN_00123ef0",direct
"00209168","FUN_00209168","00209238","00209168","FUN_00209168",tail
"00209168","FUN_00209168","00209240","00122298","FUN_00122298",direct
"00209168","FUN_00209168","00209250","00123c30","FUN_00123c30",direct
"00209168","FUN_00209168","00209258","00209168","FUN_00209168",tail
"00209168","FUN_00209168","00209260","00209168","FUN_00209168",tail
"00209168","FUN_00209168","00209270","00209168","FUN_00209168",tail
"00209298","FUN_00209298","002092c8","0020ac88","FUN_0020ac88",direct
"00209298","FUN_00209298","002092d8","0020ac88","FUN_0020ac88",direct
"00209298","FUN_00209298","002092e4","00209298","FUN_00209298",tail
"00209298","FUN_00209298","002092f0","00209298","FUN_00209298",tail
"00209298","FUN_00209298","002092fc","001e93b0","FUN_001e93b0",direct
"00209298","FUN_00209298","00209304","00209298","FUN_00209298",tail
"00209298","FUN_00209298","00209318","0020af20","FUN_0020af20",direct
"00209298","FUN_00209298","00209334","0020af20","FUN_0020af20",direct
"00209298","FUN_00209298","00209340","00209298","FUN_00209298",tail
"00209370","FUN_00209370","00209390","001fd6e0","FUN_001fd6e0",direct
"00209370","FUN_00209370","00209398","002168a8","FUN_002168a8",direct
"00209370","FUN_00209370","002093a8","00216828","FUN_00216828",direct
"00209370","FUN_00209370","002093b8","00209298","FUN_00209298",direct
"002093d8","FUN_002093d8","002093fc","002093d8","FUN_002093d8",tail
"002093d8","FUN_002093d8","0020940c","00123c30","FUN_00123c30",direct
"002093d8","FUN_002093d8","00209418","002093d8","FUN_002093d8",tail
"002093d8","FUN_002093d8","0020942c","002093d8","FUN_002093d8",tail
"002093d8","FUN_002093d8","00209448","002093d8","FUN_002093d8",computed
"002093d8","FUN_002093d8","00209448","002093d8","FUN_002093d8",computed
"002093d8","FUN_002093d8","00209448","002093d8","FUN_002093d8",computed
"002093d8","FUN_002093d8","00209448","002093d8","FUN_002093d8",computed
"002093d8","FUN_002093d8","00209448","002093d8","FUN_002093d8",computed
"002093d8","FUN_002093d8","00209448","002093d8","FUN_002093d8",computed
"002093d8","FUN_002093d8","00209448","002093d8","FUN_002093d8",computed
"002093d8","FUN_002093d8","00209448","002093d8","FUN_002093d8",computed
"002093d8","FUN_002093d8","00209448","002093d8","FUN_002093d8",computed
"002093d8","FUN_002093d8","00209448","002093d8","FUN_002093d8",computed
"002093d8","FUN_002093d8","00209448","002093d8","FUN_002093d8",computed
"002093d8","FUN_002093d8","00209448","002093d8","FUN_002093d8",computed
"002093d8","FUN_002093d8","00209448","002093d8","FUN_002093d8",computed
"002093d8","FUN_002093d8","00209448","002093d8","FUN_002093d8",computed
"002093d8","FUN_002093d8","00209448","002093d8","FUN_002093d8",computed
"002093d8","FUN_002093d8","00209448","002093d8","FUN_002093d8",computed
"002093d8","FUN_002093d8","00209448","002093d8","FUN_002093d8",computed
"002093d8","FUN_002093d8","00209448","002093d8","FUN_002093d8",computed
"002093d8","FUN_002093d8","00209448","002093d8","FUN_002093d8",computed
"002093d8","FUN_002093d8","00209448","002093d8","FUN_002093d8",computed
"002093d8","FUN_002093d8","00209448","002093d8","FUN_002093d8",computed
"002093d8","FUN_002093d8","00209448","002093d8","FUN_002093d8",computed
"002093d8","FUN_002093d8","00209448","002093d8","FUN_002093d8",computed
"002093d8","FUN_002093d8","00209458","002093d8","FUN_002093d8",tail
"002093d8","FUN_002093d8","00209490","00123d68","FUN_00123d68",direct
"002093d8","FUN_002093d8","00209498","002093d8","FUN_002093d8",tail
"002093d8","FUN_002093d8","002094a4","002093d8","FUN_002093d8",tail
"002093d8","FUN_002093d8","002094b4","002093d8","FUN_002093d8",tail
"002093d8","FUN_002093d8","00209500","002093d8","FUN_002093d8",tail
"002093d8","FUN_002093d8","00209508","002093d8","FUN_002093d8",tail
"002093d8","FUN_002093d8","00209514","002093d8","FUN_002093d8",tail
"002093d8","FUN_002093d8","00209524","002093d8","FUN_002093d8",tail
"002093d8","FUN_002093d8","00209530","002093d8","FUN_002093d8",tail
"002093d8","FUN_002093d8","0020953c","002093d8","FUN_002093d8",tail
"002093d8","FUN_002093d8","0020954c","002093d8","FUN_002093d8",tail
"002093d8","FUN_002093d8","00209564","002093d8","FUN_002093d8",tail
"002093d8","FUN_002093d8","00209574","002093d8","FUN_002093d8",tail
"002093d8","FUN_002093d8","00209580","002093d8","FUN_002093d8",tail
"002093d8","FUN_002093d8","002095a0","002093d8","FUN_002093d8",tail
"002093d8","FUN_002093d8","002095b0","00124200","FUN_00124200",direct
"002093d8","FUN_002093d8","002095b8","002093d8","FUN_002093d8",tail
"002093d8","FUN_002093d8","002095c4","002093d8","FUN_002093d8",tail
"002093d8","FUN_002093d8","002095d4","002093d8","FUN_002093d8",tail
"002093d8","FUN_002093d8","002095dc","002093d8","FUN_002093d8",tail
"002093d8","FUN_002093d8","002095fc","002093d8","FUN_002093d8",tail
"002093d8","FUN_002093d8","0020960c","001243e8","FUN_001243e8",direct
"002093d8","FUN_002093d8","00209614","002093d8","FUN_002093d8",tail
"002093d8","FUN_002093d8","00209620","002093d8","FUN_002093d8",tail
"002093d8","FUN_002093d8","00209630","002093d8","FUN_002093d8",tail
"002093d8","FUN_002093d8","0020964c","002093d8","FUN_002093d8",tail
"002093d8","FUN_002093d8","0020967c","001240c0","FUN_001240c0",direct
"002093d8","FUN_002093d8","00209684","002093d8","FUN_002093d8",tail
"002093d8","FUN_002093d8","00209694","002093d8","FUN_002093d8",tail
"002093d8","FUN_002093d8","002096a8","002093d8","FUN_002093d8",tail
"002093d8","FUN_002093d8","002096c0","002093d8","FUN_002093d8",computed
"002093d8","FUN_002093d8","002096c0","002093d8","FUN_002093d8",computed
"002093d8","FUN_002093d8","002096c0","002093d8","FUN_002093d8",computed
"002093d8","FUN_002093d8","002096c0","002093d8","FUN_002093d8",computed
"002093d8","FUN_002093d8","002096c0","002093d8","FUN_002093d8",computed
"002093d8","FUN_002093d8","002096c0","002093d8","FUN_002093d8",computed
"002093d8","FUN_002093d8","002096d0","002093d8","FUN_002093d8",tail
"002093d8","FUN_002093d8","002096ec","002093d8","FUN_002093d8",tail
"002093d8","FUN_002093d8","00209704","002093d8","FUN_002093d8",tail
"002093d8","FUN_002093d8","00209724","002093d8","FUN_002093d8",tail
"002093d8","FUN_002093d8","00209730","002093d8","FUN_002093d8",tail
"002093d8","FUN_002093d8","00209738","002093d8","FUN_002093d8",tail
"002093d8","FUN_002093d8","00209748","002093d8","FUN_002093d8",tail
"002093d8","FUN_002093d8","0020975c","00116248","FUN_00116248",direct
"002093d8","FUN_002093d8","00209784","002093d8","FUN_002093d8",tail
"002093d8","FUN_002093d8","00209794","002093d8","FUN_002093d8",tail
"002093d8","FUN_002093d8","002097a0","002093d8","FUN_002093d8",tail
"002093d8","FUN_002093d8","002097cc","002093d8","FUN_002093d8",tail
"002093d8","FUN_002093d8","002097d8","002093d8","FUN_002093d8",tail
"002093d8","FUN_002093d8","002097e0","002093d8","FUN_002093d8",tail
"002093d8","FUN_002093d8","002097e8","002093d8","FUN_002093d8",tail
"002093d8","FUN_002093d8","002097f0","002093d8","FUN_002093d8",tail
"002093d8","FUN_002093d8","002097f8","002093d8","FUN_002093d8",tail
"002093d8","FUN_002093d8","00209800","002093d8","FUN_002093d8",tail
"002093d8","FUN_002093d8","00209808","002093d8","FUN_002093d8",tail
"002093d8","FUN_002093d8","00209834","00123930","FUN_00123930",direct
"002093d8","FUN_002093d8","0020983c","002093d8","FUN_002093d8",tail
"002093d8","FUN_002093d8","00209844","002093d8","FUN_002093d8",tail
"002093d8","FUN_002093d8","00209858","002093d8","FUN_002093d8",tail
"002093d8","FUN_002093d8","00209888","0020ac88","FUN_0020ac88",direct
"002093d8","FUN_002093d8","00209894","002093d8","FUN_002093d8",tail
"002093d8","FUN_002093d8","002098c8","0020ac88","FUN_0020ac88",direct
"002093d8","FUN_002093d8","002098d4","002093d8","FUN_002093d8",tail
"002093d8","FUN_002093d8","002098fc","002093d8","FUN_002093d8",tail
"002093d8","FUN_002093d8","00209920","002093d8","FUN_002093d8",tail
"002093d8","FUN_002093d8","00209930","00123710","FUN_00123710",direct
"002093d8","FUN_002093d8","00209938","002093d8","FUN_002093d8",tail
"002093d8","FUN_002093d8","00209940","002093d8","FUN_002093d8",tail
"002093d8","FUN_002093d8","0020994c","002093d8","FUN_002093d8",tail
"002093d8","FUN_002093d8","00209954","002093d8","FUN_002093d8",tail
"002093d8","FUN_002093d8","0020995c","002093d8","FUN_002093d8",tail
"002093d8","FUN_002093d8","00209964","002093d8","FUN_002093d8",tail
"002093d8","FUN_002093d8","0020996c","002093d8","FUN_002093d8",tail
"002093d8","FUN_002093d8","00209974","002093d8","FUN_002093d8",tail
"002093d8","FUN_002093d8","0020997c","002093d8","FUN_002093d8",tail
"002093d8","FUN_002093d8","00209988","00123710","FUN_00123710",direct
"002093d8","FUN_002093d8","00209990","002093d8","FUN_002093d8",tail
"002093d8","FUN_002093d8","00209998","002093d8","FUN_002093d8",tail
"002093d8","FUN_002093d8","002099d0","002093d8","FUN_002093d8",tail
"002093d8","FUN_002093d8","002099e8","002093d8","FUN_002093d8",computed
"002093d8","FUN_002093d8","002099e8","002093d8","FUN_002093d8",computed
"002093d8","FUN_002093d8","002099e8","002093d8","FUN_002093d8",computed
"002093d8","FUN_002093d8","002099e8","002093d8","FUN_002093d8",computed
"002093d8","FUN_002093d8","002099e8","002093d8","FUN_002093d8",computed
"002093d8","FUN_002093d8","002099e8","002093d8","FUN_002093d8",computed
"002093d8","FUN_002093d8","002099e8","002093d8","FUN_002093d8",computed
"002093d8","FUN_002093d8","002099e8","002093d8","FUN_002093d8",computed
"002093d8","FUN_002093d8","002099e8","002093d8","FUN_002093d8",computed
"002093d8","FUN_002093d8","002099e8","002093d8","FUN_002093d8",computed
"002093d8","FUN_002093d8","002099e8","002093d8","FUN_002093d8",computed
"002093d8","FUN_002093d8","00209a0c","002093d8","FUN_002093d8",tail
"002093d8","FUN_002093d8","00209a18","002093d8","FUN_002093d8",tail
"002093d8","FUN_002093d8","00209a24","002093d8","FUN_002093d8",tail
"002093d8","FUN_002093d8","00209a50","001236d8","FUN_001236d8",direct
"002093d8","FUN_002093d8","00209a58","002093d8","FUN_002093d8",tail
"002093d8","FUN_002093d8","00209a68","002093d8","FUN_002093d8",tail
"002093d8","FUN_002093d8","00209a70","002093d8","FUN_002093d8",tail
"002093d8","FUN_002093d8","00209a7c","002093d8","FUN_002093d8",tail
"002093d8","FUN_002093d8","00209a8c","002093d8","FUN_002093d8",tail
"002093d8","FUN_002093d8","00209a98","002093d8","FUN_002093d8",tail
"002093d8","FUN_002093d8","00209aa0","002093d8","FUN_002093d8",tail
"002093d8","FUN_002093d8","00209abc","001fd6e0","FUN_001fd6e0",direct
"002093d8","FUN_002093d8","00209acc","00216788","FUN_00216788",direct
"002093d8","FUN_002093d8","00209ad8","002093d8","FUN_002093d8",tail
"002093d8","FUN_002093d8","00209ae8","002093d8","FUN_002093d8",tail
"002093d8","FUN_002093d8","00209af8","002093d8","FUN_002093d8",tail
"002093d8","FUN_002093d8","00209b0c","002093d8","FUN_002093d8",tail
"002093d8","FUN_002093d8","00209b14","002093d8","FUN_002093d8",tail
"002093d8","FUN_002093d8","00209b1c","002093d8","FUN_002093d8",tail
"002093d8","FUN_002093d8","00209b24","002093d8","FUN_002093d8",tail
"002093d8","FUN_002093d8","00209b30","002093d8","FUN_002093d8",tail
"002093d8","FUN_002093d8","00209b38","002093d8","FUN_002093d8",tail
"002093d8","FUN_002093d8","00209b40","002093d8","FUN_002093d8",tail
"002093d8","FUN_002093d8","00209b50","001165b8","FUN_001165b8",direct
"002093d8","FUN_002093d8","00209b58","002093d8","FUN_002093d8",tail
"002093d8","FUN_002093d8","00209b68","001165b8","FUN_001165b8",direct
"002093d8","FUN_002093d8","00209b70","002093d8","FUN_002093d8",tail
"002093d8","FUN_002093d8","00209b80","001165b8","FUN_001165b8",direct
"002093d8","FUN_002093d8","00209b88","002093d8","FUN_002093d8",tail
"002093d8","FUN_002093d8","00209bac","00116248","FUN_00116248",direct
"002093d8","FUN_002093d8","00209bd8","001235b0","FUN_001235b0",direct
"002093d8","FUN_002093d8","00209be0","002093d8","FUN_002093d8",tail
"002093d8","FUN_002093d8","00209bf0","002093d8","FUN_002093d8",tail
"002093d8","FUN_002093d8","00209c00","002093d8","FUN_002093d8",tail
"002093d8","FUN_002093d8","00209c0c","002093d8","FUN_002093d8",tail
"002093d8","FUN_002093d8","00209c24","001fd6e0","FUN_001fd6e0",direct
"002093d8","FUN_002093d8","00209c34","002093d8","FUN_002093d8",tail
"002093d8","FUN_002093d8","00209c3c","002093d8","FUN_002093d8",tail
"002093d8","FUN_002093d8","00209c44","002093d8","FUN_002093d8",tail
"002093d8","FUN_002093d8","00209c4c","002093d8","FUN_002093d8",tail
"002093d8","FUN_002093d8","00209c58","002093d8","FUN_002093d8",tail
"002093d8","FUN_002093d8","00209c60","002093d8","FUN_002093d8",tail
"002093d8","FUN_002093d8","00209c68","002093d8","FUN_002093d8",tail
"002093d8","FUN_002093d8","00209c80","002093d8","FUN_002093d8",tail
"002093d8","FUN_002093d8","00209c9c","002093d8","FUN_002093d8",tail
"002093d8","FUN_002093d8","00209cac","002093d8","FUN_002093d8",tail
"002093d8","FUN_002093d8","00209cc8","002093d8","FUN_002093d8",tail
"002093d8","FUN_002093d8","00209cd4","0020ac88","FUN_0020ac88",direct
"002093d8","FUN_002093d8","00209ce4","0020ac88","FUN_0020ac88",direct
"002093d8","FUN_002093d8","00209d1c","00123a48","FUN_00123a48",direct
"002093d8","FUN_002093d8","00209d24","002093d8","FUN_002093d8",tail
"002093d8","FUN_002093d8","00209d2c","002093d8","FUN_002093d8",tail
"002093d8","FUN_002093d8","00209d40","002093d8","FUN_002093d8",tail
"002093d8","FUN_002093d8","00209d48","00123710","FUN_00123710",direct
"002093d8","FUN_002093d8","00209d50","002093d8","FUN_002093d8",tail
"002093d8","FUN_002093d8","00209d5c","002093d8","FUN_002093d8",tail
"002093d8","FUN_002093d8","00209d68","002093d8","FUN_002093d8",tail
"002093d8","FUN_002093d8","00209d70","002093d8","FUN_002093d8",tail
"002093d8","FUN_002093d8","00209d78","002093d8","FUN_002093d8",tail
"002093d8","FUN_002093d8","00209d80","002093d8","FUN_002093d8",tail
"002093d8","FUN_002093d8","00209d88","002093d8","FUN_002093d8",tail
"002093d8","FUN_002093d8","00209d94","002093d8","FUN_002093d8",tail
"002093d8","FUN_002093d8","00209da4","002093d8","FUN_002093d8",tail
"002093d8","FUN_002093d8","00209db4","002093d8","FUN_002093d8",tail
"002093d8","FUN_002093d8","00209dcc","002093d8","FUN_002093d8",tail
"002093d8","FUN_002093d8","00209dfc","002093d8","FUN_002093d8",tail
"002093d8","FUN_002093d8","00209e04","002093d8","FUN_002093d8",tail
"002093d8","FUN_002093d8","00209e0c","002093d8","FUN_002093d8",tail
"002093d8","FUN_002093d8","00209e20","002093d8","FUN_002093d8",tail
"002093d8","FUN_002093d8","00209e5c","002093d8","FUN_002093d8",tail
"002093d8","FUN_002093d8","00209e74","002093d8","FUN_002093d8",computed
"002093d8","FUN_002093d8","00209e74","002093d8","FUN_002093d8",computed
"002093d8","FUN_002093d8","00209e74","002093d8","FUN_002093d8",computed
"002093d8","FUN_002093d8","00209e74","002093d8","FUN_002093d8",computed
"002093d8","FUN_002093d8","00209e74","002093d8","FUN_002093d8",computed
"002093d8","FUN_002093d8","00209e9c","002093d8","FUN_002093d8",tail
"002093d8","FUN_002093d8","00209eb0","002093d8","FUN_002093d8",tail
"002093d8","FUN_002093d8","00209ecc","00116248","FUN_00116248",direct
"002093d8","FUN_002093d8","00209edc","001e93b0","FUN_001e93b0",direct
"002093d8","FUN_002093d8","00209f00","001242d0","FUN_001242d0",direct
"002093d8","FUN_002093d8","00209f08","002093d8","FUN_002093d8",tail
"002093d8","FUN_002093d8","00209f14","002093d8","FUN_002093d8",tail
"002093d8","FUN_002093d8","00209f1c","002093d8","FUN_002093d8",tail
"002093d8","FUN_002093d8","00209f28","002093d8","FUN_002093d8",tail
"002093d8","FUN_002093d8","00209f38","002093d8","FUN_002093d8",tail
"002093d8","FUN_002093d8","00209f44","002093d8","FUN_002093d8",tail
"002093d8","FUN_002093d8","00209f4c","002093d8","FUN_002093d8",tail
"002093d8","FUN_002093d8","00209f54","002093d8","FUN_002093d8",tail
"002093d8","FUN_002093d8","00209f60","002093d8","FUN_002093d8",tail
"002093d8","FUN_002093d8","00209f9c","00123ef0","FUN_00123ef0",direct
"002093d8","FUN_002093d8","00209fa4","002093d8","FUN_002093d8",tail
"002093d8","FUN_002093d8","00209fb0","002093d8","FUN_002093d8",tail
"002093d8","FUN_002093d8","00209fe0","001242d0","FUN_001242d0",direct
"002093d8","FUN_002093d8","00209fe8","002093d8","FUN_002093d8",tail
"002093d8","FUN_002093d8","00209ff8","001e93b0","FUN_001e93b0",direct
"002093d8","FUN_002093d8","0020a004","002093d8","FUN_002093d8",tail
"002093d8","FUN_002093d8","0020a014","002093d8","FUN_002093d8",tail
"002093d8","FUN_002093d8","0020a024","002093d8","FUN_002093d8",tail
"002093d8","FUN_002093d8","0020a030","002093d8","FUN_002093d8",tail
"002093d8","FUN_002093d8","0020a038","002093d8","FUN_002093d8",tail
"002093d8","FUN_002093d8","0020a040","002093d8","FUN_002093d8",tail
"002093d8","FUN_002093d8","0020a048","002093d8","FUN_002093d8",tail
"002093d8","FUN_002093d8","0020a050","002093d8","FUN_002093d8",tail
"002093d8","FUN_002093d8","0020a05c","002093d8","FUN_002093d8",tail
"002093d8","FUN_002093d8","0020a088","002093d8","FUN_002093d8",tail
"002093d8","FUN_002093d8","0020a0c8","002093d8","FUN_002093d8",tail
"002093d8","FUN_002093d8","0020a0d4","002093d8","FUN_002093d8",tail
"002093d8","FUN_002093d8","0020a0e4","002093d8","FUN_002093d8",tail
"002093d8","FUN_002093d8","0020a104","002093d8","FUN_002093d8",tail
"002093d8","FUN_002093d8","0020a128","002093d8","FUN_002093d8",tail
"002093d8","FUN_002093d8","0020a140","002093d8","FUN_002093d8",computed
"002093d8","FUN_002093d8","0020a140","002093d8","FUN_002093d8",computed
"002093d8","FUN_002093d8","0020a140","002093d8","FUN_002093d8",computed
"002093d8","FUN_002093d8","0020a140","002093d8","FUN_002093d8",computed
"002093d8","FUN_002093d8","0020a140","002093d8","FUN_002093d8",computed
"002093d8","FUN_002093d8","0020a140","002093d8","FUN_002093d8",computed
"002093d8","FUN_002093d8","0020a140","002093d8","FUN_002093d8",computed
"002093d8","FUN_002093d8","0020a140","002093d8","FUN_002093d8",computed
"002093d8","FUN_002093d8","0020a140","002093d8","FUN_002093d8",computed
"002093d8","FUN_002093d8","0020a154","002093d8","FUN_002093d8",tail
"002093d8","FUN_002093d8","0020a174","00116248","FUN_00116248",direct
"002093d8","FUN_002093d8","0020a17c","002093d8","FUN_002093d8",tail
"002093d8","FUN_002093d8","0020a19c","00116248","FUN_00116248",direct
"002093d8","FUN_002093d8","0020a1c8","001235b0","FUN_001235b0",direct
"002093d8","FUN_002093d8","0020a1d0","002093d8","FUN_002093d8",tail
"002093d8","FUN_002093d8","0020a1e0","002093d8","FUN_002093d8",tail
"002093d8","FUN_002093d8","0020a1f0","002093d8","FUN_002093d8",tail
"002093d8","FUN_002093d8","0020a200","002093d8","FUN_002093d8",tail
"002093d8","FUN_002093d8","0020a210","002093d8","FUN_002093d8",tail
"002093d8","FUN_002093d8","0020a21c","002093d8","FUN_002093d8",tail
"002093d8","FUN_002093d8","0020a224","002093d8","FUN_002093d8",tail
"002093d8","FUN_002093d8","0020a22c","002093d8","FUN_002093d8",tail
"002093d8","FUN_002093d8","0020a234","002093d8","FUN_002093d8",tail
"002093d8","FUN_002093d8","0020a23c","002093d8","FUN_002093d8",tail
"002093d8","FUN_002093d8","0020a244","002093d8","FUN_002093d8",tail
"002093d8","FUN_002093d8","0020a24c","002093d8","FUN_002093d8",tail
"002093d8","FUN_002093d8","0020a254","002093d8","FUN_002093d8",tail
"002093d8","FUN_002093d8","0020a280","00123930","FUN_00123930",direct
"002093d8","FUN_002093d8","0020a288","002093d8","FUN_002093d8",tail
"002093d8","FUN_002093d8","0020a29c","002093d8","FUN_002093d8",tail
"002093d8","FUN_002093d8","0020a2ac","002093d8","FUN_002093d8",tail
"002093d8","FUN_002093d8","0020a2b8","002093d8","FUN_002093d8",tail
"002093d8","FUN_002093d8","0020a2c4","002093d8","FUN_002093d8",tail
"002093d8","FUN_002093d8","0020a2cc","002093d8","FUN_002093d8",tail
"002093d8","FUN_002093d8","0020a2d4","002093d8","FUN_002093d8",tail
"002093d8","FUN_002093d8","0020a2dc","002093d8","FUN_002093d8",tail
"002093d8","FUN_002093d8","0020a2e4","002093d8","FUN_002093d8",tail
"002093d8","FUN_002093d8","0020a2ec","002093d8","FUN_002093d8",tail
"002093d8","FUN_002093d8","0020a2f4","002093d8","FUN_002093d8",tail
"002093d8","FUN_002093d8","0020a2fc","002093d8","FUN_002093d8",tail
"002093d8","FUN_002093d8","0020a320","002093d8","FUN_002093d8",tail
"002093d8","FUN_002093d8","0020a328","001f97b0","FUN_001f97b0",direct
"002093d8","FUN_002093d8","0020a33c","00123930","FUN_00123930",direct
"002093d8","FUN_002093d8","0020a344","002093d8","FUN_002093d8",tail
"002093d8","FUN_002093d8","0020a350","002093d8","FUN_002093d8",tail
"002093d8","FUN_002093d8","0020a364","002093d8","FUN_002093d8",tail
"002093d8","FUN_002093d8","0020a374","002093d8","FUN_002093d8",tail
"002093d8","FUN_002093d8","0020a390","0020ae60","FUN_0020ae60",direct
"002093d8","FUN_002093d8","0020a398","002093d8","FUN_002093d8",tail
"002093d8","FUN_002093d8","0020a3ac","0020af20","FUN_0020af20",direct
"002093d8","FUN_002093d8","0020a3cc","002093d8","FUN_002093d8",tail
"002093d8","FUN_002093d8","0020a3d8","002093d8","FUN_002093d8",tail
"002093d8","FUN_002093d8","0020a3e4","002093d8","FUN_002093d8",tail
"002093d8","FUN_002093d8","0020a3ec","002093d8","FUN_002093d8",tail
"002093d8","FUN_002093d8","0020a3f4","002093d8","FUN_002093d8",tail
"002093d8","FUN_002093d8","0020a3fc","002093d8","FUN_002093d8",tail
"002093d8","FUN_002093d8","0020a404","002093d8","FUN_002093d8",tail
"002093d8","FUN_002093d8","0020a40c","002093d8","FUN_002093d8",tail
"002093d8","FUN_002093d8","0020a414","002093d8","FUN_002093d8",tail
"002093d8","FUN_002093d8","0020a41c","002093d8","FUN_002093d8",tail
"002093d8","FUN_002093d8","0020a440","002093d8","FUN_002093d8",tail
"002093d8","FUN_002093d8","0020a448","001f97b0","FUN_001f97b0",direct
"002093d8","FUN_002093d8","0020a45c","00123930","FUN_00123930",direct
"002093d8","FUN_002093d8","0020a464","002093d8","FUN_002093d8",tail
"002093d8","FUN_002093d8","0020a478","002093d8","FUN_002093d8",tail
"002093d8","FUN_002093d8","0020a490","0020af20","FUN_0020af20",direct
"002093d8","FUN_002093d8","0020a4c8","002093d8","FUN_002093d8",tail
"002093d8","FUN_002093d8","0020a4d0","002093d8","FUN_002093d8",tail
"002093d8","FUN_002093d8","0020a4dc","002093d8","FUN_002093d8",tail
"002093d8","FUN_002093d8","0020a4e8","002093d8","FUN_002093d8",tail
"002093d8","FUN_002093d8","0020a4f0","002093d8","FUN_002093d8",tail
"002093d8","FUN_002093d8","0020a4f8","002093d8","FUN_002093d8",tail
"002093d8","FUN_002093d8","0020a500","002093d8","FUN_002093d8",tail
"002093d8","FUN_002093d8","0020a508","002093d8","FUN_002093d8",tail
"002093d8","FUN_002093d8","0020a510","002093d8","FUN_002093d8",tail
"002093d8","FUN_002093d8","0020a518","002093d8","FUN_002093d8",tail
"002093d8","FUN_002093d8","0020a520","002093d8","FUN_002093d8",tail
"002093d8","FUN_002093d8","0020a52c","00123710","FUN_00123710",direct
"002093d8","FUN_002093d8","0020a534","002093d8","FUN_002093d8",tail
"002093d8","FUN_002093d8","0020a544","002093d8","FUN_002093d8",tail
"002093d8","FUN_002093d8","0020a554","002093d8","FUN_002093d8",tail
"002093d8","FUN_002093d8","0020a574","002093d8","FUN_002093d8",tail
"002093d8","FUN_002093d8","0020a57c","002093d8","FUN_002093d8",tail
"002093d8","FUN_002093d8","0020a588","002093d8","FUN_002093d8",tail
"002093d8","FUN_002093d8","0020a5a8","002093d8","FUN_002093d8",tail
"002093d8","FUN_002093d8","0020a5c0","002093d8","FUN_002093d8",computed
"002093d8","FUN_002093d8","0020a5c0","002093d8","FUN_002093d8",computed
"002093d8","FUN_002093d8","0020a5c0","002093d8","FUN_002093d8",computed
"002093d8","FUN_002093d8","0020a5c0","002093d8","FUN_002093d8",computed
"002093d8","FUN_002093d8","0020a5c0","002093d8","FUN_002093d8",computed
"002093d8","FUN_002093d8","0020a5c0","002093d8","FUN_002093d8",computed
"002093d8","FUN_002093d8","0020a5c0","002093d8","FUN_002093d8",computed
"002093d8","FUN_002093d8","0020a5c0","002093d8","FUN_002093d8",computed
"002093d8","FUN_002093d8","0020a5c0","002093d8","FUN_002093d8",computed
"002093d8","FUN_002093d8","0020a5c0","002093d8","FUN_002093d8",computed
"002093d8","FUN_002093d8","0020a5c0","002093d8","FUN_002093d8",computed
"002093d8","FUN_002093d8","0020a5e8","00116248","FUN_00116248",direct
"002093d8","FUN_002093d8","0020a60c","001235b0","FUN_001235b0",direct
"002093d8","FUN_002093d8","0020a614","002093d8","FUN_002093d8",tail
"002093d8","FUN_002093d8","0020a620","002093d8","FUN_002093d8",tail
"002093d8","FUN_002093d8","0020a630","002093d8","FUN_002093d8",tail
"002093d8","FUN_002093d8","0020a644","002093d8","FUN_002093d8",tail
"002093d8","FUN_002093d8","0020a650","002093d8","FUN_002093d8",tail
"002093d8","FUN_002093d8","0020a658","002093d8","FUN_002093d8",tail
"002093d8","FUN_002093d8","0020a660","002093d8","FUN_002093d8",tail
"002093d8","FUN_002093d8","0020a668","002093d8","FUN_002093d8",tail
"002093d8","FUN_002093d8","0020a670","002093d8","FUN_002093d8",tail
"002093d8","FUN_002093d8","0020a678","002093d8","FUN_002093d8",tail
"002093d8","FUN_002093d8","0020a680","002093d8","FUN_002093d8",tail
"002093d8","FUN_002093d8","0020a698","002093d8","FUN_002093d8",tail
"002093d8","FUN_002093d8","0020a6ac","001237c8","FUN_001237c8",direct
"002093d8","FUN_002093d8","0020a6b4","002093d8","FUN_002093d8",tail
"002093d8","FUN_002093d8","0020a6c0","002093d8","FUN_002093d8",tail
"002093d8","FUN_002093d8","0020a6d0","002093d8","FUN_002093d8",tail
"002093d8","FUN_002093d8","0020a6d8","002093d8","FUN_002093d8",tail
"002093d8","FUN_002093d8","0020a6ec","0020ac88","FUN_0020ac88",direct
"002093d8","FUN_002093d8","0020a700","00123a48","FUN_00123a48",direct
"002093d8","FUN_002093d8","0020a708","002093d8","FUN_002093d8",tail
"002093d8","FUN_002093d8","0020a714","002093d8","FUN_002093d8",tail
"002093d8","FUN_002093d8","0020a724","0020ac88","FUN_0020ac88",direct
"002093d8","FUN_002093d8","0020a730","002093d8","FUN_002093d8",tail
"002093d8","FUN_002093d8","0020a73c","002093d8","FUN_002093d8",tail
"002093d8","FUN_002093d8","0020a744","002093d8","FUN_002093d8",tail
"002093d8","FUN_002093d8","0020a750","002093d8","FUN_002093d8",tail
"002093d8","FUN_002093d8","0020a758","002093d8","FUN_002093d8",tail
"002093d8","FUN_002093d8","0020a760","002093d8","FUN_002093d8",tail
"002093d8","FUN_002093d8","0020a768","002093d8","FUN_002093d8",tail
"002093d8","FUN_002093d8","0020a770","002093d8","FUN_002093d8",tail
"002093d8","FUN_002093d8","0020a778","002093d8","FUN_002093d8",tail
"002093d8","FUN_002093d8","0020a780","002093d8","FUN_002093d8",tail
"002093d8","FUN_002093d8","0020a788","002093d8","FUN_002093d8",tail
"002093d8","FUN_002093d8","0020a798","002093d8","FUN_002093d8",tail
"002093d8","FUN_002093d8","0020a7a4","002093d8","FUN_002093d8",tail
"002093d8","FUN_002093d8","0020a7ac","0020ac88","FUN_0020ac88",direct
"002093d8","FUN_002093d8","0020a7c4","001237c8","FUN_001237c8",direct
"002093d8","FUN_002093d8","0020a7cc","002093d8","FUN_002093d8",tail
"002093d8","FUN_002093d8","0020a7d8","002093d8","FUN_002093d8",tail
"002093d8","FUN_002093d8","0020a7e8","002093d8","FUN_002093d8",tail
"002093d8","FUN_002093d8","0020a7f0","002093d8","FUN_002093d8",tail
"002093d8","FUN_002093d8","0020a800","002093d8","FUN_002093d8",tail
"002093d8","FUN_002093d8","0020a814","0020ac88","FUN_0020ac88",direct
"002093d8","FUN_002093d8","0020a828","00123a48","FUN_00123a48",direct
"002093d8","FUN_002093d8","0020a830","002093d8","FUN_002093d8",tail
"002093d8","FUN_002093d8","0020a83c","002093d8","FUN_002093d8",tail
"002093d8","FUN_002093d8","0020a84c","0020ac88","FUN_0020ac88",direct
"002093d8","FUN_002093d8","0020a858","002093d8","FUN_002093d8",tail
"002093d8","FUN_002093d8","0020a864","002093d8","FUN_002093d8",tail
"002093d8","FUN_002093d8","0020a86c","002093d8","FUN_002093d8",tail
"002093d8","FUN_002093d8","0020a87c","00123710","FUN_00123710",direct
"002093d8","FUN_002093d8","0020a884","002093d8","FUN_002093d8",tail
"002093d8","FUN_002093d8","0020a894","002093d8","FUN_002093d8",tail
"002093d8","FUN_002093d8","0020a8a0","002093d8","FUN_002093d8",tail
"002093d8","FUN_002093d8","0020a8a8","002093d8","FUN_002093d8",tail
"002093d8","FUN_002093d8","0020a8b0","002093d8","FUN_002093d8",tail
"002093d8","FUN_002093d8","0020a8b8","002093d8","FUN_002093d8",tail
"002093d8","FUN_002093d8","0020a8c0","002093d8","FUN_002093d8",tail
"002093d8","FUN_002093d8","0020a8c8","002093d8","FUN_002093d8",tail
"002093d8","FUN_002093d8","0020a8d0","002093d8","FUN_002093d8",tail
"002093d8","FUN_002093d8","0020a8d8","002093d8","FUN_002093d8",tail
"002093d8","FUN_002093d8","0020a8e4","00123710","FUN_00123710",direct
"002093d8","FUN_002093d8","0020a8ec","002093d8","FUN_002093d8",tail
"002093d8","FUN_002093d8","0020a8f8","002093d8","FUN_002093d8",tail
"002093d8","FUN_002093d8","0020a914","001fd6e0","FUN_001fd6e0",direct
"002093d8","FUN_002093d8","0020a924","00216788","FUN_00216788",direct
"002093d8","FUN_002093d8","0020a938","002093d8","FUN_002093d8",tail
"002093d8","FUN_002093d8","0020a948","002093d8","FUN_002093d8",tail
"002093d8","FUN_002093d8","0020a960","001fd6e0","FUN_001fd6e0",direct
"002093d8","FUN_002093d8","0020a988","002093d8","FUN_002093d8",tail
"002093d8","FUN_002093d8","0020a9a8","002093d8","FUN_002093d8",tail
"002093d8","FUN_002093d8","0020a9b8","002093d8","FUN_002093d8",tail
"002093d8","FUN_002093d8","0020a9d0","002093d8","FUN_002093d8",tail
"002093d8","FUN_002093d8","0020a9f0","002093d8","FUN_002093d8",tail
"002093d8","FUN_002093d8","0020a9f8","002093d8","FUN_002093d8",tail
"002093d8","FUN_002093d8","0020aa00","002093d8","FUN_002093d8",tail
"002093d8","FUN_002093d8","0020aa08","002093d8","FUN_002093d8",tail
"002093d8","FUN_002093d8","0020aa10","002093d8","FUN_002093d8",tail
"002093d8","FUN_002093d8","0020aa18","002093d8","FUN_002093d8",tail
"002093d8","FUN_002093d8","0020aa20","002093d8","FUN_002093d8",tail
"002093d8","FUN_002093d8","0020aa44","00116248","FUN_00116248",direct
"002093d8","FUN_002093d8","0020aa68","001235b0","FUN_001235b0",direct
"002093d8","FUN_002093d8","0020aa70","002093d8","FUN_002093d8",tail
"002093d8","FUN_002093d8","0020aa78","002093d8","FUN_002093d8",tail
"002093d8","FUN_002093d8","0020aa84","002093d8","FUN_002093d8",tail
"002093d8","FUN_002093d8","0020aa90","0020ac88","FUN_0020ac88",direct
"002093d8","FUN_002093d8","0020aaa0","0020ac88","FUN_0020ac88",direct
"002093d8","FUN_002093d8","0020aac4","00123a48","FUN_00123a48",direct
"002093d8","FUN_002093d8","0020aacc","002093d8","FUN_002093d8",tail
"002093d8","FUN_002093d8","0020aad8","002093d8","FUN_002093d8",tail
"002093d8","FUN_002093d8","0020aae4","002093d8","FUN_002093d8",tail
"002093d8","FUN_002093d8","0020aaf4","002093d8","FUN_002093d8",tail
"002093d8","FUN_002093d8","0020aafc","00123710","FUN_00123710",direct
"002093d8","FUN_002093d8","0020ab04","002093d8","FUN_002093d8",tail
"002093d8","FUN_002093d8","0020ab10","002093d8","FUN_002093d8",tail
"002093d8","FUN_002093d8","0020ab1c","002093d8","FUN_002093d8",tail
"002093d8","FUN_002093d8","0020ab28","002093d8","FUN_002093d8",tail
"002093d8","FUN_002093d8","0020ab30","002093d8","FUN_002093d8",tail
"002093d8","FUN_002093d8","0020ab38","002093d8","FUN_002093d8",tail
"002093d8","FUN_002093d8","0020ab40","002093d8","FUN_002093d8",tail
"002093d8","FUN_002093d8","0020ab48","002093d8","FUN_002093d8",tail
"002093d8","FUN_002093d8","0020ab64","002093d8","FUN_002093d8",tail
"002093d8","FUN_002093d8","0020ab70","002093d8","FUN_002093d8",tail
"0020abb0","FUN_0020abb0","0020abe0","0020ac88","FUN_0020ac88",direct
"0020abb0","FUN_0020abb0","0020abf0","0020ac88","FUN_0020ac88",direct
"0020abb0","FUN_0020abb0","0020ac08","0020ad78","FUN_0020ad78",direct
"0020abb0","FUN_0020abb0","0020ac20","0020ad78","FUN_0020ad78",direct
"0020abb0","FUN_0020abb0","0020ac30","0020abb0","FUN_0020abb0",tail
"0020ac58","FUN_0020ac58","0020ac60","001233f0","FUN_001233f0",direct
"0020ac58","FUN_0020ac58","0020ac68","0020ac58","FUN_0020ac58",tail
"0020ac58","FUN_0020ac58","0020ac74","001e93b0","FUN_001e93b0",direct
"0020ac88","FUN_0020ac88","0020ac8c","0020ac88","FUN_0020ac88",tail
"0020ac88","FUN_0020ac88","0020acb0","0020ac88","FUN_0020ac88",tail
"0020acc0","FUN_0020acc0","0020acc4","0020acc0","FUN_0020acc0",tail
"0020acc0","FUN_0020acc0","0020acdc","0020acc0","FUN_0020acc0",tail
"0020acc0","FUN_0020acc0","0020ad00","0020acc0","FUN_0020acc0",tail
"0020acc0","FUN_0020acc0","0020ad08","0020acc0","FUN_0020acc0",tail
"0020acc0","FUN_0020acc0","0020ad18","0020acc0","FUN_0020acc0",tail
"0020acc0","FUN_0020acc0","0020ad24","0020acc0","FUN_0020acc0",tail
"0020ad38","FUN_0020ad38","0020ad4c","0020ad38","FUN_0020ad38",tail
"0020ad38","FUN_0020ad38","0020ad54","0020acc0","FUN_0020acc0",direct
"0020ad78","FUN_0020ad78","0020ada8","0020ad78","FUN_0020ad78",tail
"0020ad78","FUN_0020ad78","0020ade4","001f9838","FUN_001f9838",direct
"0020ad78","FUN_0020ad78","0020ae0c","0020ad78","FUN_0020ad78",tail
"0020ad78","FUN_0020ad78","0020ae28","0020acc0","FUN_0020acc0",direct
"0020ae60","FUN_0020ae60","0020ae7c","0020ad38","FUN_0020ad38",direct
"0020af20","FUN_0020af20","0020af54","0020ad38","FUN_0020ad38",direct
"0020af20","FUN_0020af20","0020af5c","0020af20","FUN_0020af20",tail
"0020af20","FUN_0020af20","0020af64","0020af20","FUN_0020af20",tail
"0020af20","FUN_0020af20","0020af74","0020af20","FUN_0020af20",tail
"0020af20","FUN_0020af20","0020af9c","0020af20","FUN_0020af20",tail
"0020af20","FUN_0020af20","0020afac","0020af20","FUN_0020af20",tail
"0020af20","FUN_0020af20","0020afc0","0020af20","FUN_0020af20",tail
"0020af20","FUN_0020af20","0020afd0","0020af20","FUN_0020af20",tail
"0020af20","FUN_0020af20","0020afe4","0020af20","FUN_0020af20",tail
"0020af20","FUN_0020af20","0020aff4","0020af20","FUN_0020af20",tail
"0020af20","FUN_0020af20","0020b008","0020af20","FUN_0020af20",tail
"0020af20","FUN_0020af20","0020b01c","0020af20","FUN_0020af20",tail
"0020af20","FUN_0020af20","0020b02c","0020af20","FUN_0020af20",tail
"0020af20","FUN_0020af20","0020b038","0020af20","FUN_0020af20",tail
"0020af20","FUN_0020af20","0020b040","0020af20","FUN_0020af20",tail
"0020af20","FUN_0020af20","0020b060","001151b4","FUN_001151b4",direct
"0020af20","FUN_0020af20","0020b068","0020af20","FUN_0020af20",tail
"0020af20","FUN_0020af20","0020b080","001f9838","FUN_001f9838",direct
"0020af20","FUN_0020af20","0020b094","0020af20","FUN_0020af20",tail
"0020af20","FUN_0020af20","0020b0b8","0020af20","FUN_0020af20",tail
"0020af20","FUN_0020af20","0020b0c4","0020ac88","FUN_0020ac88",direct
"0020af20","FUN_0020af20","0020b0dc","0020af20","FUN_0020af20",tail
"0020af20","FUN_0020af20","0020b0ec","0020af20","FUN_0020af20",tail
"0020af20","FUN_0020af20","0020b110","0020af20","FUN_0020af20",tail
"0020af20","FUN_0020af20","0020b11c","0020af20","FUN_0020af20",tail
"0020b178","FUN_0020b178","0020b19c","00121780","FUN_00121780",direct
"0020b178","FUN_0020b178","0020b1ac","0012d6d8","FUN_0012d6d8",direct
"0020b178","FUN_0020b178","0020b1b4","00208770","FUN_00208770",direct
"0020b178","FUN_0020b178","0020b1d0","00207b08","FUN_00207b08",direct
"0020b178","FUN_0020b178","0020b1e8","0020b178","FUN_0020b178",tail
"0020b178","FUN_0020b178","0020b200","0020b178","FUN_0020b178",tail
"0020b178","FUN_0020b178","0020b208","0020b178","FUN_0020b178",tail
"0020b178","FUN_0020b178","0020b214","0020b178","FUN_0020b178",tail
"0020b178","FUN_0020b178","0020b21c","0020b178","FUN_0020b178",tail
"0020b178","FUN_0020b178","0020b240","0020b178","FUN_0020b178",tail
"0020b178","FUN_0020b178","0020b24c","0020b178","FUN_0020b178",tail
"0020b178","FUN_0020b178","0020b260","0020b178","FUN_0020b178",tail
"0020b178","FUN_0020b178","0020b280","0020b178","FUN_0020b178",tail
"0020b178","FUN_0020b178","0020b330","0020ad78","FUN_0020ad78",direct
"0020b178","FUN_0020b178","0020b348","0020ad78","FUN_0020ad78",direct
"0020b178","FUN_0020b178","0020b350","0020b178","FUN_0020b178",tail
"0020b178","FUN_0020b178","0020b378","0020b178","FUN_0020b178",tail
"0020b3e0","FUN_0020b3e0","0020b400","0020b3e0","FUN_0020b3e0",tail
"0020b3e0","FUN_0020b3e0","0020b408","0020b3e0","FUN_0020b3e0",tail
"0020b4a8","FUN_0020b4a8","0020b4d0","0020b4a8","FUN_0020b4a8",tail
"0020b4a8","FUN_0020b4a8","0020b4e0","0020b4a8","FUN_0020b4a8",tail
"0020b4a8","FUN_0020b4a8","0020b5a0","0020b4a8","FUN_0020b4a8",tail
"0020b4a8","FUN_0020b4a8","0020b600","0020b4a8","FUN_0020b4a8",tail
"0020b618","FUN_0020b618","0020b640","0020b618","FUN_0020b618",tail
"0020b618","FUN_0020b618","0020b658","0020b8e8","FUN_0020b8e8",direct
"0020b618","FUN_0020b618","0020b660","0020b908","FUN_0020b908",direct
"0020b618","FUN_0020b618","0020b668","0020b8e8","FUN_0020b8e8",direct
"0020b618","FUN_0020b618","0020b680","0020b618","FUN_0020b618",tail
"0020b618","FUN_0020b618","0020b698","0020b618","FUN_0020b618",tail
"0020b618","FUN_0020b618","0020b6c0","0020b618","FUN_0020b618",tail
"0020b618","FUN_0020b618","0020b6c8","0020b618","FUN_0020b618",tail
"0020b618","FUN_0020b618","0020b6d8","0020b618","FUN_0020b618",tail
"0020b618","FUN_0020b618","0020b6e8","0020b618","FUN_0020b618",tail
"0020b618","FUN_0020b618","0020b6f0","0020b618","FUN_0020b618",tail
"0020b618","FUN_0020b618","0020b738","0020b618","FUN_0020b618",tail
"0020b618","FUN_0020b618","0020b748","0020b618","FUN_0020b618",tail
"0020b618","FUN_0020b618","0020b758","0020b618","FUN_0020b618",tail
"0020b618","FUN_0020b618","0020b760","0020b618","FUN_0020b618",tail
"0020b618","FUN_0020b618","0020b768","0020b618","FUN_0020b618",tail
"0020b618","FUN_0020b618","0020b7a0","0020b618","FUN_0020b618",tail
"0020b618","FUN_0020b618","0020b7b0","0020b618","FUN_0020b618",tail
"0020b618","FUN_0020b618","0020b7e0","0020b618","FUN_0020b618",tail
"0020b618","FUN_0020b618","0020b7f8","0020b618","FUN_0020b618",tail
"0020b618","FUN_0020b618","0020b830","0020b618","FUN_0020b618",tail
"0020b618","FUN_0020b618","0020b838","0020b618","FUN_0020b618",tail
"0020b618","FUN_0020b618","0020b840","0020b908","FUN_0020b908",direct
"0020b618","FUN_0020b618","0020b848","0020b8e8","FUN_0020b8e8",direct
"0020b618","FUN_0020b618","0020b860","0020b618","FUN_0020b618",tail
"0020b618","FUN_0020b618","0020b868","0020b618","FUN_0020b618",tail
"0020b618","FUN_0020b618","0020b8a0","0020b618","FUN_0020b618",tail
"0020b618","FUN_0020b618","0020b8b8","0020b618","FUN_0020b618",tail
"0020b618","FUN_0020b618","0020b8d0","0020b618","FUN_0020b618",tail
"0020b908","FUN_0020b908","0020b918","0020b908","FUN_0020b908",tail
"0020b908","FUN_0020b908","0020b920","0020b908","FUN_0020b908",tail
"0020b950","FUN_0020b950","0020b99c","0020b950","FUN_0020b950",tail
"0020b950","FUN_0020b950","0020b9a4","0020b950","FUN_0020b950",tail
"0020b950","FUN_0020b950","0020b9b4","0020b950","FUN_0020b950",tail
"0020b950","FUN_0020b950","0020b9d4","0020b950","FUN_0020b950",tail
"0020b950","FUN_0020b950","0020b9e8","0020b950","FUN_0020b950",tail
"0020b950","FUN_0020b950","0020b9f4","0020baf0","FUN_0020baf0",direct
"0020b950","FUN_0020b950","0020b9fc","0020b950","FUN_0020b950",tail
"0020b950","FUN_0020b950","0020ba04","0020b950","FUN_0020b950",tail
"0020b950","FUN_0020b950","0020ba0c","0020baf0","FUN_0020baf0",direct
"0020b950","FUN_0020b950","0020ba14","0020b950","FUN_0020b950",tail
"0020b950","FUN_0020b950","0020ba28","0020b950","FUN_0020b950",tail
"0020b950","FUN_0020b950","0020ba3c","0020b950","FUN_0020b950",tail
"0020b950","FUN_0020b950","0020ba48","0020b950","FUN_0020b950",tail
"0020b950","FUN_0020b950","0020ba64","0020b950","FUN_0020b950",tail
"0020b950","FUN_0020b950","0020ba7c","0020b950","FUN_0020b950",tail
"0020b950","FUN_0020b950","0020ba90","0020b950","FUN_0020b950",tail
"0020b950","FUN_0020b950","0020baa0","0020b950","FUN_0020b950",tail
"0020b950","FUN_0020b950","0020bab8","0020b950","FUN_0020b950",tail
"0020baf0","FUN_0020baf0","0020bb00","0020baf0","FUN_0020baf0",tail
"0020baf0","FUN_0020baf0","0020bb1c","0020baf0","FUN_0020baf0",computed
"0020baf0","FUN_0020baf0","0020bb1c","0020baf0","FUN_0020baf0",computed
"0020baf0","FUN_0020baf0","0020bb1c","0020baf0","FUN_0020baf0",computed
"0020baf0","FUN_0020baf0","0020bb1c","0020baf0","FUN_0020baf0",computed
"0020baf0","FUN_0020baf0","0020bb1c","0020baf0","FUN_0020baf0",computed
"0020baf0","FUN_0020baf0","0020bb1c","0020baf0","FUN_0020baf0",computed
"0020baf0","FUN_0020baf0","0020bb1c","0020baf0","FUN_0020baf0",computed
"0020baf0","FUN_0020baf0","0020bb1c","0020baf0","FUN_0020baf0",computed
"0020baf0","FUN_0020baf0","0020bb1c","0020baf0","FUN_0020baf0",computed
"0020baf0","FUN_0020baf0","0020bb1c","0020baf0","FUN_0020baf0",computed
"0020baf0","FUN_0020baf0","0020bb24","0020baf0","FUN_0020baf0",tail
"0020baf0","FUN_0020baf0","0020bb34","0020baf0","FUN_0020baf0",tail
"0020baf0","FUN_0020baf0","0020bb44","0020baf0","FUN_0020baf0",tail
"0020baf0","FUN_0020baf0","0020bb54","0020baf0","FUN_0020baf0",tail
"0020baf0","FUN_0020baf0","0020bb60","0020baf0","FUN_0020baf0",tail
"0020baf0","FUN_0020baf0","0020bb78","0020baf0","FUN_0020baf0",tail
"0020baf0","FUN_0020baf0","0020bb84","0020baf0","FUN_0020baf0",tail
"0020baf0","FUN_0020baf0","0020bba0","0020baf0","FUN_0020baf0",tail
"0020baf0","FUN_0020baf0","0020bbb0","0020baf0","FUN_0020baf0",tail
"0020baf0","FUN_0020baf0","0020bbc0","0020baf0","FUN_0020baf0",tail
"0020baf0","FUN_0020baf0","0020bbe8","0020baf0","FUN_0020baf0",tail
"0020bc00","FUN_0020bc00","0020bc10","0020bc00","FUN_0020bc00",tail
"0020bc00","FUN_0020bc00","0020bc1c","0020bc00","FUN_0020bc00",tail
"0020bc00","FUN_0020bc00","0020bc28","0020bc00","FUN_0020bc00",tail
"0020bc00","FUN_0020bc00","0020bc38","0020bc00","FUN_0020bc00",tail
"0020bc00","FUN_0020bc00","0020bc50","0020bc00","FUN_0020bc00",tail
"0020bc00","FUN_0020bc00","0020bc64","0020bc00","FUN_0020bc00",tail
"0020bc00","FUN_0020bc00","0020bc6c","0020bc00","FUN_0020bc00",tail
"0020bc00","FUN_0020bc00","0020bc74","0020bc00","FUN_0020bc00",tail
"0020bc00","FUN_0020bc00","0020bc7c","0020bc00","FUN_0020bc00",tail
"0020bc00","FUN_0020bc00","0020bc8c","0020bc00","FUN_0020bc00",tail
"0020bc00","FUN_0020bc00","0020bc98","0020bc00","FUN_0020bc00",tail
"0020bc00","FUN_0020bc00","0020bcb4","0020bc00","FUN_0020bc00",tail
"0020bc00","FUN_0020bc00","0020bcc0","0020bc00","FUN_0020bc00",tail
"0020bc00","FUN_0020bc00","0020bcd4","0020bc00","FUN_0020bc00",tail
"0020bc00","FUN_0020bc00","0020bcfc","0020bc00","FUN_0020bc00",tail
"0020bc00","FUN_0020bc00","0020bd04","0020bc00","FUN_0020bc00",tail
"0020bc00","FUN_0020bc00","0020bd0c","0020bc00","FUN_0020bc00",tail
"0020bf90","FUN_0020bf90","0020bfc4","0020bf90","FUN_0020bf90",tail
"0020bf90","FUN_0020bf90","0020bfdc","0020bf90","FUN_0020bf90",tail
"0020bf90","FUN_0020bf90","0020c000","0020bf90","FUN_0020bf90",tail
"0020bf90","FUN_0020bf90","0020c030","0020bf90","FUN_0020bf90",tail
"0020bf90","FUN_0020bf90","0020c040","0020bf90","FUN_0020bf90",tail
"0020bf90","FUN_0020bf90","0020c048","0020bf90","FUN_0020bf90",tail
"0020bf90","FUN_0020bf90","0020c064","00208408","FUN_00208408",direct
"0020bf90","FUN_0020bf90","0020c0b0","0020bf90","FUN_0020bf90",tail
"0020bf90","FUN_0020bf90","0020c0c0","0020bf90","FUN_0020bf90",tail
"0020bf90","FUN_0020bf90","0020c0e0","0020bf90","FUN_0020bf90",tail
"0020bf90","FUN_0020bf90","0020c0f0","0020bf90","FUN_0020bf90",tail
"0020bf90","FUN_0020bf90","0020c11c","0020bf90","FUN_0020bf90",tail
"0020bf90","FUN_0020bf90","0020c134","0020bf90","FUN_0020bf90",tail
"0020bf90","FUN_0020bf90","0020c13c","0020bf90","FUN_0020bf90",tail
"0020bf90","FUN_0020bf90","0020c154","0020bf90","FUN_0020bf90",tail
"0020bf90","FUN_0020bf90","0020c15c","0020bf90","FUN_0020bf90",tail
"0020bf90","FUN_0020bf90","0020c174","0020bf90","FUN_0020bf90",tail
"0020bf90","FUN_0020bf90","0020c17c","0020bf90","FUN_0020bf90",tail
"0020bf90","FUN_0020bf90","0020c19c","0020bf90","FUN_0020bf90",tail
"0020bf90","FUN_0020bf90","0020c1a4","0020bf90","FUN_0020bf90",tail
"0020bf90","FUN_0020bf90","0020c1bc","0020bf90","FUN_0020bf90",tail
"0020bf90","FUN_0020bf90","0020c1c4","0020bf90","FUN_0020bf90",tail
"0020bf90","FUN_0020bf90","0020c1dc","0020bf90","FUN_0020bf90",tail
"0020bf90","FUN_0020bf90","0020c1e4","0020bf90","FUN_0020bf90",tail
"0020bf90","FUN_0020bf90","0020c1fc","0020bf90","FUN_0020bf90",tail
"0020bf90","FUN_0020bf90","0020c204","0020bf90","FUN_0020bf90",tail
"0020bf90","FUN_0020bf90","0020c220","0020bf90","FUN_0020bf90",tail
"0020bf90","FUN_0020bf90","0020c228","0020bf90","FUN_0020bf90",tail
"0020bf90","FUN_0020bf90","0020c244","0020bf90","FUN_0020bf90",tail
"0020bf90","FUN_0020bf90","0020c258","00208408","FUN_00208408",direct
"0020bf90","FUN_0020bf90","0020c27c","0020bf90","FUN_0020bf90",tail
"0020bf90","FUN_0020bf90","0020c29c","00208408","FUN_00208408",direct
"0020bf90","FUN_0020bf90","0020c2d4","0020bf90","FUN_0020bf90",tail
"0020bf90","FUN_0020bf90","0020c2ec","0020bf90","FUN_0020bf90",tail
"0020bf90","FUN_0020bf90","0020c324","0020bf90","FUN_0020bf90",tail
"0020bf90","FUN_0020bf90","0020c32c","0020bf90","FUN_0020bf90",tail
"0020bf90","FUN_0020bf90","0020c360","0020bf90","FUN_0020bf90",tail
"0020bf90","FUN_0020bf90","0020c384","0020bf90","FUN_0020bf90",tail
"0020bf90","FUN_0020bf90","0020c39c","0020bf90","FUN_0020bf90",tail
"0020bf90","FUN_0020bf90","0020c3bc","00208280","FUN_00208280",direct
"0020bf90","FUN_0020bf90","0020c3cc","001153fc","FUN_001153fc",direct
"0020bf90","FUN_0020bf90","0020c43c","001f75f0","FUN_001f75f0",direct
"0020bf90","FUN_0020bf90","0020c47c","001f75f0","FUN_001f75f0",direct
"0020bf90","FUN_0020bf90","0020c490","0020bf90","FUN_0020bf90",tail
"0020bf90","FUN_0020bf90","0020c4b8","0020bf90","FUN_0020bf90",tail
"0020c4f8","FUN_0020c4f8","0020c51c","0020c4f8","FUN_0020c4f8",tail
"0020c4f8","FUN_0020c4f8","0020c534","0020c4f8","FUN_0020c4f8",tail
"0020c4f8","FUN_0020c4f8","0020c54c","0020c4f8","FUN_0020c4f8",tail
"0020c4f8","FUN_0020c4f8","0020c554","0020c4f8","FUN_0020c4f8",tail
"0020c4f8","FUN_0020c4f8","0020c560","0020c5f0","FUN_0020c5f0",direct
"0020c4f8","FUN_0020c4f8","0020c594","001f97e8","FUN_001f97e8",direct
"0020c4f8","FUN_0020c4f8","0020c5a4","0020c4f8","FUN_0020c4f8",tail
"0020c4f8","FUN_0020c4f8","0020c5b4","0020c4f8","FUN_0020c4f8",tail
"0020c4f8","FUN_0020c4f8","0020c5c0","0020c4f8","FUN_0020c4f8",tail
"0020c4f8","FUN_0020c4f8","0020c5d4","001e93b0","FUN_001e93b0",direct
"0020c5f0","FUN_0020c5f0","0020c60c","001f97e8","FUN_001f97e8",direct
"0020c5f0","FUN_0020c5f0","0020c6b8","0020c5f0","FUN_0020c5f0",tail
"0020c5f0","FUN_0020c5f0","0020c6e4","0020c5f0","FUN_0020c5f0",tail
"0020c5f0","FUN_0020c5f0","0020c72c","0020c5f0","FUN_0020c5f0",tail
"0020c5f0","FUN_0020c5f0","0020c748","0020c5f0","FUN_0020c5f0",tail
"0020c5f0","FUN_0020c5f0","0020c774","0020c5f0","FUN_0020c5f0",tail
"0020c5f0","FUN_0020c5f0","0020c788","0020c5f0","FUN_0020c5f0",tail
"0020c5f0","FUN_0020c5f0","0020c790","0020c880","FUN_0020c880",direct
"0020c5f0","FUN_0020c5f0","0020c7a8","0020c5f0","FUN_0020c5f0",tail
"0020c5f0","FUN_0020c5f0","0020c7c8","0020c5f0","FUN_0020c5f0",tail
"0020c5f0","FUN_0020c5f0","0020c7dc","0020c5f0","FUN_0020c5f0",tail
"0020c5f0","FUN_0020c5f0","0020c7f0","0020c5f0","FUN_0020c5f0",tail
"0020c5f0","FUN_0020c5f0","0020c7fc","0020c5f0","FUN_0020c5f0",tail
"0020c828","FUN_0020c828","0020c83c","0020c828","FUN_0020c828",tail
"0020c828","FUN_0020c828","0020c844","0020c828","FUN_0020c828",tail
"0020c828","FUN_0020c828","0020c86c","0020dc20","FUN_0020dc20",direct
"0020c880","FUN_0020c880","0020c88c","0020c880","FUN_0020c880",tail
"0020c880","FUN_0020c880","0020c8ec","0020c880","FUN_0020c880",tail
"0020c940","FUN_0020c940","0020c95c","0020c940","FUN_0020c940",tail
"0020c940","FUN_0020c940","0020c97c","0020c940","FUN_0020c940",tail
"0020c940","FUN_0020c940","0020c984","0020c940","FUN_0020c940",tail
"0020c940","FUN_0020c940","0020c990","0020c940","FUN_0020c940",tail
"0020c940","FUN_0020c940","0020c998","0022d798","FUN_0022d798",direct
"0020c940","FUN_0020c940","0020c9a0","0020c940","FUN_0020c940",tail
"0020c940","FUN_0020c940","0020c9ac","0020c940","FUN_0020c940",tail
"0020c940","FUN_0020c940","0020c9b8","0022da68","FUN_0022da68",direct
"0020c9e0","FUN_0020c9e0","0020ca00","0020c9e0","FUN_0020c9e0",tail
"0020c9e0","FUN_0020c9e0","0020ca20","0020c9e0","FUN_0020c9e0",tail
"0020c9e0","FUN_0020c9e0","0020ca28","001fa6c0","FUN_001fa6c0",direct
"0020c9e0","FUN_0020c9e0","0020ca38","0020c9e0","FUN_0020c9e0",tail
"0020c9e0","FUN_0020c9e0","0020ca44","0020c9e0","FUN_0020c9e0",tail
"0020c9e0","FUN_0020c9e0","0020ca58","0020c9e0","FUN_0020c9e0",tail
"0020c9e0","FUN_0020c9e0","0020ca60","001fa6c0","FUN_001fa6c0",direct
"0020c9e0","FUN_0020c9e0","0020ca78","0020c9e0","FUN_0020c9e0",tail
"0020c9e0","FUN_0020c9e0","0020ca80","001fa6c0","FUN_001fa6c0",direct
"0020c9e0","FUN_0020c9e0","0020ca9c","001fa6c0","FUN_001fa6c0",direct
"0020cb10","FUN_0020cb10","0020cb14","0020cb10","FUN_0020cb10",tail
"0020cb88","FUN_0020cb88","0020cb94","0020cb88","FUN_0020cb88",tail
"0020cb88","FUN_0020cb88","0020cba0","0020cb88","FUN_0020cb88",tail
"0020cb88","FUN_0020cb88","0020cbac","0020cb88","FUN_0020cb88",tail
"0020cb88","FUN_0020cb88","0020cbb8","0020cb88","FUN_0020cb88",tail
"0020cb88","FUN_0020cb88","0020cbc0","0020cb88","FUN_0020cb88",tail
"0020cb88","FUN_0020cb88","0020cbd4","0020cb88","FUN_0020cb88",tail
"0020cb88","FUN_0020cb88","0020cbe4","0020cb88","FUN_0020cb88",tail
"0020cb88","FUN_0020cb88","0020cbf0","0020cb88","FUN_0020cb88",tail
"0020cb88","FUN_0020cb88","0020cc04","001f97e8","FUN_001f97e8",direct
"0020cc18","FUN_0020cc18","0020cc2c","0020cc18","FUN_0020cc18",tail
"0020cc18","FUN_0020cc18","0020cc34","0020cc18","FUN_0020cc18",tail
"0020cc18","FUN_0020cc18","0020cc4c","0020cc18","FUN_0020cc18",tail
"0020cc60","FUN_0020cc60","0020cc74","0020cc60","FUN_0020cc60",tail
"0020cc60","FUN_0020cc60","0020cc84","0020cc60","FUN_0020cc60",tail
"0020cc60","FUN_0020cc60","0020cc90","0020cc60","FUN_0020cc60",tail
"0020cc60","FUN_0020cc60","0020cc98","0020cc60","FUN_0020cc60",tail
"0020cca8","FUN_0020cca8","0020cce4","00210850","FUN_00210850",direct
"0020cca8","FUN_0020cca8","0020ccf8","001f9a68","FUN_001f9a68",direct
"0020cca8","FUN_0020cca8","0020cd04","001fa298","FUN_001fa298",direct
"0020cca8","FUN_0020cca8","0020cd14","001fa378","FUN_001fa378",direct
"0020cca8","FUN_0020cca8","0020cd24","001f9a10","FUN_001f9a10",direct
"0020cd48","FUN_0020cd48","0020cd78","002106f8","FUN_002106f8",direct
"0020cd48","FUN_0020cd48","0020cd80","0020cd48","FUN_0020cd48",tail
"0020cd48","FUN_0020cd48","0020cd98","001f9a68","FUN_001f9a68",direct
"0020cd48","FUN_0020cd48","0020cda8","001f9cf8","FUN_001f9cf8",direct
"0020cd48","FUN_0020cd48","0020cdbc","001f9a10","FUN_001f9a10",direct
"0020cd48","FUN_0020cd48","0020cdc4","0020cd48","FUN_0020cd48",tail
"0020cdf0","FUN_0020cdf0","0020ce58","0020cdf0","FUN_0020cdf0",tail
"0020cdf0","FUN_0020cdf0","0020ce64","0020cdf0","FUN_0020cdf0",tail
"0020cdf0","FUN_0020cdf0","0020ce6c","00211408","FUN_00211408",direct
"0020cdf0","FUN_0020cdf0","0020ce74","00233b68","FUN_00233b68",direct
"0020cef8","FUN_0020cef8","0020cf00","0020cef8","FUN_0020cef8",tail
"0020cef8","FUN_0020cef8","0020cf44","0020cef8","FUN_0020cef8",tail
"0020cef8","FUN_0020cef8","0020cf6c","0020cef8","FUN_0020cef8",tail
"0020cef8","FUN_0020cef8","0020cf88","0020cef8","FUN_0020cef8",tail
"0020cef8","FUN_0020cef8","0020cfa4","0020cef8","FUN_0020cef8",tail
"0020cef8","FUN_0020cef8","0020cfb0","0020cef8","FUN_0020cef8",tail
"0020cef8","FUN_0020cef8","0020cfc0","0020cef8","FUN_0020cef8",tail
"0020cfd0","FUN_0020cfd0","0020cfec","0020d510","FUN_0020d510",direct
"0020cfd0","FUN_0020cfd0","0020d004","001f9e90","FUN_001f9e90",direct
"0020cfd0","FUN_0020cfd0","0020d010","001f9dc8","FUN_001f9dc8",direct
"0020cfd0","FUN_0020cfd0","0020d028","001f9de0","FUN_001f9de0",direct
"0020d060","FUN_0020d060","0020d074","0020d060","FUN_0020d060",tail
"0020d060","FUN_0020d060","0020d0ac","0020d060","FUN_0020d060",tail
"0020d060","FUN_0020d060","0020d104","00227740","FUN_00227740",direct
"0020d060","FUN_0020d060","0020d110","00227548","FUN_00227548",direct
"0020d060","FUN_0020d060","0020d188","001f21b0","FUN_001f21b0",direct
"0020d1a8","FUN_0020d1a8","0020d1b0","00118a80","FlushCache",direct
"0020d1a8","FUN_0020d1a8","0020d1c8","001f98d0","FUN_001f98d0",direct
"0020d1a8","FUN_0020d1a8","0020d1d8","00211728","FUN_00211728",direct
"0020d1f0","FUN_0020d1f0","0020d204","001f97e8","FUN_001f97e8",direct
"0020d218","FUN_0020d218","0020d230","001f98d0","FUN_001f98d0",direct
"0020d248","FUN_0020d248","0020d260","001f98d0","FUN_001f98d0",direct
"0020d278","FUN_0020d278","0020d28c","00233830","FUN_00233830",direct
"0020d278","FUN_0020d278","0020d2a4","002334d8","FUN_002334d8",direct
"0020d278","FUN_0020d278","0020d2b4","00233980","FUN_00233980",direct
"0020d278","FUN_0020d278","0020d2ec","001f21b8","FUN_001f21b8",direct
"0020d330","FUN_0020d330","0020d350","00233980","FUN_00233980",direct
"0020d330","FUN_0020d330","0020d358","00118a80","FlushCache",direct
"0020d330","FUN_0020d330","0020d360","0020d248","FUN_0020d248",direct
"0020d330","FUN_0020d330","0020d378","00211808","FUN_00211808",direct
"0020d330","FUN_0020d330","0020d380","0020d218","FUN_0020d218",direct
"0020d3b0","FUN_0020d3b0","0020d3c8","001f21b8","FUN_001f21b8",direct
"0020d3b0","FUN_0020d3b0","0020d3d0","0020cdf0","FUN_0020cdf0",direct
"0020d3b0","FUN_0020d3b0","0020d3dc","001f21b0","FUN_001f21b0",direct
"0020d3b0","FUN_0020d3b0","0020d3f4","0020d3b0","FUN_0020d3b0",tail
"0020d3b0","FUN_0020d3b0","0020d3fc","0020d1a8","FUN_0020d1a8",direct
"0020d3b0","FUN_0020d3b0","0020d40c","0020d3b0","FUN_0020d3b0",tail
"0020d3b0","FUN_0020d3b0","0020d414","002116b8","FUN_002116b8",direct
"0020d3b0","FUN_0020d3b0","0020d424","001f21b0","FUN_001f21b0",direct
"0020d3b0","FUN_0020d3b0","0020d434","0020d3b0","FUN_0020d3b0",tail
"0020d3b0","FUN_0020d3b0","0020d43c","0020d3b0","FUN_0020d3b0",tail
"0020d3b0","FUN_0020d3b0","0020d444","0020d060","FUN_0020d060",direct
"0020d460","FUN_0020d460","0020d468","0020d278","FUN_0020d278",direct
"0020d460","FUN_0020d460","0020d478","0020d460","FUN_0020d460",tail
"0020d460","FUN_0020d460","0020d480","0020d1f0","FUN_0020d1f0",direct
"0020d460","FUN_0020d460","0020d49c","00211808","FUN_00211808",direct
"0020d460","FUN_0020d460","0020d4b8","0020d460","FUN_0020d460",tail
"0020d460","FUN_0020d460","0020d4c4","001e93b0","FUN_001e93b0",direct
"0020d460","FUN_0020d460","0020d4cc","0020d3b0","FUN_0020d3b0",direct
"0020d510","FUN_0020d510","0020d538","0020d510","FUN_0020d510",tail
"0020d580","FUN_0020d580","0020d5b8","0020d580","FUN_0020d580",tail
"0020d580","FUN_0020d580","0020d5c0","0020d580","FUN_0020d580",tail
"0020d580","FUN_0020d580","0020d5e0","0020d580","FUN_0020d580",tail
"0020d580","FUN_0020d580","0020d610","0020d580","FUN_0020d580",tail
"0020d580","FUN_0020d580","0020d618","0020d580","FUN_0020d580",tail
"0020d580","FUN_0020d580","0020d620","0020d580","FUN_0020d580",tail
"0020d580","FUN_0020d580","0020d628","0020d580","FUN_0020d580",tail
"0020d580","FUN_0020d580","0020d640","0020d580","FUN_0020d580",tail
"0020d580","FUN_0020d580","0020d660","0020d580","FUN_0020d580",tail
"0020d580","FUN_0020d580","0020d688","0020d580","FUN_0020d580",tail
"0020d580","FUN_0020d580","0020d6a0","0020d580","FUN_0020d580",tail
"0020d580","FUN_0020d580","0020d6d8","0020d580","FUN_0020d580",tail
"0020d580","FUN_0020d580","0020d6e0","0020d580","FUN_0020d580",tail
"0020d580","FUN_0020d580","0020d700","0020d580","FUN_0020d580",tail
"0020d580","FUN_0020d580","0020d720","0020d580","FUN_0020d580",tail
"0020d580","FUN_0020d580","0020d748","0020d580","FUN_0020d580",tail
"0020d580","FUN_0020d580","0020d778","0020d580","FUN_0020d580",tail
"0020d580","FUN_0020d580","0020d780","0020d580","FUN_0020d580",tail
"0020d580","FUN_0020d580","0020d790","0020d580","FUN_0020d580",tail
"0020d580","FUN_0020d580","0020d7a0","0020d580","FUN_0020d580",tail
"0020d580","FUN_0020d580","0020d7e0","0020d580","FUN_0020d580",tail
"0020d580","FUN_0020d580","0020d7f0","0020d580","FUN_0020d580",tail
"0020d580","FUN_0020d580","0020d808","0020d580","FUN_0020d580",tail
"0020d580","FUN_0020d580","0020d818","0022da68","FUN_0022da68",direct
"0020d580","FUN_0020d580","0020d828","0020d580","FUN_0020d580",tail
"0020d580","FUN_0020d580","0020d838","0020d580","FUN_0020d580",tail
"0020d580","FUN_0020d580","0020d850","0020d580","FUN_0020d580",tail
"0020d580","FUN_0020d580","0020d858","0020c940","FUN_0020c940",direct
"0020d868","FUN_0020d868","0020d8a8","0020d868","FUN_0020d868",tail
"0020d868","FUN_0020d868","0020d8d0","0020d868","FUN_0020d868",tail
"0020d868","FUN_0020d868","0020d910","0020d868","FUN_0020d868",tail
"0020d868","FUN_0020d868","0020d918","0020d868","FUN_0020d868",tail
"0020d868","FUN_0020d868","0020d920","0020d868","FUN_0020d868",tail
"0020d868","FUN_0020d868","0020d950","0020d868","FUN_0020d868",tail
"0020d868","FUN_0020d868","0020d958","0020d868","FUN_0020d868",tail
"0020d868","FUN_0020d868","0020d960","0020d868","FUN_0020d868",tail
"0020d868","FUN_0020d868","0020d988","0020d868","FUN_0020d868",tail
"0020d868","FUN_0020d868","0020d9a8","0020d868","FUN_0020d868",tail
"0020d868","FUN_0020d868","0020d9d0","0020d868","FUN_0020d868",tail
"0020d868","FUN_0020d868","0020d9d8","0020d868","FUN_0020d868",tail
"0020d868","FUN_0020d868","0020d9e0","0020d868","FUN_0020d868",tail
"0020d868","FUN_0020d868","0020da00","0020d868","FUN_0020d868",tail
"0020d868","FUN_0020d868","0020da18","0020d868","FUN_0020d868",tail
"0020d868","FUN_0020d868","0020da28","0020d868","FUN_0020d868",tail
"0020d868","FUN_0020d868","0020da58","0020d868","FUN_0020d868",tail
"0020d868","FUN_0020d868","0020da88","0020d868","FUN_0020d868",tail
"0020d868","FUN_0020d868","0020da90","0020d868","FUN_0020d868",tail
"0020d868","FUN_0020d868","0020da98","0020d868","FUN_0020d868",tail
"0020d868","FUN_0020d868","0020dab0","0020d868","FUN_0020d868",tail
"0020d868","FUN_0020d868","0020dad0","0020d868","FUN_0020d868",tail
"0020d868","FUN_0020d868","0020daf0","0020d868","FUN_0020d868",tail
"0020d868","FUN_0020d868","0020db08","0020d868","FUN_0020d868",tail
"0020d868","FUN_0020d868","0020db10","0020d868","FUN_0020d868",tail
"0020d868","FUN_0020d868","0020db20","0020d868","FUN_0020d868",tail
"0020d868","FUN_0020d868","0020db30","0020d868","FUN_0020d868",tail
"0020db40","FUN_0020db40","0020db78","0020db40","FUN_0020db40",tail
"0020db40","FUN_0020db40","0020db80","0020db40","FUN_0020db40",tail
"0020dba0","FUN_0020dba0","0020dbd4","0020dba0","FUN_0020dba0",tail
"0020dba0","FUN_0020dba0","0020dbf8","0020dba0","FUN_0020dba0",tail
"0020dba0","FUN_0020dba0","0020dc08","0020dba0","FUN_0020dba0",tail
"0020dc20","FUN_0020dc20","0020dc40","0020dc20","FUN_0020dc20",tail
"0020dc20","FUN_0020dc20","0020dc60","0020dc20","FUN_0020dc20",tail
"0020dc20","FUN_0020dc20","0020dc68","0020dc20","FUN_0020dc20",tail
"0020dc20","FUN_0020dc20","0020dc70","0020dc20","FUN_0020dc20",tail
"0020dc20","FUN_0020dc20","0020dca0","0020dc20","FUN_0020dc20",tail
"0020dc20","FUN_0020dc20","0020dcb8","0020dc20","FUN_0020dc20",tail
"0020dc20","FUN_0020dc20","0020dce0","0020dc20","FUN_0020dc20",tail
"0020dc20","FUN_0020dc20","0020dce8","0020dc20","FUN_0020dc20",tail
"0020dc20","FUN_0020dc20","0020dcf8","0020dc20","FUN_0020dc20",tail
"0020dc20","FUN_0020dc20","0020dd08","0020dc20","FUN_0020dc20",tail
"0020dc20","FUN_0020dc20","0020dd18","0020dc20","FUN_0020dc20",tail
"0020dc20","FUN_0020dc20","0020dd30","0020dc20","FUN_0020dc20",tail
"0020dc20","FUN_0020dc20","0020dd50","0020dc20","FUN_0020dc20",tail
"0020dc20","FUN_0020dc20","0020dd58","0020dc20","FUN_0020dc20",tail
"0020dc20","FUN_0020dc20","0020dd60","0020dc20","FUN_0020dc20",tail
"0020dc20","FUN_0020dc20","0020dd80","0020dc20","FUN_0020dc20",tail
"0020dc20","FUN_0020dc20","0020dd90","0020dc20","FUN_0020dc20",tail
"0020dc20","FUN_0020dc20","0020ddc0","0020dc20","FUN_0020dc20",tail
"0020dc20","FUN_0020dc20","0020ddd0","0020dc20","FUN_0020dc20",tail
"0020dc20","FUN_0020dc20","0020ddf0","0020db40","FUN_0020db40",direct
"0020dc20","FUN_0020dc20","0020de08","0020dc20","FUN_0020dc20",tail
"0020dc20","FUN_0020dc20","0020de10","0020dba0","FUN_0020dba0",direct
"0020dc20","FUN_0020dc20","0020de48","0020dc20","FUN_0020dc20",tail
"0020dc20","FUN_0020dc20","0020de58","0020dc20","FUN_0020dc20",tail
"0020dc20","FUN_0020dc20","0020de80","0020dba0","FUN_0020dba0",direct
"0020dc20","FUN_0020dc20","0020de90","0020dc20","FUN_0020dc20",tail
"0020dc20","FUN_0020dc20","0020de98","0020db40","FUN_0020db40",direct
"0020dc20","FUN_0020dc20","0020ded0","0020dc20","FUN_0020dc20",tail
"0020dc20","FUN_0020dc20","0020dee8","0020dc20","FUN_0020dc20",tail
"0020def8","FUN_0020def8","0020df00","0020def8","FUN_0020def8",tail
"0020def8","FUN_0020def8","0020df20","0020def8","FUN_0020def8",tail
"0020def8","FUN_0020def8","0020df38","0020def8","FUN_0020def8",tail
"0020def8","FUN_0020def8","0020df40","0020def8","FUN_0020def8",tail
"0020def8","FUN_0020def8","0020df50","0020def8","FUN_0020def8",tail
"0020def8","FUN_0020def8","0020dfb0","0020def8","FUN_0020def8",tail
"0020def8","FUN_0020def8","0020dfe0","0020def8","FUN_0020def8",tail
"0020def8","FUN_0020def8","0020dfe8","0020def8","FUN_0020def8",tail
"0020def8","FUN_0020def8","0020dff0","0020dc20","FUN_0020dc20",direct
"0020def8","FUN_0020def8","0020e010","0020def8","FUN_0020def8",tail
"0020def8","FUN_0020def8","0020e030","0020def8","FUN_0020def8",tail
"0020def8","FUN_0020def8","0020e040","0020def8","FUN_0020def8",tail
"0020def8","FUN_0020def8","0020e070","0020def8","FUN_0020def8",tail
"0020def8","FUN_0020def8","0020e090","0020def8","FUN_0020def8",tail
"0020e098","FUN_0020e098","0020e0a0","0020e098","FUN_0020e098",tail
"0020e098","FUN_0020e098","0020e0d0","0020def8","FUN_0020def8",tail
"0020e0e0","FUN_0020e0e0","0020e0f0","0020e0e0","FUN_0020e0e0",tail
"0020e0e0","FUN_0020e0e0","0020e228","0020e0e0","FUN_0020e0e0",tail
"0020e0e0","FUN_0020e0e0","0020e258","0020e0e0","FUN_0020e0e0",tail
"0020e0e0","FUN_0020e0e0","0020e274","0020e0e0","FUN_0020e0e0",tail
"0020e0e0","FUN_0020e0e0","0020e2d4","0020e0e0","FUN_0020e0e0",tail
"0020e0e0","FUN_0020e0e0","0020e2f0","0020e0e0","FUN_0020e0e0",tail
"0020e0e0","FUN_0020e0e0","0020e300","0020e0e0","FUN_0020e0e0",tail
"0020e0e0","FUN_0020e0e0","0020e328","0020e0e0","FUN_0020e0e0",tail
"0020e0e0","FUN_0020e0e0","0020e340","0020e0e0","FUN_0020e0e0",tail
"0020e0e0","FUN_0020e0e0","0020e350","0020e0e0","FUN_0020e0e0",tail
"0020e0e0","FUN_0020e0e0","0020e360","0020e0e0","FUN_0020e0e0",tail
"0020e0e0","FUN_0020e0e0","0020e3b0","0020e0e0","FUN_0020e0e0",tail
"0020e0e0","FUN_0020e0e0","0020e3cc","0020e0e0","FUN_0020e0e0",tail
"0020e0e0","FUN_0020e0e0","0020e3d4","0020e0e0","FUN_0020e0e0",tail
"0020e0e0","FUN_0020e0e0","0020e3fc","0020e0e0","FUN_0020e0e0",tail
"0020e0e0","FUN_0020e0e0","0020e414","0020e0e0","FUN_0020e0e0",tail
"0020e0e0","FUN_0020e0e0","0020e424","0020e0e0","FUN_0020e0e0",tail
"0020e0e0","FUN_0020e0e0","0020e434","0020e0e0","FUN_0020e0e0",tail
"0020e0e0","FUN_0020e0e0","0020e444","0020e0e0","FUN_0020e0e0",tail
"0020e0e0","FUN_0020e0e0","0020e45c","0020e0e0","FUN_0020e0e0",tail
"0020e0e0","FUN_0020e0e0","0020e4b4","0020e0e0","FUN_0020e0e0",tail
"0020e0e0","FUN_0020e0e0","0020e4c4","0020e0e0","FUN_0020e0e0",tail
"0020e0e0","FUN_0020e0e0","0020e4d4","0020e0e0","FUN_0020e0e0",tail
"0020e0e0","FUN_0020e0e0","0020e4f4","0020e0e0","FUN_0020e0e0",tail
"0020e0e0","FUN_0020e0e0","0020e504","0020e0e0","FUN_0020e0e0",tail
"0020e0e0","FUN_0020e0e0","0020e52c","0020e0e0","FUN_0020e0e0",tail
"0020e0e0","FUN_0020e0e0","0020e53c","0020e0e0","FUN_0020e0e0",tail
"0020e0e0","FUN_0020e0e0","0020e54c","0020e0e0","FUN_0020e0e0",tail
"0020e0e0","FUN_0020e0e0","0020e604","0020e0e0","FUN_0020e0e0",tail
"0020e0e0","FUN_0020e0e0","0020e614","0020e0e0","FUN_0020e0e0",tail
"0020e0e0","FUN_0020e0e0","0020e65c","0020e0e0","FUN_0020e0e0",tail
"0020e0e0","FUN_0020e0e0","0020e66c","0020e0e0","FUN_0020e0e0",tail
"0020e0e0","FUN_0020e0e0","0020e6ec","0020e0e0","FUN_0020e0e0",tail
"0020e0e0","FUN_0020e0e0","0020e6f4","0020e0e0","FUN_0020e0e0",tail
"0020e0e0","FUN_0020e0e0","0020e720","0020e0e0","FUN_0020e0e0",tail
"0020e0e0","FUN_0020e0e0","0020e73c","0020e0e0","FUN_0020e0e0",tail
"0020e0e0","FUN_0020e0e0","0020e77c","0020e0e0","FUN_0020e0e0",tail
"0020e0e0","FUN_0020e0e0","0020e798","0020e0e0","FUN_0020e0e0",tail
"0020e0e0","FUN_0020e0e0","0020e7a8","0020e0e0","FUN_0020e0e0",tail
"0020e0e0","FUN_0020e0e0","0020e7d0","0020e0e0","FUN_0020e0e0",tail
"0020e0e0","FUN_0020e0e0","0020e7e8","0020e0e0","FUN_0020e0e0",tail
"0020e0e0","FUN_0020e0e0","0020e7f0","0020e0e0","FUN_0020e0e0",tail
"0020e0e0","FUN_0020e0e0","0020e808","0020e0e0","FUN_0020e0e0",tail
"0020e0e0","FUN_0020e0e0","0020e848","0020e0e0","FUN_0020e0e0",tail
"0020e0e0","FUN_0020e0e0","0020e890","0020e0e0","FUN_0020e0e0",tail
"0020e0e0","FUN_0020e0e0","0020e898","0020e0e0","FUN_0020e0e0",tail
"0020e0e0","FUN_0020e0e0","0020e904","0020e0e0","FUN_0020e0e0",tail
"0020e0e0","FUN_0020e0e0","0020e974","0020e0e0","FUN_0020e0e0",tail
"0020e0e0","FUN_0020e0e0","0020e9ac","0020e0e0","FUN_0020e0e0",tail
"0020e0e0","FUN_0020e0e0","0020e9c4","0020e0e0","FUN_0020e0e0",tail
"0020e0e0","FUN_0020e0e0","0020e9cc","0020e0e0","FUN_0020e0e0",tail
"0020e0e0","FUN_0020e0e0","0020e9dc","0020e0e0","FUN_0020e0e0",tail
"0020e0e0","FUN_0020e0e0","0020ea04","0020e0e0","FUN_0020e0e0",tail
"0020e0e0","FUN_0020e0e0","0020ea3c","0020e0e0","FUN_0020e0e0",tail
"0020e0e0","FUN_0020e0e0","0020ea9c","0020e0e0","FUN_0020e0e0",tail
"0020e0e0","FUN_0020e0e0","0020ead4","0020e0e0","FUN_0020e0e0",tail
"0020e0e0","FUN_0020e0e0","0020eba8","0020e0e0","FUN_0020e0e0",tail
"0020e0e0","FUN_0020e0e0","0020ebc0","0020e0e0","FUN_0020e0e0",tail
"0020e0e0","FUN_0020e0e0","0020ebd0","0020e0e0","FUN_0020e0e0",tail
"0020e0e0","FUN_0020e0e0","0020ec30","0020e0e0","FUN_0020e0e0",tail
"0020e0e0","FUN_0020e0e0","0020ec50","0020e0e0","FUN_0020e0e0",tail
"0020e0e0","FUN_0020e0e0","0020ec58","0020e0e0","FUN_0020e0e0",tail
"0020e0e0","FUN_0020e0e0","0020eca4","0020e0e0","FUN_0020e0e0",tail
"0020e0e0","FUN_0020e0e0","0020ecac","0020e0e0","FUN_0020e0e0",tail
"0020e0e0","FUN_0020e0e0","0020ecb4","0020e0e0","FUN_0020e0e0",tail
"0020e0e0","FUN_0020e0e0","0020ecf4","0020e0e0","FUN_0020e0e0",tail
"0020e0e0","FUN_0020e0e0","0020ed10","0020e0e0","FUN_0020e0e0",tail
"0020e0e0","FUN_0020e0e0","0020ed94","0020e0e0","FUN_0020e0e0",tail
"0020ede8","FUN_0020ede8","0020ee98","0020ede8","FUN_0020ede8",tail
"0020ede8","FUN_0020ede8","0020eeb8","0020ede8","FUN_0020ede8",tail
"0020ede8","FUN_0020ede8","0020ef38","0020ede8","FUN_0020ede8",tail
"0020ede8","FUN_0020ede8","0020ef40","0020ede8","FUN_0020ede8",tail
"0020ede8","FUN_0020ede8","0020efa8","0020ede8","FUN_0020ede8",tail
"0020ede8","FUN_0020ede8","0020efe0","0020ede8","FUN_0020ede8",tail
"0020ede8","FUN_0020ede8","0020f040","0020ede8","FUN_0020ede8",tail
"0020ede8","FUN_0020ede8","0020f048","0020ede8","FUN_0020ede8",tail
"0020ede8","FUN_0020ede8","0020f0a0","0020ede8","FUN_0020ede8",tail
"0020ede8","FUN_0020ede8","0020f0c0","0020ede8","FUN_0020ede8",tail
"0020ede8","FUN_0020ede8","0020f0d0","0020ede8","FUN_0020ede8",tail
"0020ede8","FUN_0020ede8","0020f130","0020ede8","FUN_0020ede8",tail
"0020ede8","FUN_0020ede8","0020f138","0020ede8","FUN_0020ede8",tail
"0020ede8","FUN_0020ede8","0020f188","0020ede8","FUN_0020ede8",tail
"0020ede8","FUN_0020ede8","0020f1a0","0020ede8","FUN_0020ede8",tail
"0020ede8","FUN_0020ede8","0020f1d8","0020ede8","FUN_0020ede8",tail
"0020ede8","FUN_0020ede8","0020f1f0","0020ede8","FUN_0020ede8",tail
"0020ede8","FUN_0020ede8","0020f228","0020ede8","FUN_0020ede8",tail
"0020ede8","FUN_0020ede8","0020f248","0020ede8","FUN_0020ede8",tail
"0020ede8","FUN_0020ede8","0020f2e0","0020ede8","FUN_0020ede8",tail
"0020ede8","FUN_0020ede8","0020f2e8","0020ede8","FUN_0020ede8",tail
"0020ede8","FUN_0020ede8","0020f308","0020ede8","FUN_0020ede8",tail
"0020ede8","FUN_0020ede8","0020f310","0020ede8","FUN_0020ede8",tail
"0020ede8","FUN_0020ede8","0020f360","0020ede8","FUN_0020ede8",tail
"0020ede8","FUN_0020ede8","0020f368","0020ede8","FUN_0020ede8",tail
"0020ede8","FUN_0020ede8","0020f3b0","0020ede8","FUN_0020ede8",tail
"0020ede8","FUN_0020ede8","0020f448","0020ede8","FUN_0020ede8",tail
"0020ede8","FUN_0020ede8","0020f460","0020ede8","FUN_0020ede8",tail
"0020ede8","FUN_0020ede8","0020f518","0020ede8","FUN_0020ede8",tail
"0020ede8","FUN_0020ede8","0020f550","0020ede8","FUN_0020ede8",tail
"0020ede8","FUN_0020ede8","0020f570","0020ede8","FUN_0020ede8",tail
"0020ede8","FUN_0020ede8","0020f5c0","0020ede8","FUN_0020ede8",tail
"0020ede8","FUN_0020ede8","0020f5e0","0020ede8","FUN_0020ede8",tail
"0020ede8","FUN_0020ede8","0020f5e8","0020ede8","FUN_0020ede8",tail
"0020ede8","FUN_0020ede8","0020f608","0020ede8","FUN_0020ede8",tail
"0020ede8","FUN_0020ede8","0020f678","0020ede8","FUN_0020ede8",tail
"0020ede8","FUN_0020ede8","0020f720","0020ede8","FUN_0020ede8",tail
"0020ede8","FUN_0020ede8","0020f768","0020ede8","FUN_0020ede8",tail
"0020ede8","FUN_0020ede8","0020f800","0020ede8","FUN_0020ede8",tail
"0020ede8","FUN_0020ede8","0020f808","0020ede8","FUN_0020ede8",tail
"0020ede8","FUN_0020ede8","0020f810","0020ede8","FUN_0020ede8",tail
"0020ede8","FUN_0020ede8","0020f818","0020ede8","FUN_0020ede8",tail
"0020ede8","FUN_0020ede8","0020f888","0020ede8","FUN_0020ede8",tail
"0020ede8","FUN_0020ede8","0020f8f8","0020ede8","FUN_0020ede8",tail
"0020ede8","FUN_0020ede8","0020f948","0020ede8","FUN_0020ede8",tail
"0020ede8","FUN_0020ede8","0020f968","0020ede8","FUN_0020ede8",tail
"0020ede8","FUN_0020ede8","0020f970","0020ede8","FUN_0020ede8",tail
"0020ede8","FUN_0020ede8","0020f980","0020ede8","FUN_0020ede8",tail
"0020ede8","FUN_0020ede8","0020f988","0020ede8","FUN_0020ede8",tail
"0020ede8","FUN_0020ede8","0020f9b0","0020ede8","FUN_0020ede8",tail
"0020ede8","FUN_0020ede8","0020f9e8","0020ede8","FUN_0020ede8",tail
"0020ede8","FUN_0020ede8","0020fa48","0020ede8","FUN_0020ede8",tail
"0020ede8","FUN_0020ede8","0020fa80","0020ede8","FUN_0020ede8",tail
"0020ede8","FUN_0020ede8","0020fa88","0020ede8","FUN_0020ede8",tail
"0020fa90","FUN_0020fa90","0020fb58","0020fa90","FUN_0020fa90",tail
"0020fa90","FUN_0020fa90","0020fb78","0020fa90","FUN_0020fa90",tail
"0020fa90","FUN_0020fa90","0020fbf8","0020fa90","FUN_0020fa90",tail
"0020fa90","FUN_0020fa90","0020fc00","0020fa90","FUN_0020fa90",tail
"0020fa90","FUN_0020fa90","0020fc68","0020fa90","FUN_0020fa90",tail
"0020fa90","FUN_0020fa90","0020fca8","0020fa90","FUN_0020fa90",tail
"0020fa90","FUN_0020fa90","0020fcc0","0020fa90","FUN_0020fa90",tail
"0020fa90","FUN_0020fa90","0020fcd0","0020fa90","FUN_0020fa90",tail
"0020fa90","FUN_0020fa90","0020fcf8","0020fa90","FUN_0020fa90",tail
"0020fa90","FUN_0020fa90","0020fd10","0020fa90","FUN_0020fa90",tail
"0020fa90","FUN_0020fa90","0020fd18","0020fa90","FUN_0020fa90",tail
"0020fa90","FUN_0020fa90","0020fd38","0020fa90","FUN_0020fa90",tail
"0020fa90","FUN_0020fa90","0020fd78","0020fa90","FUN_0020fa90",tail
"0020fa90","FUN_0020fa90","0020fd98","0020fa90","FUN_0020fa90",tail
"0020fa90","FUN_0020fa90","0020fda8","0020fa90","FUN_0020fa90",tail
"0020fa90","FUN_0020fa90","0020fdc0","0020fa90","FUN_0020fa90",tail
"0020fa90","FUN_0020fa90","0020fdd0","0020fa90","FUN_0020fa90",tail
"0020fa90","FUN_0020fa90","0020fe00","0020fa90","FUN_0020fa90",tail
"0020fa90","FUN_0020fa90","0020fe10","0020fa90","FUN_0020fa90",tail
"0020fa90","FUN_0020fa90","0020fe18","0020fa90","FUN_0020fa90",tail
"0020fa90","FUN_0020fa90","0020fe38","0020fa90","FUN_0020fa90",tail
"0020fa90","FUN_0020fa90","0020fe70","0020fa90","FUN_0020fa90",tail
"0020fa90","FUN_0020fa90","0020fe88","0020fa90","FUN_0020fa90",tail
"0020fa90","FUN_0020fa90","0020fec0","0020fa90","FUN_0020fa90",tail
"0020fa90","FUN_0020fa90","0020fed8","0020fa90","FUN_0020fa90",tail
"0020fa90","FUN_0020fa90","0020ff10","0020fa90","FUN_0020fa90",tail
"0020fa90","FUN_0020fa90","0020ff38","0020fa90","FUN_0020fa90",tail
"0020fa90","FUN_0020fa90","0020ffc8","0020fa90","FUN_0020fa90",tail
"0020fa90","FUN_0020fa90","0020ffd0","0020fa90","FUN_0020fa90",tail
"0020fa90","FUN_0020fa90","0020fff0","0020fa90","FUN_0020fa90",tail
"0020fa90","FUN_0020fa90","00210000","0020fa90","FUN_0020fa90",tail
"0020fa90","FUN_0020fa90","00210018","0020fa90","FUN_0020fa90",tail
"0020fa90","FUN_0020fa90","00210028","0020fa90","FUN_0020fa90",tail
"0020fa90","FUN_0020fa90","00210050","0020fa90","FUN_0020fa90",tail
"0020fa90","FUN_0020fa90","00210058","0020fa90","FUN_0020fa90",tail
"0020fa90","FUN_0020fa90","00210060","0020fa90","FUN_0020fa90",tail
"0020fa90","FUN_0020fa90","00210080","0020fa90","FUN_0020fa90",tail
"0020fa90","FUN_0020fa90","002100b0","0020fa90","FUN_0020fa90",tail
"0020fa90","FUN_0020fa90","00210148","0020fa90","FUN_0020fa90",tail
"0020fa90","FUN_0020fa90","00210158","0020fa90","FUN_0020fa90",tail
"0020fa90","FUN_0020fa90","00210260","0020fa90","FUN_0020fa90",tail
"0020fa90","FUN_0020fa90","00210270","0020fa90","FUN_0020fa90",tail
"0020fa90","FUN_0020fa90","00210278","0020fa90","FUN_0020fa90",tail
"0020fa90","FUN_0020fa90","00210298","0020fa90","FUN_0020fa90",tail
"0020fa90","FUN_0020fa90","002102a0","0020fa90","FUN_0020fa90",tail
"0020fa90","FUN_0020fa90","002102c8","0020fa90","FUN_0020fa90",tail
"0020fa90","FUN_0020fa90","002102d0","0020fa90","FUN_0020fa90",tail
"0020fa90","FUN_0020fa90","00210370","0020fa90","FUN_0020fa90",tail
"0020fa90","FUN_0020fa90","002103b8","0020fa90","FUN_0020fa90",tail
"0020fa90","FUN_0020fa90","00210450","0020fa90","FUN_0020fa90",tail
"0020fa90","FUN_0020fa90","00210458","0020fa90","FUN_0020fa90",tail
"0020fa90","FUN_0020fa90","00210460","0020fa90","FUN_0020fa90",tail
"0020fa90","FUN_0020fa90","002104d0","0020fa90","FUN_0020fa90",tail
"0020fa90","FUN_0020fa90","00210510","0020fa90","FUN_0020fa90",tail
"0020fa90","FUN_0020fa90","00210550","0020fa90","FUN_0020fa90",tail
"0020fa90","FUN_0020fa90","002105a0","0020fa90","FUN_0020fa90",tail
"0020fa90","FUN_0020fa90","002105c0","0020fa90","FUN_0020fa90",tail
"0020fa90","FUN_0020fa90","002105c8","0020fa90","FUN_0020fa90",tail
"0020fa90","FUN_0020fa90","002105d8","0020fa90","FUN_0020fa90",tail
"0020fa90","FUN_0020fa90","002105f8","0020fa90","FUN_0020fa90",tail
"0020fa90","FUN_0020fa90","00210618","0020fa90","FUN_0020fa90",tail
"0020fa90","FUN_0020fa90","00210650","0020fa90","FUN_0020fa90",tail
"0020fa90","FUN_0020fa90","002106b0","0020fa90","FUN_0020fa90",tail
"0020fa90","FUN_0020fa90","002106e8","0020fa90","FUN_0020fa90",tail
"0020fa90","FUN_0020fa90","002106f0","0020fa90","FUN_0020fa90",tail
"002106f8","FUN_002106f8","00210798","002106f8","FUN_002106f8",tail
"002106f8","FUN_002106f8","002107b0","002106f8","FUN_002106f8",tail
"002106f8","FUN_002106f8","002107d8","002109b8","FUN_002109b8",direct
"002106f8","FUN_002106f8","00210828","002106f8","FUN_002106f8",tail
"00210850","FUN_00210850","002108f0","00210850","FUN_00210850",tail
"00210850","FUN_00210850","00210908","00210850","FUN_00210850",tail
"00210850","FUN_00210850","00210930","002109b8","FUN_002109b8",direct
"00210850","FUN_00210850","00210990","00210850","FUN_00210850",tail
"002109b8","FUN_002109b8","002109d8","002109b8","FUN_002109b8",tail
"002109b8","FUN_002109b8","00210a38","002109b8","FUN_002109b8",tail
"002109b8","FUN_002109b8","00210ae4","002109b8","FUN_002109b8",tail
"002109b8","FUN_002109b8","00210b30","002109b8","FUN_002109b8",tail
"002109b8","FUN_002109b8","00210b90","002109b8","FUN_002109b8",tail
"002109b8","FUN_002109b8","00210bac","002109b8","FUN_002109b8",tail
"002109b8","FUN_002109b8","00210bbc","002109b8","FUN_002109b8",tail
"002109b8","FUN_002109b8","00210bd4","002109b8","FUN_002109b8",tail
"002109b8","FUN_002109b8","00210bf4","002109b8","FUN_002109b8",tail
"002109b8","FUN_002109b8","00210c24","002109b8","FUN_002109b8",tail
"002109b8","FUN_002109b8","00210c34","002109b8","FUN_002109b8",tail
"002109b8","FUN_002109b8","00210c74","002109b8","FUN_002109b8",tail
"002109b8","FUN_002109b8","00210c98","002109b8","FUN_002109b8",tail
"002109b8","FUN_002109b8","00210ca8","002109b8","FUN_002109b8",tail
"002109b8","FUN_002109b8","00210cd8","002109b8","FUN_002109b8",tail
"002109b8","FUN_002109b8","00210ce8","002109b8","FUN_002109b8",tail
"002109b8","FUN_002109b8","00210cf8","002109b8","FUN_002109b8",tail
"002109b8","FUN_002109b8","00210d00","002109b8","FUN_002109b8",tail
"002109b8","FUN_002109b8","00210d38","002109b8","FUN_002109b8",tail
"002109b8","FUN_002109b8","00210d48","002109b8","FUN_002109b8",tail
"002109b8","FUN_002109b8","00210d58","002109b8","FUN_002109b8",tail
"002109b8","FUN_002109b8","00210d78","002109b8","FUN_002109b8",tail
"002109b8","FUN_002109b8","00210d88","002109b8","FUN_002109b8",tail
"002109b8","FUN_002109b8","00210da4","002109b8","FUN_002109b8",tail
"002109b8","FUN_002109b8","00210dbc","002109b8","FUN_002109b8",tail
"002109b8","FUN_002109b8","00210dcc","002109b8","FUN_002109b8",tail
"002109b8","FUN_002109b8","00210e84","002109b8","FUN_002109b8",tail
"002109b8","FUN_002109b8","00210e94","002109b8","FUN_002109b8",tail
"002109b8","FUN_002109b8","00210edc","002109b8","FUN_002109b8",tail
"002109b8","FUN_002109b8","00210eec","002109b8","FUN_002109b8",tail
"002109b8","FUN_002109b8","00210f6c","002109b8","FUN_002109b8",tail
"002109b8","FUN_002109b8","00210f74","002109b8","FUN_002109b8",tail
"002109b8","FUN_002109b8","00210f88","002109b8","FUN_002109b8",tail
"002109b8","FUN_002109b8","00210fa8","002109b8","FUN_002109b8",tail
"002109b8","FUN_002109b8","00210fd0","002109b8","FUN_002109b8",tail
"002109b8","FUN_002109b8","00210fe0","002109b8","FUN_002109b8",tail
"002109b8","FUN_002109b8","00211020","002109b8","FUN_002109b8",tail
"002109b8","FUN_002109b8","00211030","002109b8","FUN_002109b8",tail
"002109b8","FUN_002109b8","00211070","002109b8","FUN_002109b8",tail
"002109b8","FUN_002109b8","00211078","002109b8","FUN_002109b8",tail
"002109b8","FUN_002109b8","00211088","002109b8","FUN_002109b8",tail
"002109b8","FUN_002109b8","002110f4","002109b8","FUN_002109b8",tail
"002109b8","FUN_002109b8","00211164","002109b8","FUN_002109b8",tail
"002109b8","FUN_002109b8","0021119c","002109b8","FUN_002109b8",tail
"002109b8","FUN_002109b8","002111b4","002109b8","FUN_002109b8",tail
"002109b8","FUN_002109b8","002111bc","002109b8","FUN_002109b8",tail
"002109b8","FUN_002109b8","002111cc","002109b8","FUN_002109b8",tail
"002109b8","FUN_002109b8","002111f4","002109b8","FUN_002109b8",tail
"002109b8","FUN_002109b8","0021122c","002109b8","FUN_002109b8",tail
"002109b8","FUN_002109b8","0021128c","002109b8","FUN_002109b8",tail
"002109b8","FUN_002109b8","002112cc","002109b8","FUN_002109b8",tail
"002109b8","FUN_002109b8","00211300","002109b8","FUN_002109b8",tail
"002109b8","FUN_002109b8","00211374","002109b8","FUN_002109b8",tail
"002109b8","FUN_002109b8","0021138c","002109b8","FUN_002109b8",tail
"002109b8","FUN_002109b8","0021139c","002109b8","FUN_002109b8",tail
"002109b8","FUN_002109b8","002113f8","002109b8","FUN_002109b8",tail
"00211408","FUN_00211408","00211468","00211408","FUN_00211408",tail
"00211408","FUN_00211408","00211470","00211408","FUN_00211408",tail
"00211408","FUN_00211408","00211488","00211408","FUN_00211408",tail
"00211408","FUN_00211408","002114a0","00211408","FUN_00211408",tail
"00211408","FUN_00211408","002114a8","00211408","FUN_00211408",tail
"00211408","FUN_00211408","002114d0","00211408","FUN_00211408",tail
"00211408","FUN_00211408","002114e0","00211408","FUN_00211408",tail
"00211408","FUN_00211408","00211528","00211408","FUN_00211408",tail
"00211408","FUN_00211408","00211540","00211408","FUN_00211408",tail
"00211408","FUN_00211408","00211558","00211408","FUN_00211408",tail
"00211408","FUN_00211408","00211588","00211408","FUN_00211408",tail
"00211408","FUN_00211408","002115f0","00211408","FUN_00211408",tail
"00211408","FUN_00211408","00211628","00211408","FUN_00211408",tail
"00211408","FUN_00211408","00211698","00211408","FUN_00211408",tail
"002116b8","FUN_002116b8","002116e8","002116b8","FUN_002116b8",tail
"002116b8","FUN_002116b8","002116f8","002116b8","FUN_002116b8",tail
"002116b8","FUN_002116b8","00211708","002116b8","FUN_002116b8",tail
"002116b8","FUN_002116b8","00211718","002116b8","FUN_002116b8",tail
"00211728","FUN_00211728","00211770","00211728","FUN_00211728",tail
"00211728","FUN_00211728","00211778","0020e0e0","FUN_0020e0e0",direct
"00211728","FUN_00211728","00211788","001ee650","FUN_001ee650",direct
"00211728","FUN_00211728","00211798","00211728","FUN_00211728",tail
"00211728","FUN_00211728","002117c0","00211728","FUN_00211728",tail
"00211808","FUN_00211808","002118a8","00211808","FUN_00211808",tail
"00211808","FUN_00211808","002118d8","00211808","FUN_00211808",tail
"00211808","FUN_00211808","00211908","00211808","FUN_00211808",tail
"00211808","FUN_00211808","00211ae8","00211808","FUN_00211808",tail
"00211808","FUN_00211808","00211b10","00211808","FUN_00211808",tail
"00211808","FUN_00211808","00211b28","00211808","FUN_00211808",tail
"00211808","FUN_00211808","00211b50","00211808","FUN_00211808",tail
"00211808","FUN_00211808","00211b58","00211808","FUN_00211808",tail
"00211808","FUN_00211808","00211b68","00211808","FUN_00211808",tail
"00211808","FUN_00211808","00211b80","00211808","FUN_00211808",tail
"00211808","FUN_00211808","00211bc0","00211808","FUN_00211808",tail
"00211808","FUN_00211808","00211bd8","00211808","FUN_00211808",tail
"00211808","FUN_00211808","00211c30","00211808","FUN_00211808",tail
"00211808","FUN_00211808","00211c38","00211808","FUN_00211808",tail
"00211808","FUN_00211808","00211c40","00211808","FUN_00211808",tail
"00211808","FUN_00211808","00211c50","00211808","FUN_00211808",tail
"00211808","FUN_00211808","00211c58","00211808","FUN_00211808",tail
"00211808","FUN_00211808","00211c68","00211808","FUN_00211808",tail
"00211808","FUN_00211808","00211c70","00211808","FUN_00211808",tail
"00211808","FUN_00211808","00211c80","00211808","FUN_00211808",tail
"00211808","FUN_00211808","00211d78","00211808","FUN_00211808",tail
"00211808","FUN_00211808","00211e10","00211808","FUN_00211808",tail
"00211808","FUN_00211808","00211e58","00211808","FUN_00211808",tail
"00211808","FUN_00211808","00211e78","00211808","FUN_00211808",tail
"00211808","FUN_00211808","00211ee0","00211808","FUN_00211808",tail
"00211808","FUN_00211808","00211ee8","00211808","FUN_00211808",tail
"00211808","FUN_00211808","00211ef8","00211808","FUN_00211808",tail
"00211808","FUN_00211808","00211f60","00211808","FUN_00211808",tail
"00211808","FUN_00211808","00211ff8","00211808","FUN_00211808",tail
"00211808","FUN_00211808","00212148","00211808","FUN_00211808",tail
"00211808","FUN_00211808","00212178","00211808","FUN_00211808",tail
"00211808","FUN_00211808","002121e0","00211808","FUN_00211808",tail
"00211808","FUN_00211808","00212248","00211808","FUN_00211808",tail
"00211808","FUN_00211808","00212250","00211808","FUN_00211808",tail
"00211808","FUN_00211808","00212258","00211808","FUN_00211808",tail
"00211808","FUN_00211808","00212288","00211808","FUN_00211808",tail
"00211808","FUN_00211808","002122b0","00211808","FUN_00211808",tail
"00211808","FUN_00211808","00212308","00211808","FUN_00211808",tail
"00211808","FUN_00211808","00212320","00211808","FUN_00211808",tail
"00211808","FUN_00211808","00212340","00211808","FUN_00211808",tail
"00211808","FUN_00211808","002123e0","00211808","FUN_00211808",tail
"00211808","FUN_00211808","002123e8","00211808","FUN_00211808",tail
"00211808","FUN_00211808","00212420","00211808","FUN_00211808",tail
"00211808","FUN_00211808","00212448","00211808","FUN_00211808",tail
"00211808","FUN_00211808","00212450","00211808","FUN_00211808",tail
"00211808","FUN_00211808","00212480","00211808","FUN_00211808",tail
"00211808","FUN_00211808","00212498","00211808","FUN_00211808",tail
"00211808","FUN_00211808","002124c8","00211808","FUN_00211808",tail
"00211808","FUN_00211808","002124f8","00211808","FUN_00211808",tail
"00211808","FUN_00211808","00212500","00211808","FUN_00211808",tail
"00211808","FUN_00211808","00212508","00211808","FUN_00211808",tail
"00211808","FUN_00211808","00212510","00211808","FUN_00211808",tail
"00211808","FUN_00211808","00212520","00211808","FUN_00211808",tail
"00211808","FUN_00211808","00212528","00211808","FUN_00211808",tail
"00211808","FUN_00211808","00212540","00211808","FUN_00211808",tail
"00211808","FUN_00211808","00212568","00211808","FUN_00211808",tail
"00211808","FUN_00211808","00212580","00211808","FUN_00211808",tail
"00211808","FUN_00211808","00212598","00211808","FUN_00211808",tail
"00211808","FUN_00211808","002125a8","00211808","FUN_00211808",tail
"00211808","FUN_00211808","00212628","00211808","FUN_00211808",tail
"00211808","FUN_00211808","00212690","00211808","FUN_00211808",tail
"00211808","FUN_00211808","002126c0","00211808","FUN_00211808",tail
"00211808","FUN_00211808","002126d0","00211808","FUN_00211808",tail
"00211808","FUN_00211808","002126e8","00211808","FUN_00211808",tail
"00211808","FUN_00211808","002126f0","00211808","FUN_00211808",tail
"00211808","FUN_00211808","00212700","00211808","FUN_00211808",tail
"00211808","FUN_00211808","00212710","00211808","FUN_00211808",tail
"00211808","FUN_00211808","00212718","00211808","FUN_00211808",tail
"00211808","FUN_00211808","00212720","00211808","FUN_00211808",tail
"00211808","FUN_00211808","00212728","00211808","FUN_00211808",tail
"00211808","FUN_00211808","00212748","00211808","FUN_00211808",tail
"00211808","FUN_00211808","00212760","00211808","FUN_00211808",tail
"00211808","FUN_00211808","00212778","00211808","FUN_00211808",tail
"00211808","FUN_00211808","00212840","00211808","FUN_00211808",tail
"00211808","FUN_00211808","00212848","00211808","FUN_00211808",tail
"00211808","FUN_00211808","00212858","00211808","FUN_00211808",tail
"00211808","FUN_00211808","00212860","00211808","FUN_00211808",tail
"00211808","FUN_00211808","00212870","00211808","FUN_00211808",tail
"00211808","FUN_00211808","00212878","00211808","FUN_00211808",tail
"00211808","FUN_00211808","002128b8","00211808","FUN_00211808",tail
"00211808","FUN_00211808","002128c0","00211808","FUN_00211808",tail
"00211808","FUN_00211808","002128d0","00211808","FUN_00211808",tail
"00211808","FUN_00211808","002128d8","00211808","FUN_00211808",tail
"00211808","FUN_00211808","002128f0","00211808","FUN_00211808",tail
"00211808","FUN_00211808","00212908","00211808","FUN_00211808",tail
"00211808","FUN_00211808","00212930","00211808","FUN_00211808",tail
"00211808","FUN_00211808","00212960","00211808","FUN_00211808",tail
"00211808","FUN_00211808","00212978","00211808","FUN_00211808",tail
"00211808","FUN_00211808","00212990","00211808","FUN_00211808",tail
"00211808","FUN_00211808","00212b18","00211808","FUN_00211808",tail
"00211808","FUN_00211808","00212b38","00211808","FUN_00211808",tail
"00211808","FUN_00211808","00212c08","00211808","FUN_00211808",tail
"00211808","FUN_00211808","00212c20","00211808","FUN_00211808",tail
"00212c28","FUN_00212c28","00212cb4","00212c28","FUN_00212c28",tail
"00212c28","FUN_00212c28","00212cbc","00212c28","FUN_00212c28",tail
"00212c28","FUN_00212c28","00212d2c","00212c28","FUN_00212c28",tail
"00212d68","FUN_00212d68","00212da0","00212d68","FUN_00212d68",tail
"00212d68","FUN_00212d68","00212da8","00212d68","FUN_00212d68",tail
"00212d68","FUN_00212d68","00212dbc","00212d68","FUN_00212d68",tail
"00212d68","FUN_00212d68","00212dcc","00212d68","FUN_00212d68",tail
"00212d68","FUN_00212d68","00212df4","00212d68","FUN_00212d68",tail
"00212e28","FUN_00212e28","00212e34","0020d868","FUN_0020d868",direct
"00212e28","FUN_00212e28","00212e40","00212e28","FUN_00212e28",tail
"00212e28","FUN_00212e28","00212e50","00212e28","FUN_00212e28",tail
"00212e28","FUN_00212e28","00212e60","00212e28","FUN_00212e28",tail
"00212e28","FUN_00212e28","00212e68","0020d580","FUN_0020d580",direct
"00212e28","FUN_00212e28","00212e74","00212e28","FUN_00212e28",tail
"00212e28","FUN_00212e28","00212e90","00212e28","FUN_00212e28",tail
"00212e28","FUN_00212e28","00212e98","0020def8","FUN_0020def8",direct
"00212e28","FUN_00212e28","00212ea4","00212e28","FUN_00212e28",tail
"00212ed8","FUN_00212ed8","00212f34","00212ed8","FUN_00212ed8",tail
"00212ed8","FUN_00212ed8","00212f58","00212ed8","FUN_00212ed8",tail
"00212ed8","FUN_00212ed8","00212f60","0020c880","FUN_0020c880",direct
"00212f90","FUN_00212f90","00212fec","00212f90","FUN_00212f90",tail
"00212f90","FUN_00212f90","00212ff8","00212f90","FUN_00212f90",tail
"00212f90","FUN_00212f90","00213004","00212f90","FUN_00212f90",tail
"00212f90","FUN_00212f90","0021300c","0020cc18","FUN_0020cc18",direct
"00212f90","FUN_00212f90","00213018","00212f90","FUN_00212f90",tail
"00212f90","FUN_00212f90","00213024","0020ede8","FUN_0020ede8",direct
"00212f90","FUN_00212f90","00213050","00212f90","FUN_00212f90",tail
"00212f90","FUN_00212f90","00213070","0020c880","FUN_0020c880",direct
"00212f90","FUN_00212f90","0021307c","001fa6c0","FUN_001fa6c0",direct
"002130d8","FUN_002130d8","00213124","002130d8","FUN_002130d8",tail
"002130d8","FUN_002130d8","00213130","002130d8","FUN_002130d8",tail
"002130d8","FUN_002130d8","0021313c","002130d8","FUN_002130d8",tail
"002130d8","FUN_002130d8","00213144","002130d8","FUN_002130d8",tail
"002130d8","FUN_002130d8","0021314c","0020cc18","FUN_0020cc18",direct
"002130d8","FUN_002130d8","00213158","002130d8","FUN_002130d8",tail
"002130d8","FUN_002130d8","00213174","0020ede8","FUN_0020ede8",direct
"002130d8","FUN_002130d8","002131a0","002130d8","FUN_002130d8",tail
"002130d8","FUN_002130d8","002131c0","0020c880","FUN_0020c880",direct
"002130d8","FUN_002130d8","002131cc","001fa6c0","FUN_001fa6c0",direct
"00213260","FUN_00213260","0021326c","001160d8","FUN_001160d8",direct
"00213260","FUN_00213260","00213278","00213260","FUN_00213260",tail
"002132a8","FUN_002132a8","002132bc","001160d8","FUN_001160d8",direct
"00213308","FUN_00213308","00213310","001160d8","FUN_001160d8",direct
"00213358","FUN_00213358","0021337c","00213308","FUN_00213308",direct
"00213358","FUN_00213358","00213384","00213308","FUN_00213308",direct
"00213358","FUN_00213358","00213394","002132a8","FUN_002132a8",direct
"00213358","FUN_00213358","002133a8","00214db0","FUN_00214db0",direct
"002133d0","FUN_002133d0","002133f0","002133d0","FUN_002133d0",tail
"002133d0","FUN_002133d0","002133f8","002133d0","FUN_002133d0",tail
"002133d0","FUN_002133d0","00213414","002133d0","FUN_002133d0",tail
"002133d0","FUN_002133d0","00213428","001f9dc8","FUN_001f9dc8",direct
"00213508","FUN_00213508","00213550","001efa68","FUN_001efa68",direct
"00213508","FUN_00213508","00213558","00213508","FUN_00213508",tail
"00213508","FUN_00213508","00213564","00213508","FUN_00213508",tail
"002135f0","FUN_002135f0","0021360c","002135f0","FUN_002135f0",tail
"002135f0","FUN_002135f0","00213628","00239f58","FUN_00239f58",direct
"002135f0","FUN_002135f0","00213630","002135f0","FUN_002135f0",tail
"002135f0","FUN_002135f0","00213640","002135f0","FUN_002135f0",tail
"002135f0","FUN_002135f0","00213654","001f99c0","FUN_001f99c0",direct
"002135f0","FUN_002135f0","00213670","002135f0","FUN_002135f0",tail
"002135f0","FUN_002135f0","00213680","001f9b80","FUN_001f9b80",direct
"002135f0","FUN_002135f0","00213698","002135f0","FUN_002135f0",tail
"002135f0","FUN_002135f0","002136a0","002135f0","FUN_002135f0",tail
"002135f0","FUN_002135f0","002136a8","001f9a00","FUN_001f9a00",direct
"002135f0","FUN_002135f0","002136b8","002135f0","FUN_002135f0",tail
"002135f0","FUN_002135f0","002136c0","002135f0","FUN_002135f0",tail
"002135f0","FUN_002135f0","002136c8","001f9a00","FUN_001f9a00",direct
"00213700","FUN_00213700","00213744","001f9c48","FUN_001f9c48",direct
"00213700","FUN_00213700","0021375c","001f9a68","FUN_001f9a68",direct
"00213700","FUN_00213700","002137dc","001efa68","FUN_001efa68",direct
"00213700","FUN_00213700","002137e4","00213700","FUN_00213700",tail
"00213700","FUN_00213700","00213864","001f9bf8","FUN_001f9bf8",direct
"00213700","FUN_00213700","00213874","001f9a10","FUN_001f9a10",direct
"00213700","FUN_00213700","0021388c","001efa68","FUN_001efa68",direct
"00213700","FUN_00213700","00213894","00213700","FUN_00213700",tail
"00213700","FUN_00213700","002138a8","001f99d0","FUN_001f99d0",direct
"00213700","FUN_00213700","002138bc","001f99c8","FUN_001f99c8",direct
"00213700","FUN_00213700","002138e4","00213700","FUN_00213700",tail
"00213700","FUN_00213700","002138ec","00213700","FUN_00213700",tail
"00213ed8","FUN_00213ed8","00213eec","00213ed8","FUN_00213ed8",tail
"00213ed8","FUN_00213ed8","00213f00","00213ed8","FUN_00213ed8",tail
"00213ed8","FUN_00213ed8","00213f18","001f99c0","FUN_001f99c0",direct
"00213f38","FUN_00213f38","00213f94","00213f38","FUN_00213f38",tail
"00213f38","FUN_00213f38","00213fa4","00213f38","FUN_00213f38",tail
"00213f38","FUN_00213f38","00213fbc","001f99c0","FUN_001f99c0",direct
"00213f38","FUN_00213f38","00213fcc","00213f38","FUN_00213f38",tail
"00213f38","FUN_00213f38","00213fd4","001f99c0","FUN_001f99c0",direct
"00213f38","FUN_00213f38","00213fe0","001f99c0","FUN_001f99c0",direct
"00213f38","FUN_00213f38","00213ff4","00213f38","FUN_00213f38",tail
"00213f38","FUN_00213f38","00213ffc","00213f38","FUN_00213f38",tail
"00213f38","FUN_00213f38","00214014","00213ed8","FUN_00213ed8",direct
"00213f38","FUN_00213f38","0021401c","00213f38","FUN_00213f38",tail
"00213f38","FUN_00213f38","00214024","001f9988","FUN_001f9988",direct
"00213f38","FUN_00213f38","00214034","00213f38","FUN_00213f38",tail
"00213f38","FUN_00213f38","00214044","00213f38","FUN_00213f38",tail
"00213f38","FUN_00213f38","00214050","00213ed8","FUN_00213ed8",direct
"00213f38","FUN_00213f38","00214058","00213f38","FUN_00213f38",tail
"00213f38","FUN_00213f38","00214064","00213ed8","FUN_00213ed8",direct
"00213f38","FUN_00213f38","0021406c","001f99c0","FUN_001f99c0",direct
"00213f38","FUN_00213f38","00214078","001f99c0","FUN_001f99c0",direct
"00213f38","FUN_00213f38","00214088","00213f38","FUN_00213f38",tail
"00213f38","FUN_00213f38","0021409c","00213f38","FUN_00213f38",tail
"00213f38","FUN_00213f38","002140a4","00213f38","FUN_00213f38",tail
"00213f38","FUN_00213f38","002140b4","00213ed8","FUN_00213ed8",direct
"00214128","FUN_00214128","00214174","00214128","FUN_00214128",tail
"00214128","FUN_00214128","00214188","001f9bf8","FUN_001f9bf8",direct
"00214128","FUN_00214128","002141b4","00214128","FUN_00214128",tail
"00214128","FUN_00214128","002141c4","00214128","FUN_00214128",tail
"00214228","FUN_00214228","00214228","00214228","FUN_00214228",tail
"00214228","FUN_00214228","00214244","00214228","FUN_00214228",tail
"00214260","FUN_00214260","002142d0","00214260","FUN_00214260",tail
"00214260","FUN_00214260","002142e0","001f9988","FUN_001f9988",direct
"00214260","FUN_00214260","00214338","00214260","FUN_00214260",tail
"00214260","FUN_00214260","0021437c","00214260","FUN_00214260",tail
"00214260","FUN_00214260","002143a0","00214260","FUN_00214260",tail
"00214260","FUN_00214260","002143f4","001f9988","FUN_001f9988",direct
"00214260","FUN_00214260","00214414","00214260","FUN_00214260",tail
"002144d8","FUN_002144d8","002144f0","001fa298","FUN_001fa298",direct
"002144d8","FUN_002144d8","002144fc","00214260","FUN_00214260",direct
"002144d8","FUN_002144d8","00214508","001fa2b8","FUN_001fa2b8",direct
"00214530","FUN_00214530","00214558","001f9de0","FUN_001f9de0",direct
"00214530","FUN_00214530","00214568","001f9a68","FUN_001f9a68",direct
"00214530","FUN_00214530","00214570","001f9dc8","FUN_001f9dc8",direct
"00214598","FUN_00214598","002145e0","001f99f8","FUN_001f99f8",direct
"00214598","FUN_00214598","002145f8","001f9e90","FUN_001f9e90",direct
"00214598","FUN_00214598","0021461c","001fa050","FUN_001fa050",direct
"00214598","FUN_00214598","0021462c","001fa378","FUN_001fa378",direct
"00214598","FUN_00214598","0021463c","001f9e90","FUN_001f9e90",direct
"00214598","FUN_00214598","0021465c","001fa070","FUN_001fa070",direct
"00214598","FUN_00214598","0021466c","001fa378","FUN_001fa378",direct
"00214598","FUN_00214598","00214678","001f9e90","FUN_001f9e90",direct
"00214720","FUN_00214720","0021472c","00214720","FUN_00214720",tail
"00214720","FUN_00214720","0021474c","001f9a28","FUN_001f9a28",direct
"00214720","FUN_00214720","00214760","001f9cf8","FUN_001f9cf8",direct
"00214720","FUN_00214720","00214780","00214720","FUN_00214720",tail
"00214720","FUN_00214720","0021479c","00214720","FUN_00214720",tail
"00214720","FUN_00214720","002147ac","00214720","FUN_00214720",tail
"00214720","FUN_00214720","002147bc","00214720","FUN_00214720",tail
"00214720","FUN_00214720","002147cc","00214720","FUN_00214720",tail
"00214720","FUN_00214720","002147dc","00214720","FUN_00214720",tail
"00214800","FUN_00214800","00214830","001f9a68","FUN_001f9a68",direct
"00214800","FUN_00214800","00214858","001fa3c0","FUN_001fa3c0",direct
"00214800","FUN_00214800","00214868","001fa3c0","FUN_001fa3c0",direct
"00214890","FUN_00214890","002148b4","001f99c0","FUN_001f99c0",direct
"00214890","FUN_00214890","002148d4","00214890","FUN_00214890",tail
"00214890","FUN_00214890","002148e4","00214890","FUN_00214890",tail
"00214890","FUN_00214890","002148f4","001f9bf8","FUN_001f9bf8",direct
"00214890","FUN_00214890","00214904","00214530","FUN_00214530",direct
"00214890","FUN_00214890","00214914","00214800","FUN_00214800",direct
"00214970","FUN_00214970","00214970","00214970","FUN_00214970",tail
"00214a98","FUN_00214a98","00214ab8","001f99c0","FUN_001f99c0",direct
"00214a98","FUN_00214a98","00214ac4","001f99c0","FUN_001f99c0",direct
"00214a98","FUN_00214a98","00214ad0","001f99c0","FUN_001f99c0",direct
"00214a98","FUN_00214a98","00214ae0","00214a98","FUN_00214a98",tail
"00214a98","FUN_00214a98","00214af0","00214a98","FUN_00214a98",tail
"00214a98","FUN_00214a98","00214b14","001fa6d0","FUN_001fa6d0",direct
"00214a98","FUN_00214a98","00214b98","001f9d68","FUN_001f9d68",direct
"00214bc0","FUN_00214bc0","00214bf4","001f9d50","FUN_001f9d50",direct
"00214bc0","FUN_00214bc0","00214c18","001f9a28","FUN_001f9a28",direct
"00214bc0","FUN_00214bc0","00214c28","001f9a68","FUN_001f9a68",direct
"00214c48","FUN_00214c48","00214c54","00214c48","FUN_00214c48",tail
"00214c48","FUN_00214c48","00214c74","00214c48","FUN_00214c48",tail
"00214c48","FUN_00214c48","00214c9c","001fa6d0","FUN_001fa6d0",direct
"00214cc8","FUN_00214cc8","00214ce4","0020c9e0","FUN_0020c9e0",direct
"00214cc8","FUN_00214cc8","00214cf4","00214c48","FUN_00214c48",direct
"00214cc8","FUN_00214cc8","00214d0c","00214c48","FUN_00214c48",direct
"00214cc8","FUN_00214cc8","00214d1c","00214cc8","FUN_00214cc8",tail
"00214cc8","FUN_00214cc8","00214d2c","00214cc8","FUN_00214cc8",tail
"00214db0","FUN_00214db0","00214ddc","001f9dc8","FUN_001f9dc8",direct
"00214db0","FUN_00214db0","00214de8","001f9dc8","FUN_001f9dc8",direct
"00214db0","FUN_00214db0","00214dfc","001f9de0","FUN_001f9de0",direct
"00214db0","FUN_00214db0","00214e08","001f9dc8","FUN_001f9dc8",direct
"00214db0","FUN_00214db0","00214e1c","001f9de0","FUN_001f9de0",direct
"00214e58","FUN_00214e58","00214eb0","001fa6d0","FUN_001fa6d0",direct
"00214e58","FUN_00214e58","00214eb8","00214e58","FUN_00214e58",tail
"00214e58","FUN_00214e58","00214ecc","00214e58","FUN_00214e58",tail
"00214e58","FUN_00214e58","00214ee8","00214e58","FUN_00214e58",tail
"00214e58","FUN_00214e58","00214f04","00214e58","FUN_00214e58",tail
"00214e58","FUN_00214e58","00214f18","00214e58","FUN_00214e58",tail
"00214e58","FUN_00214e58","00214f24","00214e58","FUN_00214e58",tail
"00214e58","FUN_00214e58","00214f7c","001f9a40","FUN_001f9a40",direct
"00214e58","FUN_00214e58","00214f88","00214e58","FUN_00214e58",tail
"00214e58","FUN_00214e58","00214f9c","001f9a28","FUN_001f9a28",direct
"00214e58","FUN_00214e58","00214fa8","001f9e90","FUN_001f9e90",direct
"00214e58","FUN_00214e58","00214fb4","001f9b20","FUN_001f9b20",direct
"00214e58","FUN_00214e58","00214fc0","001f9e90","FUN_001f9e90",direct
"00214e58","FUN_00214e58","00214fcc","00214e58","FUN_00214e58",tail
"00214e58","FUN_00214e58","00214fd8","00214e58","FUN_00214e58",tail
"00214e58","FUN_00214e58","00214ffc","001f9a28","FUN_001f9a28",direct
"00214e58","FUN_00214e58","00215008","001f9e90","FUN_001f9e90",direct
"00214e58","FUN_00214e58","00215014","001f9b20","FUN_001f9b20",direct
"00214e58","FUN_00214e58","00215020","001f9e90","FUN_001f9e90",direct
"00214e58","FUN_00214e58","00215034","001fa5c8","FUN_001fa5c8",direct
"00214e58","FUN_00214e58","00215040","001fa580","FUN_001fa580",direct
"00214e58","FUN_00214e58","00215054","001fa5c8","FUN_001fa5c8",direct
"00214e58","FUN_00214e58","00215060","001fa580","FUN_001fa580",direct
"00214e58","FUN_00214e58","00215070","001fa5c8","FUN_001fa5c8",direct
"00214e58","FUN_00214e58","0021507c","001fa580","FUN_001fa580",direct
"00215130","FUN_00215130","0021514c","00215130","FUN_00215130",tail
"00215130","FUN_00215130","00215154","00215130","FUN_00215130",tail
"00215130","FUN_00215130","0021515c","001fdd10","FUN_001fdd10",direct
"00215130","FUN_00215130","00215164","001ff658","FUN_001ff658",direct
"00215130","FUN_00215130","00215178","00215130","FUN_00215130",tail
"00215130","FUN_00215130","00215180","00215130","FUN_00215130",tail
"00215130","FUN_00215130","00215188","00215130","FUN_00215130",tail
"00215130","FUN_00215130","00215190","001fdd10","FUN_001fdd10",direct
"00215130","FUN_00215130","00215198","001ff658","FUN_001ff658",direct
"002151d8","FUN_002151d8","002151ec","00215130","FUN_00215130",direct
"002151d8","FUN_002151d8","002151f4","002151d8","FUN_002151d8",tail
"002151d8","FUN_002151d8","002151fc","002151d8","FUN_002151d8",tail
"002151d8","FUN_002151d8","00215204","001fdd10","FUN_001fdd10",direct
"002151d8","FUN_002151d8","0021520c","001ff658","FUN_001ff658",direct
"00215248","FUN_00215248","00215250","00215290","FUN_00215290",direct
"00215248","FUN_00215248","00215258","00215300","FUN_00215300",direct
"00215290","FUN_00215290","002152cc","00215290","FUN_00215290",tail
"00215290","FUN_00215290","002152dc","00215290","FUN_00215290",tail
"00215300","FUN_00215300","00215324","00215300","FUN_00215300",tail
"00215348","FUN_00215348","0021536c","00215348","FUN_00215348",tail
"00215390","FUN_00215390","002153e8","0012eb20","FUN_0012eb20",direct
"00215390","FUN_00215390","002153f0","0012dc80","FUN_0012dc80",direct
"00215390","FUN_00215390","00215404","00215390","FUN_00215390",tail
"00215390","FUN_00215390","0021540c","00215420","FUN_00215420",direct
"00215420","FUN_00215420","0021542c","0012ef28","FUN_0012ef28",direct
"00215440","FUN_00215440","00215470","00215440","FUN_00215440",tail
"00215440","FUN_00215440","00215484","00215440","FUN_00215440",tail
"00215440","FUN_00215440","00215500","0012ec08","FUN_0012ec08",direct
"00215518","FUN_00215518","0021555c","00215518","FUN_00215518",tail
"00215518","FUN_00215518","00215570","00215518","FUN_00215518",tail
"00215518","FUN_00215518","002155ec","0012ec08","FUN_0012ec08",direct
"00215600","FUN_00215600","00215630","00215600","FUN_00215600",tail
"00215600","FUN_00215600","00215644","00215600","FUN_00215600",tail
"00215600","FUN_00215600","002156c0","0012ec08","FUN_0012ec08",direct
"002156d8","FUN_002156d8","00215710","002156d8","FUN_002156d8",tail
"002156d8","FUN_002156d8","00215724","002156d8","FUN_002156d8",tail
"002156d8","FUN_002156d8","00215764","002156d8","FUN_002156d8",tail
"002156d8","FUN_002156d8","00215770","002156d8","FUN_002156d8",tail
"002156d8","FUN_002156d8","002157bc","0012ec08","FUN_0012ec08",direct
"002157d0","FUN_002157d0","002157f8","002157d0","FUN_002157d0",tail
"002157d0","FUN_002157d0","0021580c","002157d0","FUN_002157d0",tail
"002157d0","FUN_002157d0","00215888","0012ec08","FUN_0012ec08",direct
"002158a0","FUN_002158a0","002158c8","002158a0","FUN_002158a0",tail
"002158a0","FUN_002158a0","002158dc","002158a0","FUN_002158a0",tail
"002158a0","FUN_002158a0","00215958","0012ec08","FUN_0012ec08",direct
"00215970","FUN_00215970","00215988","00215970","FUN_00215970",tail
"00215970","FUN_00215970","00215990","00215440","FUN_00215440",direct
"00215970","FUN_00215970","00215998","00215970","FUN_00215970",tail
"00215970","FUN_00215970","002159a8","00215970","FUN_00215970",tail
"00215970","FUN_00215970","002159b4","00215518","FUN_00215518",direct
"00215970","FUN_00215970","002159bc","00215970","FUN_00215970",tail
"00215970","FUN_00215970","002159cc","00215970","FUN_00215970",tail
"00215970","FUN_00215970","002159d4","00215600","FUN_00215600",direct
"00215970","FUN_00215970","002159dc","00215970","FUN_00215970",tail
"00215970","FUN_00215970","002159e8","00215970","FUN_00215970",tail
"00215970","FUN_00215970","002159f8","002156d8","FUN_002156d8",direct
"00215970","FUN_00215970","00215a00","00215970","FUN_00215970",tail
"00215970","FUN_00215970","00215a08","00215970","FUN_00215970",tail
"00215970","FUN_00215970","00215a18","002157d0","FUN_002157d0",direct
"00215970","FUN_00215970","00215a20","00215970","FUN_00215970",tail
"00215970","FUN_00215970","00215a28","00215970","FUN_00215970",tail
"00215970","FUN_00215970","00215a38","002158a0","FUN_002158a0",direct
"00215970","FUN_00215970","00215a40","00215970","FUN_00215970",tail
"00215970","FUN_00215970","00215a6c","00215970","FUN_00215970",tail
"00215970","FUN_00215970","00215a7c","00215970","FUN_00215970",tail
"00215970","FUN_00215970","00215af8","0012ec08","FUN_0012ec08",direct
"00215b10","FUN_00215b10","00215b28","00215b10","FUN_00215b10",tail
"00215b10","FUN_00215b10","00215b34","00215b10","FUN_00215b10",tail
"00215b10","FUN_00215b10","00215b3c","0012eca0","FUN_0012eca0",direct
"00215b10","FUN_00215b10","00215b4c","00215b10","FUN_00215b10",tail
"00215b68","FUN_00215b68","00215b84","00215b68","FUN_00215b68",tail
"00215b68","FUN_00215b68","00215ba4","00215b68","FUN_00215b68",tail
"00215b68","FUN_00215b68","00215c28","0012ec08","FUN_0012ec08",direct
"00215c40","FUN_00215c40","00215c5c","00215c40","FUN_00215c40",tail
"00215c40","FUN_00215c40","00215c7c","00215c40","FUN_00215c40",tail
"00215c40","FUN_00215c40","00215d00","0012ec08","FUN_0012ec08",direct
"00215d18","FUN_00215d18","00215d34","00215d18","FUN_00215d18",tail
"00215d18","FUN_00215d18","00215d40","00215d18","FUN_00215d18",tail
"00215d18","FUN_00215d18","00215d50","00215d18","FUN_00215d18",tail
"00215d18","FUN_00215d18","00215d70","00215d18","FUN_00215d18",tail
"00215d18","FUN_00215d18","00215de8","0012ec08","FUN_0012ec08",direct
"00215e00","FUN_00215e00","00215e1c","00215e00","FUN_00215e00",tail
"00215e00","FUN_00215e00","00215e3c","00215e00","FUN_00215e00",tail
"00215e00","FUN_00215e00","00215ec0","0012ec08","FUN_0012ec08",direct
"00215e00","FUN_00215e00","00215ec8","00215e00","FUN_00215e00",tail
"00215ee8","FUN_00215ee8","00215f14","00215ee8","FUN_00215ee8",tail
"00215ee8","FUN_00215ee8","00215f28","0012dc80","FUN_0012dc80",direct
"00215ee8","FUN_00215ee8","00215f3c","00215ee8","FUN_00215ee8",tail
"00215ee8","FUN_00215ee8","00215f50","00215ee8","FUN_00215ee8",tail
"00215ee8","FUN_00215ee8","00215f68","0012dc80","FUN_0012dc80",direct
"00215ee8","FUN_00215ee8","00215f7c","00215ee8","FUN_00215ee8",tail
"00215ee8","FUN_00215ee8","00215f90","00215ee8","FUN_00215ee8",tail
"00215ee8","FUN_00215ee8","00215fa8","0012dc80","FUN_0012dc80",direct
"00215ee8","FUN_00215ee8","00215fbc","00215ee8","FUN_00215ee8",tail
"00215ee8","FUN_00215ee8","00215fc4","0012ebd0","FUN_0012ebd0",direct
"00215ee8","FUN_00215ee8","00215fd0","0012dc80","FUN_0012dc80",direct
"00215ee8","FUN_00215ee8","00215fe4","00215ee8","FUN_00215ee8",tail
"00215ee8","FUN_00215ee8","00215fec","0012ed30","FUN_0012ed30",direct
"00215ee8","FUN_00215ee8","00216008","00215ee8","FUN_00215ee8",tail
"00216050","FUN_00216050","00216050","00216050","FUN_00216050",tail
"002160a8","FUN_002160a8","002160c8","002160a8","FUN_002160a8",tail
"002160a8","FUN_002160a8","002160d4","002160a8","FUN_002160a8",tail
"002160a8","FUN_002160a8","002160e4","002160a8","FUN_002160a8",tail
"002160a8","FUN_002160a8","002160ec","002160a8","FUN_002160a8",tail
"002160a8","FUN_002160a8","002160f4","002160a8","FUN_002160a8",tail
"002160a8","FUN_002160a8","002160fc","0012e368","FUN_0012e368",direct
"002160a8","FUN_002160a8","00216108","002160a8","FUN_002160a8",tail
"002160a8","FUN_002160a8","00216110","002160a8","FUN_002160a8",tail
"002160a8","FUN_002160a8","00216118","002160a8","FUN_002160a8",tail
"002160a8","FUN_002160a8","00216128","002160a8","FUN_002160a8",tail
"002160a8","FUN_002160a8","00216138","002160a8","FUN_002160a8",tail
"002160a8","FUN_002160a8","00216144","002160a8","FUN_002160a8",tail
"002160a8","FUN_002160a8","0021614c","0012ec70","FUN_0012ec70",direct
"002160a8","FUN_002160a8","00216160","001f9770","FUN_001f9770",direct
"002160a8","FUN_002160a8","0021616c","002160a8","FUN_002160a8",tail
"002160a8","FUN_002160a8","00216178","002160a8","FUN_002160a8",tail
"002160a8","FUN_002160a8","00216184","002160a8","FUN_002160a8",tail
"002160a8","FUN_002160a8","0021618c","0012eca0","FUN_0012eca0",direct
"002160a8","FUN_002160a8","002161a8","002160a8","FUN_002160a8",tail
"002160a8","FUN_002160a8","002161bc","002160a8","FUN_002160a8",tail
"002160a8","FUN_002160a8","002161c4","002160a8","FUN_002160a8",tail
"002160a8","FUN_002160a8","002161cc","002160a8","FUN_002160a8",tail
"002160a8","FUN_002160a8","002161d8","002160a8","FUN_002160a8",tail
"002160a8","FUN_002160a8","00216204","0012ecd0","FUN_0012ecd0",direct
"002160a8","FUN_002160a8","00216218","0012e448","FUN_0012e448",direct
"002160a8","FUN_002160a8","00216220","002160a8","FUN_002160a8",tail
"002160a8","FUN_002160a8","00216230","002160a8","FUN_002160a8",tail
"002160a8","FUN_002160a8","00216238","002160a8","FUN_002160a8",tail
"002160a8","FUN_002160a8","0021624c","0012ed00","FUN_0012ed00",direct
"002160a8","FUN_002160a8","00216254","002160a8","FUN_002160a8",tail
"002160a8","FUN_002160a8","00216260","002160a8","FUN_002160a8",tail
"002160a8","FUN_002160a8","0021626c","002160a8","FUN_002160a8",tail
"00216290","FUN_00216290","002162b0","00216290","FUN_00216290",tail
"00216290","FUN_00216290","002162c0","00216290","FUN_00216290",tail
"00216290","FUN_00216290","002162d0","00216290","FUN_00216290",tail
"00216290","FUN_00216290","002162dc","00216290","FUN_00216290",tail
"00216290","FUN_00216290","002162ec","00216290","FUN_00216290",tail
"00216290","FUN_00216290","002162f8","00216290","FUN_00216290",tail
"00216290","FUN_00216290","0021630c","00215c40","FUN_00215c40",direct
"00216290","FUN_00216290","00216314","00216290","FUN_00216290",tail
"00216290","FUN_00216290","00216328","00216290","FUN_00216290",tail
"00216290","FUN_00216290","00216334","00216290","FUN_00216290",tail
"00216290","FUN_00216290","00216344","00216290","FUN_00216290",tail
"00216290","FUN_00216290","0021634c","00216290","FUN_00216290",tail
"00216290","FUN_00216290","0021635c","00215d18","FUN_00215d18",direct
"00216290","FUN_00216290","0021636c","001f9740","FUN_001f9740",direct
"00216290","FUN_00216290","00216374","00216290","FUN_00216290",tail
"00216290","FUN_00216290","00216384","00216290","FUN_00216290",tail
"00216290","FUN_00216290","00216390","00216290","FUN_00216290",tail
"00216290","FUN_00216290","0021639c","00216290","FUN_00216290",tail
"00216290","FUN_00216290","002163a8","00216290","FUN_00216290",tail
"00216290","FUN_00216290","002163b4","00215e00","FUN_00215e00",direct
"00216290","FUN_00216290","002163bc","00216290","FUN_00216290",tail
"00216290","FUN_00216290","002163c4","001f96f8","FUN_001f96f8",direct
"00216290","FUN_00216290","002163f0","00216290","FUN_00216290",tail
"00216290","FUN_00216290","00216400","00216290","FUN_00216290",tail
"00216290","FUN_00216290","0021640c","00216290","FUN_00216290",tail
"00216290","FUN_00216290","00216420","00216290","FUN_00216290",tail
"00216290","FUN_00216290","0021642c","00216290","FUN_00216290",tail
"00216290","FUN_00216290","00216434","00215970","FUN_00215970",direct
"00216290","FUN_00216290","00216450","00216290","FUN_00216290",tail
"00216290","FUN_00216290","00216464","00216290","FUN_00216290",tail
"00216290","FUN_00216290","00216474","00216290","FUN_00216290",tail
"00216290","FUN_00216290","00216480","00216290","FUN_00216290",tail
"00216290","FUN_00216290","00216490","00216290","FUN_00216290",tail
"00216290","FUN_00216290","002164a0","00216290","FUN_00216290",tail
"00216290","FUN_00216290","002164b0","00216290","FUN_00216290",tail
"00216290","FUN_00216290","002164b8","00216290","FUN_00216290",tail
"00216290","FUN_00216290","002164c0","00216290","FUN_00216290",tail
"00216290","FUN_00216290","002164c8","00216290","FUN_00216290",tail
"00216290","FUN_00216290","002164d4","00216290","FUN_00216290",tail
"00216290","FUN_00216290","002164dc","00216290","FUN_00216290",tail
"00216290","FUN_00216290","002164e4","00216290","FUN_00216290",tail
"00216290","FUN_00216290","00216500","00216290","FUN_00216290",tail
"00216290","FUN_00216290","00216514","00216290","FUN_00216290",tail
"00216290","FUN_00216290","0021651c","00216290","FUN_00216290",tail
"00216290","FUN_00216290","00216528","00216290","FUN_00216290",tail
"00216290","FUN_00216290","00216534","00216290","FUN_00216290",tail
"00216290","FUN_00216290","00216540","00216290","FUN_00216290",tail
"00216290","FUN_00216290","00216558","00216290","FUN_00216290",tail
"00216290","FUN_00216290","00216564","00216290","FUN_00216290",tail
"00216290","FUN_00216290","0021658c","0012e4c0","FUN_0012e4c0",direct
"00216290","FUN_00216290","00216594","00216290","FUN_00216290",tail
"00216290","FUN_00216290","0021659c","00216290","FUN_00216290",tail
"00216290","FUN_00216290","002165a8","00216290","FUN_00216290",tail
"00216290","FUN_00216290","002165b4","00216290","FUN_00216290",tail
"00216290","FUN_00216290","002165c4","00215b68","FUN_00215b68",direct
"00216290","FUN_00216290","002165d8","00216290","FUN_00216290",tail
"00216290","FUN_00216290","002165e0","00216290","FUN_00216290",tail
"00216290","FUN_00216290","002165f4","00216290","FUN_00216290",tail
"00216290","FUN_00216290","002165fc","00216290","FUN_00216290",tail
"00216290","FUN_00216290","00216608","00216290","FUN_00216290",tail
"00216290","FUN_00216290","00216614","00216290","FUN_00216290",tail
"00216290","FUN_00216290","00216620","0012eca0","FUN_0012eca0",direct
"00216290","FUN_00216290","00216634","00216290","FUN_00216290",tail
"00216290","FUN_00216290","0021663c","00216290","FUN_00216290",tail
"00216290","FUN_00216290","00216648","00216290","FUN_00216290",tail
"00216290","FUN_00216290","00216660","002160a8","FUN_002160a8",direct
"00216290","FUN_00216290","00216668","002160a8","FUN_002160a8",direct
"00216290","FUN_00216290","00216670","002160a8","FUN_002160a8",direct
"00216290","FUN_00216290","0021667c","00216290","FUN_00216290",tail
"00216290","FUN_00216290","00216684","0012ee08","FUN_0012ee08",direct
"00216290","FUN_00216290","0021668c","00216290","FUN_00216290",tail
"00216290","FUN_00216290","00216698","00216290","FUN_00216290",tail
"00216290","FUN_00216290","002166a4","00216290","FUN_00216290",tail
"00216290","FUN_00216290","002166b8","00216788","FUN_00216788",direct
"00216290","FUN_00216290","002166c4","00216290","FUN_00216290",tail
"002166e8","FUN_002166e8","00216700","002166e8","FUN_002166e8",tail
"002166e8","FUN_002166e8","00216708","0012eea8","FUN_0012eea8",direct
"00216728","FUN_00216728","00216770","00121450","FUN_00121450",direct
"00216788","FUN_00216788","002167b4","00216788","FUN_00216788",tail
"00216788","FUN_00216788","002167bc","00216788","FUN_00216788",tail
"00216788","FUN_00216788","002167cc","0012ed58","FUN_0012ed58",direct
"00216788","FUN_00216788","002167d4","00216788","FUN_00216788",tail
"00216788","FUN_00216788","002167ec","00216788","FUN_00216788",tail
"00216788","FUN_00216788","002167f8","001e93b0","FUN_001e93b0",direct
"00216788","FUN_00216788","00216800","001f97b0","FUN_001f97b0",direct
"00216828","FUN_00216828","00216834","00216788","FUN_00216788",direct
"00216828","FUN_00216828","00216840","00216828","FUN_00216828",tail
"00216828","FUN_00216828","00216850","00216828","FUN_00216828",tail
"00216828","FUN_00216828","00216858","00122298","FUN_00122298",direct
"00216828","FUN_00216828","00216860","00216290","FUN_00216290",direct
"00216828","FUN_00216828","00216868","0012eb00","FUN_0012eb00",direct
"00216828","FUN_00216828","00216870","0012dc80","FUN_0012dc80",direct
"00216828","FUN_00216828","00216878","0012eaf0","FUN_0012eaf0",direct
"00216828","FUN_00216828","00216884","00216828","FUN_00216828",tail
"002168a8","FUN_002168a8","002168b4","002168a8","FUN_002168a8",tail
"002168a8","FUN_002168a8","002168c8","002168a8","FUN_002168a8",tail
"002168a8","FUN_002168a8","002168d8","00122298","FUN_00122298",direct
"002168a8","FUN_002168a8","002168e0","00216290","FUN_00216290",direct
"002168a8","FUN_002168a8","002168e8","0012eb00","FUN_0012eb00",direct
"002168a8","FUN_002168a8","002168f0","0012dc80","FUN_0012dc80",direct
"002168a8","FUN_002168a8","002168f8","0012eaf0","FUN_0012eaf0",direct
"002168a8","FUN_002168a8","00216904","002168a8","FUN_002168a8",tail
"002168a8","FUN_002168a8","0021690c","002168a8","FUN_002168a8",tail
"002168a8","FUN_002168a8","00216914","00216290","FUN_00216290",direct
"002168a8","FUN_002168a8","0021691c","0012eb00","FUN_0012eb00",direct
"002168a8","FUN_002168a8","00216924","0012dc80","FUN_0012dc80",direct
"002168a8","FUN_002168a8","0021692c","0012eaf0","FUN_0012eaf0",direct
"00216950","FUN_00216950","0021695c","00216950","FUN_00216950",tail
"00216950","FUN_00216950","0021696c","0012eef0","FUN_0012eef0",direct
"00216950","FUN_00216950","00216974","00216950","FUN_00216950",tail
"002169c0","FUN_002169c0","002169cc","002169c0","FUN_002169c0",tail
"002169c0","FUN_002169c0","002169d4","002169c0","FUN_002169c0",tail
"002169c0","FUN_002169c0","002169e4","002169c0","FUN_002169c0",tail
"002169c0","FUN_002169c0","002169f0","002169c0","FUN_002169c0",tail
"002169c0","FUN_002169c0","00216a08","00215970","FUN_00215970",direct
"00216a20","FUN_00216a20","00216a2c","00216a20","FUN_00216a20",tail
"00216a20","FUN_00216a20","00216a34","00216a20","FUN_00216a20",tail
"00216a20","FUN_00216a20","00216a44","00216a20","FUN_00216a20",tail
"00216a20","FUN_00216a20","00216a50","00216a20","FUN_00216a20",tail
"00216a20","FUN_00216a20","00216a68","00215b68","FUN_00215b68",direct
"00216b68","FUN_00216b68","00216b74","00216b68","FUN_00216b68",tail
"00216b68","FUN_00216b68","00216b88","00216b68","FUN_00216b68",tail
"00216b68","FUN_00216b68","00216b94","001e93b0","FUN_001e93b0",direct
"00216b68","FUN_00216b68","00216b9c","00216b68","FUN_00216b68",tail
"00216b68","FUN_00216b68","00216ba4","00216b68","FUN_00216b68",tail
"00216c48","FUN_00216c48","00216c84","00216c48","FUN_00216c48",tail
"00216c48","FUN_00216c48","00216c8c","00216c48","FUN_00216c48",tail
"00216c48","FUN_00216c48","00216ca0","00216c48","FUN_00216c48",tail
"00216c48","FUN_00216c48","00216cc4","00216c48","FUN_00216c48",tail
"00216c48","FUN_00216c48","00216ce4","00216c48","FUN_00216c48",tail
"00216c48","FUN_00216c48","00216cf0","001e9458","FUN_001e9458",direct
"00216c48","FUN_00216c48","00216cf8","00216c48","FUN_00216c48",tail
"00216c48","FUN_00216c48","00216d00","001ff480","FUN_001ff480",direct
"00216c48","FUN_00216c48","00216d10","001e9460","FUN_001e9460",direct
"00216c48","FUN_00216c48","00216d20","00216c48","FUN_00216c48",tail
"00216c48","FUN_00216c48","00216d40","00216c48","FUN_00216c48",tail
"00216c48","FUN_00216c48","00216d80","001fdd10","FUN_001fdd10",direct
"00216c48","FUN_00216c48","00216d8c","001165b8","FUN_001165b8",direct
"00216c48","FUN_00216c48","00216d9c","001169c8","FUN_001169c8",direct
"00216c48","FUN_00216c48","00216da8","00216c48","FUN_00216c48",tail
"00216c48","FUN_00216c48","00216dbc","00216c48","FUN_00216c48",tail
"00216c48","FUN_00216c48","00216e18","00116248","FUN_00116248",direct
"00216c48","FUN_00216c48","00216e28","00116248","FUN_00116248",direct
"00216c48","FUN_00216c48","00216e30","00216c48","FUN_00216c48",tail
"00216c48","FUN_00216c48","00216e38","001fdd10","FUN_001fdd10",direct
"00216c48","FUN_00216c48","00216e44","00116248","FUN_00116248",direct
"00216c48","FUN_00216c48","00216e54","00216c48","FUN_00216c48",tail
"00216c48","FUN_00216c48","00216e5c","001ff658","FUN_001ff658",direct
"00216c48","FUN_00216c48","00216e64","00216c48","FUN_00216c48",tail
"00216c48","FUN_00216c48","00216e70","00216c48","FUN_00216c48",tail
"00216c48","FUN_00216c48","00216e78","001ff480","FUN_001ff480",direct
"00216c48","FUN_00216c48","00216e88","00216c48","FUN_00216c48",tail
"00216c48","FUN_00216c48","00216ea0","00216c48","FUN_00216c48",tail
"00216c48","FUN_00216c48","00216ebc","00216c48","FUN_00216c48",computed
"00216c48","FUN_00216c48","00216ebc","00216c48","FUN_00216c48",computed
"00216c48","FUN_00216c48","00216ebc","00216c48","FUN_00216c48",computed
"00216c48","FUN_00216c48","00216ebc","00216c48","FUN_00216c48",computed
"00216c48","FUN_00216c48","00216ebc","00216c48","FUN_00216c48",computed
"00216c48","FUN_00216c48","00216ebc","00216c48","FUN_00216c48",computed
"00216c48","FUN_00216c48","00216eec","00216c48","FUN_00216c48",tail
"00216c48","FUN_00216c48","00216efc","00216c48","FUN_00216c48",tail
"00216c48","FUN_00216c48","00216f18","00216c48","FUN_00216c48",tail
"00216c48","FUN_00216c48","00216f30","00216c48","FUN_00216c48",tail
"00216c48","FUN_00216c48","00216f4c","00216c48","FUN_00216c48",tail
"00216c48","FUN_00216c48","00216f54","00215248","FUN_00215248",direct
"00216c48","FUN_00216c48","00216f64","00216c48","FUN_00216c48",tail
"00216c48","FUN_00216c48","00216f94","00216c48","FUN_00216c48",tail
"00216c48","FUN_00216c48","00216f9c","00215248","FUN_00215248",direct
"00216c48","FUN_00216c48","00216fac","00216c48","FUN_00216c48",tail
"00216c48","FUN_00216c48","00216fbc","00216c48","FUN_00216c48",tail
"00216c48","FUN_00216c48","00216ff4","00216c48","FUN_00216c48",direct
"00217048","FUN_00217048","00217068","00124510","FUN_00124510",direct
"00217048","FUN_00217048","00217070","00124a48","FUN_00124a48",direct
"00217048","FUN_00217048","0021708c","00124a88","FUN_00124a88",direct
"002170c8","FUN_002170c8","002170f0","00124da0","FUN_00124da0",direct
"002170c8","FUN_002170c8","00217100","002170c8","FUN_002170c8",tail
"002170c8","FUN_002170c8","0021710c","002170c8","FUN_002170c8",tail
"002170c8","FUN_002170c8","00217114","002170c8","FUN_002170c8",tail
"002170c8","FUN_002170c8","0021711c","002170c8","FUN_002170c8",tail
"002170c8","FUN_002170c8","00217124","002170c8","FUN_002170c8",tail
"002170c8","FUN_002170c8","0021712c","002170c8","FUN_002170c8",tail
"002170c8","FUN_002170c8","00217134","002170c8","FUN_002170c8",tail
"002170c8","FUN_002170c8","0021713c","00124cb0","FUN_00124cb0",direct
"002170c8","FUN_002170c8","00217150","002170c8","FUN_002170c8",tail
"002170c8","FUN_002170c8","0021715c","002170c8","FUN_002170c8",tail
"002170c8","FUN_002170c8","0021716c","002170c8","FUN_002170c8",tail
"002170c8","FUN_002170c8","00217174","002170c8","FUN_002170c8",tail
"002170c8","FUN_002170c8","00217194","002170c8","FUN_002170c8",tail
"002170c8","FUN_002170c8","0021719c","002170c8","FUN_002170c8",tail
"002170c8","FUN_002170c8","002171b4","002170c8","FUN_002170c8",tail
"002170c8","FUN_002170c8","002171d4","002170c8","FUN_002170c8",tail
"002170c8","FUN_002170c8","002171e0","001250d8","FUN_001250d8",direct
"002170c8","FUN_002170c8","002171f0","002170c8","FUN_002170c8",tail
"002170c8","FUN_002170c8","002171f8","002170c8","FUN_002170c8",tail
"002170c8","FUN_002170c8","0021721c","002170c8","FUN_002170c8",tail
"002170c8","FUN_002170c8","00217224","002170c8","FUN_002170c8",tail
"002170c8","FUN_002170c8","00217234","002170c8","FUN_002170c8",tail
"002170c8","FUN_002170c8","00217254","002170c8","FUN_002170c8",tail
"002170c8","FUN_002170c8","0021725c","002170c8","FUN_002170c8",tail
"002170c8","FUN_002170c8","00217268","00124bd8","FUN_00124bd8",direct
"002170c8","FUN_002170c8","00217278","00217328","FUN_00217328",direct
"002170c8","FUN_002170c8","00217280","002170c8","FUN_002170c8",tail
"002170c8","FUN_002170c8","00217288","002172c0","FUN_002172c0",direct
"002170c8","FUN_002170c8","00217290","002170c8","FUN_002170c8",tail
"002170c8","FUN_002170c8","00217298","002172c0","FUN_002172c0",direct
"002172c0","FUN_002172c0","00217314","002172c0","FUN_002172c0",tail
"00217328","FUN_00217328","002173a4","00217328","FUN_00217328",tail
"00217328","FUN_00217328","002173cc","00217328","FUN_00217328",tail
"00217328","FUN_00217328","00217400","00217328","FUN_00217328",tail
"00217328","FUN_00217328","00217408","001fa6c0","FUN_001fa6c0",direct
"00217328","FUN_00217328","00217414","001fa6c0","FUN_001fa6c0",direct
"00217328","FUN_00217328","00217434","00217328","FUN_00217328",tail
"00217328","FUN_00217328","00217448","00217328","FUN_00217328",tail
"00217328","FUN_00217328","00217464","00217328","FUN_00217328",tail
"00217328","FUN_00217328","0021746c","00217328","FUN_00217328",tail
"00217328","FUN_00217328","00217490","001fa6c0","FUN_001fa6c0",direct
"00217328","FUN_00217328","002174a4","00217328","FUN_00217328",tail
"00217328","FUN_00217328","002174b4","00217328","FUN_00217328",tail
"00217328","FUN_00217328","002174d8","00217328","FUN_00217328",tail
"00217328","FUN_00217328","002174ec","00217328","FUN_00217328",tail
"00217328","FUN_00217328","002174f8","00217328","FUN_00217328",tail
"00217328","FUN_00217328","00217534","00217328","FUN_00217328",tail
"00217328","FUN_00217328","00217550","00217328","FUN_00217328",tail
"00217328","FUN_00217328","00217564","00217328","FUN_00217328",tail
"00217328","FUN_00217328","00217588","00217328","FUN_00217328",tail
"00217328","FUN_00217328","002175a8","00217328","FUN_00217328",tail
"00217328","FUN_00217328","002175c8","00217328","FUN_00217328",tail
"00217328","FUN_00217328","002175e8","00217328","FUN_00217328",tail
"00217328","FUN_00217328","00217660","00217328","FUN_00217328",tail
"00217328","FUN_00217328","0021767c","00217328","FUN_00217328",tail
"00217328","FUN_00217328","00217690","00217328","FUN_00217328",tail
"00217328","FUN_00217328","0021769c","00217328","FUN_00217328",tail
"00217328","FUN_00217328","002176b8","00217328","FUN_00217328",tail
"00217328","FUN_00217328","002176cc","00217328","FUN_00217328",tail
"00217328","FUN_00217328","002176d4","00217328","FUN_00217328",tail
"00217328","FUN_00217328","002176f0","00217328","FUN_00217328",tail
"00217328","FUN_00217328","00217704","00217328","FUN_00217328",tail
"00217328","FUN_00217328","00217718","00217328","FUN_00217328",tail
"00217328","FUN_00217328","00217720","00217328","FUN_00217328",tail
"00217328","FUN_00217328","0021773c","00217328","FUN_00217328",tail
"00217328","FUN_00217328","00217780","00217328","FUN_00217328",tail
"00217328","FUN_00217328","002177d8","001f9b20","FUN_001f9b20",direct
"00217328","FUN_00217328","002177e8","001f9e90","FUN_001f9e90",direct
"00217328","FUN_00217328","00217824","00217328","FUN_00217328",tail
"00217328","FUN_00217328","0021783c","00217328","FUN_00217328",tail
"00217328","FUN_00217328","00217850","00217328","FUN_00217328",tail
"00217328","FUN_00217328","00217858","001f96f8","FUN_001f96f8",direct
"00217328","FUN_00217328","00217864","00217328","FUN_00217328",tail
"00217328","FUN_00217328","00217870","00217328","FUN_00217328",tail
"00217328","FUN_00217328","0021789c","00217328","FUN_00217328",tail
"00217328","FUN_00217328","002178b0","00217328","FUN_00217328",tail
"00217328","FUN_00217328","002178d0","001f96f8","FUN_001f96f8",direct
"00217328","FUN_00217328","002178dc","00217328","FUN_00217328",tail
"00217328","FUN_00217328","002178e4","00217328","FUN_00217328",tail
"00217328","FUN_00217328","0021790c","001fa688","FUN_001fa688",direct
"00217328","FUN_00217328","0021791c","00217328","FUN_00217328",tail
"00217328","FUN_00217328","0021794c","00217328","FUN_00217328",tail
"00217328","FUN_00217328","00217974","00217328","FUN_00217328",tail
"00217328","FUN_00217328","00217984","00217328","FUN_00217328",tail
"00217328","FUN_00217328","00217990","00217328","FUN_00217328",tail
"00217328","FUN_00217328","0021799c","00217328","FUN_00217328",tail
"00217328","FUN_00217328","002179b0","00217328","FUN_00217328",tail
"00217328","FUN_00217328","002179bc","00217328","FUN_00217328",tail
"00217328","FUN_00217328","002179c8","00217328","FUN_00217328",tail
"00217a10","FUN_00217a10","00217a1c","002170c8","FUN_002170c8",direct
"00217a30","FUN_00217a30","00217a30","00217a30","FUN_00217a30",tail
"00217a30","FUN_00217a30","00217a50","00217a30","FUN_00217a30",tail
"00217a30","FUN_00217a30","00217a58","00217a30","FUN_00217a30",tail
"00217a30","FUN_00217a30","00217ac4","00217a30","FUN_00217a30",tail
"00217a30","FUN_00217a30","00217adc","00217a30","FUN_00217a30",tail
"00217a30","FUN_00217a30","00217af4","00217a30","FUN_00217a30",tail
"00217a30","FUN_00217a30","00217b00","00217a30","FUN_00217a30",tail
"00217a30","FUN_00217a30","00217b08","00217a30","FUN_00217a30",tail
"00217a30","FUN_00217a30","00217b30","00217a30","FUN_00217a30",tail
"00217b88","FUN_00217b88","00217bb0","00217b88","FUN_00217b88",tail
"00217b88","FUN_00217b88","00217bc4","00217b88","FUN_00217b88",tail
"00217b88","FUN_00217b88","00217bfc","00217b88","FUN_00217b88",tail
"00217c18","FUN_00217c18","00217cb8","00217c18","FUN_00217c18",tail
"00217c18","FUN_00217c18","00217d04","00217c18","FUN_00217c18",tail
"00217c18","FUN_00217c18","00217d0c","00217c18","FUN_00217c18",tail
"00217c18","FUN_00217c18","00217d38","00217c18","FUN_00217c18",tail
"00217c18","FUN_00217c18","00217d48","00217c18","FUN_00217c18",tail
"00217c18","FUN_00217c18","00217d80","00217c18","FUN_00217c18",tail
"00217c18","FUN_00217c18","00217da0","00217c18","FUN_00217c18",tail
"00217c18","FUN_00217c18","00217da8","00217c18","FUN_00217c18",tail
"00217c18","FUN_00217c18","00217e38","00217c18","FUN_00217c18",tail
"00217c18","FUN_00217c18","00217e40","00217c18","FUN_00217c18",tail
"00217c18","FUN_00217c18","00217e58","00217c18","FUN_00217c18",tail
"00217c18","FUN_00217c18","00217e60","00217c18","FUN_00217c18",tail
"00217c18","FUN_00217c18","00217e68","00217c18","FUN_00217c18",tail
"00217c18","FUN_00217c18","00217e80","00217c18","FUN_00217c18",tail
"00217c18","FUN_00217c18","00217f38","00217c18","FUN_00217c18",tail
"00217c18","FUN_00217c18","00217f80","00217c18","FUN_00217c18",tail
"00217c18","FUN_00217c18","00217f88","00217c18","FUN_00217c18",tail
"00217c18","FUN_00217c18","00217f90","00217c18","FUN_00217c18",tail
"00217c18","FUN_00217c18","00217fb8","00217c18","FUN_00217c18",tail
"00217c18","FUN_00217c18","00217fc0","00217c18","FUN_00217c18",tail
"00217c18","FUN_00217c18","00217fc8","00217c18","FUN_00217c18",tail
"00217c18","FUN_00217c18","00217fd8","00217c18","FUN_00217c18",tail
"00217c18","FUN_00217c18","00217ff4","00217c18","FUN_00217c18",tail
"00217c18","FUN_00217c18","00218010","00217c18","FUN_00217c18",tail
"00217c18","FUN_00217c18","00218030","00217c18","FUN_00217c18",tail
"00217c18","FUN_00217c18","0021803c","00217c18","FUN_00217c18",tail
"00217c18","FUN_00217c18","0021805c","00217c18","FUN_00217c18",tail
"00217c18","FUN_00217c18","00218064","00217c18","FUN_00217c18",tail
"00217c18","FUN_00217c18","00218084","00217c18","FUN_00217c18",tail
"00217c18","FUN_00217c18","00218118","00217c18","FUN_00217c18",tail
"00217c18","FUN_00217c18","0021816c","00217c18","FUN_00217c18",tail
"00217c18","FUN_00217c18","00218264","00217c18","FUN_00217c18",tail
"00217c18","FUN_00217c18","0021827c","00217c18","FUN_00217c18",tail
"00217c18","FUN_00217c18","0021830c","00217c18","FUN_00217c18",tail
"00217c18","FUN_00217c18","0021835c","0021880c","FUN_0021880c",direct
"00217c18","FUN_00217c18","00218394","00217c18","FUN_00217c18",tail
"00217c18","FUN_00217c18","0021839c","00217c18","FUN_00217c18",tail
"00217c18","FUN_00217c18","002183ac","00217c18","FUN_00217c18",tail
"00217c18","FUN_00217c18","00218454","00217c18","FUN_00217c18",tail
"00217c18","FUN_00217c18","00218484","0021880c","FUN_0021880c",direct
"00217c18","FUN_00217c18","002184b4","00217c18","FUN_00217c18",tail
"00217c18","FUN_00217c18","002184bc","00217c18","FUN_00217c18",tail
"00217c18","FUN_00217c18","002184d4","00217c18","FUN_00217c18",tail
"00217c18","FUN_00217c18","00218514","00217c18","FUN_00217c18",tail
"00217c18","FUN_00217c18","00218534","00217c18","FUN_00217c18",tail
"00217c18","FUN_00217c18","0021853c","00217c18","FUN_00217c18",tail
"00217c18","FUN_00217c18","0021860c","00217c18","FUN_00217c18",tail
"00217c18","FUN_00217c18","0021863c","0021880c","FUN_0021880c",direct
"00217c18","FUN_00217c18","00218684","00217c18","FUN_00217c18",tail
"00217c18","FUN_00217c18","0021868c","00217c18","FUN_00217c18",tail
"00217c18","FUN_00217c18","002186e8","00217c18","FUN_00217c18",tail
"00217c18","FUN_00217c18","00218720","00217c18","FUN_00217c18",tail
"00217c18","FUN_00217c18","00218728","00217c18","FUN_00217c18",tail
"00217c18","FUN_00217c18","00218794","00217c18","FUN_00217c18",tail
"00217c18","FUN_00217c18","002187dc","00217c18","FUN_00217c18",tail
"00218888","FUN_00218888","002188e0","00217a30","FUN_00217a30",direct
"00218888","FUN_00218888","002188ec","00218888","FUN_00218888",tail
"00218888","FUN_00218888","00218904","001fa6d0","FUN_001fa6d0",direct
"00218888","FUN_00218888","0021892c","002132a8","FUN_002132a8",direct
"00218888","FUN_00218888","00218934","001fa6d0","FUN_001fa6d0",direct
"00218888","FUN_00218888","00218944","00218888","FUN_00218888",tail
"00218888","FUN_00218888","00218958","00218888","FUN_00218888",tail
"00218888","FUN_00218888","00218980","00218888","FUN_00218888",tail
"00218888","FUN_00218888","002189b8","001fa6d0","FUN_001fa6d0",direct
"00218888","FUN_00218888","002189cc","001fa6d0","FUN_001fa6d0",direct
"00218888","FUN_00218888","002189dc","00214a98","FUN_00214a98",direct
"00218888","FUN_00218888","002189e8","00214a98","FUN_00214a98",direct
"00218888","FUN_00218888","002189f4","00214bc0","FUN_00214bc0",direct
"00218888","FUN_00218888","00218a00","00214bc0","FUN_00214bc0",direct
"00218d78","FUN_00218d78","00218d8c","0012e3e8","FUN_0012e3e8",direct
"00218d78","FUN_00218d78","00218d94","00216050","FUN_00216050",direct
"00218d78","FUN_00218d78","00218d9c","0012dc80","FUN_0012dc80",direct
"00218d78","FUN_00218d78","00218dac","00218d78","FUN_00218d78",tail
"00218d78","FUN_00218d78","00218db4","00218d78","FUN_00218d78",tail
"00218d78","FUN_00218d78","00218dc8","00218d78","FUN_00218d78",tail
"00218d78","FUN_00218d78","00218de8","00218d78","FUN_00218d78",tail
"00218d78","FUN_00218d78","00218df8","00218d78","FUN_00218d78",tail
"00218d78","FUN_00218d78","00218e14","00218d78","FUN_00218d78",tail
"00218d78","FUN_00218d78","00218e20","00218d78","FUN_00218d78",tail
"00218d78","FUN_00218d78","00218e3c","00218d78","FUN_00218d78",tail
"00218d78","FUN_00218d78","00218e4c","00218d78","FUN_00218d78",tail
"00218d78","FUN_00218d78","00218e58","00218d78","FUN_00218d78",tail
"00218d78","FUN_00218d78","00218e84","00218d78","FUN_00218d78",tail
"00218d78","FUN_00218d78","00218e94","00218d78","FUN_00218d78",tail
"00218d78","FUN_00218d78","00218eb4","00218d78","FUN_00218d78",tail
"00218d78","FUN_00218d78","00218ec0","00218d78","FUN_00218d78",tail
"00218d78","FUN_00218d78","00218ef8","00218d78","FUN_00218d78",tail
"00218d78","FUN_00218d78","00218f04","00218d78","FUN_00218d78",tail
"00218d78","FUN_00218d78","00218f14","0020b950","FUN_0020b950",direct
"00218d78","FUN_00218d78","00218f20","00226e58","FUN_00226e58",direct
"00218f98","FUN_00218f98","00218fec","001f9a68","FUN_001f9a68",direct
"00218f98","FUN_00218f98","00219018","002337b0","FUN_002337b0",direct
"00218f98","FUN_00218f98","00219020","00122298","FUN_00122298",direct
"00218f98","FUN_00218f98","002190ac","00225ac0","FUN_00225ac0",direct
"00218f98","FUN_00218f98","002190b4","002335d0","FUN_002335d0",direct
"00218f98","FUN_00218f98","002190c8","00218f98","FUN_00218f98",tail
"00218f98","FUN_00218f98","002190f0","00225490","FUN_00225490",direct
"00218f98","FUN_00218f98","00219100","00218f98","FUN_00218f98",tail
"00218f98","FUN_00218f98","00219180","00212ed8","FUN_00212ed8",direct
"00218f98","FUN_00218f98","00219190","00218f98","FUN_00218f98",tail
"002191b8","FUN_002191b8","002191e0","002191b8","FUN_002191b8",tail
"002191b8","FUN_002191b8","002191ec","002191b8","FUN_002191b8",tail
"002191b8","FUN_002191b8","0021920c","002191b8","FUN_002191b8",tail
"002191b8","FUN_002191b8","00219218","002191b8","FUN_002191b8",tail
"002191b8","FUN_002191b8","00219230","002191b8","FUN_002191b8",tail
"002191b8","FUN_002191b8","00219264","00225530","FUN_00225530",direct
"002191b8","FUN_002191b8","00219274","002191b8","FUN_002191b8",tail
"002192a8","FUN_002192a8","002192e4","00218d10","FUN_00218d10",direct
"002192a8","FUN_002192a8","002192f4","002192a8","FUN_002192a8",tail
"002192a8","FUN_002192a8","00219300","002192a8","FUN_002192a8",tail
"002192a8","FUN_002192a8","00219308","002192a8","FUN_002192a8",tail
"002192a8","FUN_002192a8","00219318","002192a8","FUN_002192a8",tail
"002192a8","FUN_002192a8","00219328","002335a0","FUN_002335a0",direct
"002192a8","FUN_002192a8","00219330","001f2588","FUN_001f2588",direct
"002192a8","FUN_002192a8","00219354","002192a8","FUN_002192a8",tail
"002192a8","FUN_002192a8","0021935c","002192a8","FUN_002192a8",tail
"002192a8","FUN_002192a8","00219364","002192a8","FUN_002192a8",tail
"002192a8","FUN_002192a8","0021936c","00218f98","FUN_00218f98",direct
"002192a8","FUN_002192a8","00219380","002192a8","FUN_002192a8",tail
"002192a8","FUN_002192a8","0021938c","001fbab8","FUN_001fbab8",direct
"002192a8","FUN_002192a8","00219394","002192a8","FUN_002192a8",tail
"002192a8","FUN_002192a8","002193a4","002192a8","FUN_002192a8",tail
"002192a8","FUN_002192a8","002193bc","002192a8","FUN_002192a8",tail
"002192a8","FUN_002192a8","002193f4","002192a8","FUN_002192a8",tail
"002192a8","FUN_002192a8","00219400","002192a8","FUN_002192a8",tail
"002192a8","FUN_002192a8","00219418","002192a8","FUN_002192a8",tail
"002192a8","FUN_002192a8","00219420","002192a8","FUN_002192a8",tail
"002192a8","FUN_002192a8","0021942c","002192a8","FUN_002192a8",tail
"002192a8","FUN_002192a8","00219438","002192a8","FUN_002192a8",tail
"002192a8","FUN_002192a8","00219448","0022da68","FUN_0022da68",direct
"002192a8","FUN_002192a8","00219450","002192a8","FUN_002192a8",tail
"002192a8","FUN_002192a8","00219460","0022da68","FUN_0022da68",direct
"002192a8","FUN_002192a8","00219484","002192a8","FUN_002192a8",tail
"002192a8","FUN_002192a8","00219490","002192a8","FUN_002192a8",tail
"002192a8","FUN_002192a8","002194a8","002192a8","FUN_002192a8",tail
"002192a8","FUN_002192a8","00219508","002192a8","FUN_002192a8",tail
"002192a8","FUN_002192a8","00219518","002192a8","FUN_002192a8",tail
"002192a8","FUN_002192a8","00219548","00212ed8","FUN_00212ed8",direct
"002192a8","FUN_002192a8","00219554","002192a8","FUN_002192a8",tail
"002192a8","FUN_002192a8","00219568","00212ed8","FUN_00212ed8",direct
"002192a8","FUN_002192a8","00219580","002192a8","FUN_002192a8",tail
"002192a8","FUN_002192a8","002195b0","002192a8","FUN_002192a8",tail
"002192a8","FUN_002192a8","002195c8","002192a8","FUN_002192a8",tail
"002192a8","FUN_002192a8","002195d4","002192a8","FUN_002192a8",tail
"002192a8","FUN_002192a8","002195e0","002192a8","FUN_002192a8",tail
"002192a8","FUN_002192a8","002195f0","002192a8","FUN_002192a8",tail
"002192a8","FUN_002192a8","002195fc","002192a8","FUN_002192a8",tail
"002192a8","FUN_002192a8","0021960c","002192a8","FUN_002192a8",tail
"002192a8","FUN_002192a8","00219618","002192a8","FUN_002192a8",tail
"002192a8","FUN_002192a8","00219628","002192a8","FUN_002192a8",tail
"002192a8","FUN_002192a8","00219658","002192a8","FUN_002192a8",tail
"002192a8","FUN_002192a8","00219668","00212e28","FUN_00212e28",direct
"002192a8","FUN_002192a8","00219678","002192a8","FUN_002192a8",tail
"002192a8","FUN_002192a8","00219680","002191b8","FUN_002191b8",direct
"002196b8","FUN_002196b8","002196f4","00233980","FUN_00233980",direct
"002196b8","FUN_002196b8","002196fc","0020d278","FUN_0020d278",direct
"002196b8","FUN_002196b8","00219704","0020d1f0","FUN_0020d1f0",direct
"002196b8","FUN_002196b8","00219710","0020d218","FUN_0020d218",direct
"002196b8","FUN_002196b8","00219728","0020d330","FUN_0020d330",direct
"002196b8","FUN_002196b8","00219730","00218d10","FUN_00218d10",direct
"002196b8","FUN_002196b8","00219738","001f2260","FUN_001f2260",direct
"002196b8","FUN_002196b8","0021974c","002196b8","FUN_002196b8",tail
"002196b8","FUN_002196b8","00219758","002196b8","FUN_002196b8",tail
"002196b8","FUN_002196b8","00219760","002196b8","FUN_002196b8",tail
"002196b8","FUN_002196b8","0021976c","002196b8","FUN_002196b8",tail
"002196b8","FUN_002196b8","00219774","0020d330","FUN_0020d330",direct
"002196b8","FUN_002196b8","00219788","002196b8","FUN_002196b8",tail
"002196b8","FUN_002196b8","002197cc","002196b8","FUN_002196b8",tail
"002196b8","FUN_002196b8","002197e4","002196b8","FUN_002196b8",tail
"002196b8","FUN_002196b8","002197ec","002196b8","FUN_002196b8",tail
"002196b8","FUN_002196b8","00219800","002196b8","FUN_002196b8",tail
"002196b8","FUN_002196b8","0021985c","00237a78","FUN_00237a78",direct
"002196b8","FUN_002196b8","00219880","002196b8","FUN_002196b8",tail
"002196b8","FUN_002196b8","0021988c","002196b8","FUN_002196b8",tail
"002196b8","FUN_002196b8","00219908","00200e08","FUN_00200e08",direct
"002196b8","FUN_002196b8","0021991c","002196b8","FUN_002196b8",tail
"002196b8","FUN_002196b8","0021995c","002196b8","FUN_002196b8",tail
"002196b8","FUN_002196b8","00219964","002196b8","FUN_002196b8",tail
"002196b8","FUN_002196b8","00219970","002196b8","FUN_002196b8",tail
"002196b8","FUN_002196b8","00219980","002196b8","FUN_002196b8",tail
"002196b8","FUN_002196b8","00219998","002196b8","FUN_002196b8",tail
"002196b8","FUN_002196b8","002199a4","002196b8","FUN_002196b8",tail
"002196b8","FUN_002196b8","002199ac","002196b8","FUN_002196b8",tail
"002196b8","FUN_002196b8","002199c0","002196b8","FUN_002196b8",tail
"002196b8","FUN_002196b8","002199c8","002196b8","FUN_002196b8",tail
"002196b8","FUN_002196b8","002199d8","002196b8","FUN_002196b8",tail
"002196b8","FUN_002196b8","002199e8","002196b8","FUN_002196b8",tail
"002196b8","FUN_002196b8","002199f8","002196b8","FUN_002196b8",tail
"002196b8","FUN_002196b8","00219a04","002196b8","FUN_002196b8",tail
"002196b8","FUN_002196b8","00219a18","002196b8","FUN_002196b8",tail
"002196b8","FUN_002196b8","00219a50","002196b8","FUN_002196b8",tail
"002196b8","FUN_002196b8","00219a74","002196b8","FUN_002196b8",tail
"002196b8","FUN_002196b8","00219a84","002196b8","FUN_002196b8",tail
"002196b8","FUN_002196b8","00219aac","002196b8","FUN_002196b8",tail
"002196b8","FUN_002196b8","00219ab4","002196b8","FUN_002196b8",tail
"002196b8","FUN_002196b8","00219ad4","002196b8","FUN_002196b8",tail
"002196b8","FUN_002196b8","00219ae8","001f7888","FUN_001f7888",direct
"002196b8","FUN_002196b8","00219b14","00200f90","FUN_00200f90",direct
"002196b8","FUN_002196b8","00219b34","001f7978","FUN_001f7978",direct
"002196b8","FUN_002196b8","00219b40","002196b8","FUN_002196b8",tail
"002196b8","FUN_002196b8","00219b58","002196b8","FUN_002196b8",tail
"002196b8","FUN_002196b8","00219b64","002196b8","FUN_002196b8",tail
"002196b8","FUN_002196b8","00219b70","002196b8","FUN_002196b8",tail
"002196b8","FUN_002196b8","00219bbc","002196b8","FUN_002196b8",tail
"002196b8","FUN_002196b8","00219bc8","002196b8","FUN_002196b8",tail
"002196b8","FUN_002196b8","00219bd0","002196b8","FUN_002196b8",tail
"002196b8","FUN_002196b8","00219be0","002196b8","FUN_002196b8",tail
"002196b8","FUN_002196b8","00219bfc","002196b8","FUN_002196b8",tail
"002196b8","FUN_002196b8","00219c10","002196b8","FUN_002196b8",tail
"002196b8","FUN_002196b8","00219c2c","002196b8","FUN_002196b8",tail
"002196b8","FUN_002196b8","00219c38","002196b8","FUN_002196b8",tail
"002196b8","FUN_002196b8","00219c4c","00233980","FUN_00233980",direct
"002196b8","FUN_002196b8","00219c58","00233980","FUN_00233980",direct
"002196b8","FUN_002196b8","00219c98","001f5450","FUN_001f5450",direct
"002196b8","FUN_002196b8","00219ca8","002196b8","FUN_002196b8",tail
"002196b8","FUN_002196b8","00219cb4","002196b8","FUN_002196b8",tail
"002196b8","FUN_002196b8","00219cbc","0020d248","FUN_0020d248",direct
"002196b8","FUN_002196b8","00219cc4","0020d3b0","FUN_0020d3b0",direct
"002196b8","FUN_002196b8","00219cd4","002196b8","FUN_002196b8",tail
"002196b8","FUN_002196b8","00219ce0","001f4280","FUN_001f4280",direct
"002196b8","FUN_002196b8","00219d0c","002196b8","FUN_002196b8",tail
"002196b8","FUN_002196b8","00219d14","002196b8","FUN_002196b8",tail
"002196b8","FUN_002196b8","00219d20","002196b8","FUN_002196b8",tail
"002196b8","FUN_002196b8","00219d28","00223e28","FUN_00223e28",direct
"002196b8","FUN_002196b8","00219d3c","002196b8","FUN_002196b8",tail
"002196b8","FUN_002196b8","00219d44","001f4398","FUN_001f4398",direct
"00219e10","FUN_00219e10","00219e34","00219e10","FUN_00219e10",tail
"00219e10","FUN_00219e10","00219e40","00219e10","FUN_00219e10",tail
"00219e10","FUN_00219e10","00219e48","00219e10","FUN_00219e10",tail
"00219e10","FUN_00219e10","00219e5c","00219e10","FUN_00219e10",tail
"00219e10","FUN_00219e10","00219e70","00219e10","FUN_00219e10",tail
"00219e10","FUN_00219e10","00219e7c","00219e10","FUN_00219e10",tail
"00219e10","FUN_00219e10","00219e84","00219e10","FUN_00219e10",tail
"00219e10","FUN_00219e10","00219e98","00219e10","FUN_00219e10",tail
"00219e10","FUN_00219e10","00219ea0","00219e10","FUN_00219e10",tail
"00219e10","FUN_00219e10","00219eb0","00219e10","FUN_00219e10",tail
"00219e10","FUN_00219e10","00219ec8","00219e10","FUN_00219e10",tail
"00219e10","FUN_00219e10","00219ed4","00219e10","FUN_00219e10",tail
"00219e10","FUN_00219e10","00219ee0","0022da68","FUN_0022da68",direct
"00219e10","FUN_00219e10","00219ef0","00219e10","FUN_00219e10",tail
"00219e10","FUN_00219e10","00219f0c","00219e10","FUN_00219e10",tail
"00219e10","FUN_00219e10","00219f14","00219e10","FUN_00219e10",tail
"00219e10","FUN_00219e10","00219f24","00219e10","FUN_00219e10",tail
"00219e10","FUN_00219e10","00219f3c","00219e10","FUN_00219e10",tail
"00219e10","FUN_00219e10","00219f48","00219e10","FUN_00219e10",tail
"00219e10","FUN_00219e10","00219f68","00219e10","FUN_00219e10",tail
"00219fa0","FUN_00219fa0","00219fec","001f4280","FUN_001f4280",direct
"00219fa0","FUN_00219fa0","00219ff8","00219fa0","FUN_00219fa0",tail
"00219fa0","FUN_00219fa0","0021a018","00219fa0","FUN_00219fa0",tail
"00219fa0","FUN_00219fa0","0021a034","001f99a8","FUN_001f99a8",direct
"00219fa0","FUN_00219fa0","0021a064","00200e08","FUN_00200e08",direct
"00219fa0","FUN_00219fa0","0021a080","00200e08","FUN_00200e08",direct
"00219fa0","FUN_00219fa0","0021a094","001ff960","FUN_001ff960",direct
"00219fa0","FUN_00219fa0","0021a0b0","00200080","FUN_00200080",direct
"00219fa0","FUN_00219fa0","0021a0c0","00219fa0","FUN_00219fa0",tail
"00219fa0","FUN_00219fa0","0021a0cc","00219fa0","FUN_00219fa0",tail
"00219fa0","FUN_00219fa0","0021a0e8","00200e08","FUN_00200e08",direct
"00219fa0","FUN_00219fa0","0021a0f4","001ff960","FUN_001ff960",direct
"00219fa0","FUN_00219fa0","0021a110","001ffc30","FUN_001ffc30",direct
"00219fa0","FUN_00219fa0","0021a124","00219fa0","FUN_00219fa0",tail
"00219fa0","FUN_00219fa0","0021a13c","00200e08","FUN_00200e08",direct
"00219fa0","FUN_00219fa0","0021a148","001ff960","FUN_001ff960",direct
"00219fa0","FUN_00219fa0","0021a168","001ffe18","FUN_001ffe18",direct
"00219fa0","FUN_00219fa0","0021a170","001f4398","FUN_001f4398",direct
"0021a1e0","FUN_0021a1e0","0021a2a4","0021a1e0","FUN_0021a1e0",tail
"0021a1e0","FUN_0021a1e0","0021a2b0","0021a1e0","FUN_0021a1e0",tail
"0021a1e0","FUN_0021a1e0","0021a2dc","0021a1e0","FUN_0021a1e0",tail
"0021a328","FUN_0021a328","0021a374","0021a328","FUN_0021a328",tail
"0021a328","FUN_0021a328","0021a38c","0021a328","FUN_0021a328",tail
"0021a328","FUN_0021a328","0021a3a0","00233980","FUN_00233980",direct
"0021a328","FUN_0021a328","0021a3b0","00233980","FUN_00233980",direct
"0021a328","FUN_0021a328","0021a3c0","0021a328","FUN_0021a328",tail
"0021a328","FUN_0021a328","0021a3d4","0021a328","FUN_0021a328",tail
"0021a328","FUN_0021a328","0021a3e0","0021a328","FUN_0021a328",tail
"0021a328","FUN_0021a328","0021a3ec","0021a328","FUN_0021a328",tail
"0021a328","FUN_0021a328","0021a3f8","0021a328","FUN_0021a328",tail
"0021a328","FUN_0021a328","0021a400","001f96f8","FUN_001f96f8",direct
"0021a328","FUN_0021a328","0021a410","0021a328","FUN_0021a328",tail
"0021a328","FUN_0021a328","0021a418","001f96f8","FUN_001f96f8",direct
"0021a328","FUN_0021a328","0021a42c","0021a328","FUN_0021a328",tail
"0021a328","FUN_0021a328","0021a434","0021a328","FUN_0021a328",tail
"0021a328","FUN_0021a328","0021a448","0021a328","FUN_0021a328",tail
"0021a328","FUN_0021a328","0021a450","0021a328","FUN_0021a328",tail
"0021a328","FUN_0021a328","0021a45c","0021a328","FUN_0021a328",tail
"0021a328","FUN_0021a328","0021a484","0021a328","FUN_0021a328",tail
"0021a328","FUN_0021a328","0021a490","0021a328","FUN_0021a328",tail
"0021a328","FUN_0021a328","0021a4a8","0021a328","FUN_0021a328",tail
"0021a328","FUN_0021a328","0021a4b0","0021a328","FUN_0021a328",tail
"0021a328","FUN_0021a328","0021a4bc","0021a328","FUN_0021a328",tail
"0021a328","FUN_0021a328","0021a4f0","001fecc8","FUN_001fecc8",direct
"0021a328","FUN_0021a328","0021a4f8","0021a328","FUN_0021a328",tail
"0021a328","FUN_0021a328","0021a540","0021a328","FUN_0021a328",tail
"0021a328","FUN_0021a328","0021a548","001f96f8","FUN_001f96f8",direct
"0021a328","FUN_0021a328","0021a560","0021a328","FUN_0021a328",tail
"0021a328","FUN_0021a328","0021a568","001f96f8","FUN_001f96f8",direct
"0021a328","FUN_0021a328","0021a578","0021a328","FUN_0021a328",tail
"0021a328","FUN_0021a328","0021a580","001f96f8","FUN_001f96f8",direct
"0021a328","FUN_0021a328","0021a5b4","0021a328","FUN_0021a328",tail
"0021a328","FUN_0021a328","0021a5c0","0021a328","FUN_0021a328",tail
"0021a328","FUN_0021a328","0021a5e0","0021a328","FUN_0021a328",tail
"0021a328","FUN_0021a328","0021a5f8","0021a328","FUN_0021a328",tail
"0021a328","FUN_0021a328","0021a604","0021a328","FUN_0021a328",tail
"0021a328","FUN_0021a328","0021a60c","0021a328","FUN_0021a328",tail
"0021a328","FUN_0021a328","0021a614","0021a328","FUN_0021a328",tail
"0021a328","FUN_0021a328","0021a620","0021a328","FUN_0021a328",tail
"0021a328","FUN_0021a328","0021a628","0021a328","FUN_0021a328",tail
"0021a328","FUN_0021a328","0021a634","0021a328","FUN_0021a328",tail
"0021a328","FUN_0021a328","0021a63c","0021a328","FUN_0021a328",tail
"0021a328","FUN_0021a328","0021a648","0021a328","FUN_0021a328",tail
"0021a328","FUN_0021a328","0021a654","0021a328","FUN_0021a328",tail
"0021a328","FUN_0021a328","0021a678","001fdd10","FUN_001fdd10",direct
"0021a328","FUN_0021a328","0021a68c","0021a328","FUN_0021a328",tail
"0021a328","FUN_0021a328","0021a6a4","0021a328","FUN_0021a328",tail
"0021a328","FUN_0021a328","0021a6bc","0021a328","FUN_0021a328",tail
"0021a328","FUN_0021a328","0021a6e0","0021a328","FUN_0021a328",tail
"0021a328","FUN_0021a328","0021a6e8","0021a328","FUN_0021a328",tail
"0021a328","FUN_0021a328","0021a6f0","0021a328","FUN_0021a328",tail
"0021a328","FUN_0021a328","0021a6fc","001fdd10","FUN_001fdd10",direct
"0021a328","FUN_0021a328","0021a710","00116248","FUN_00116248",direct
"0021a328","FUN_0021a328","0021a730","0021a328","FUN_0021a328",tail
"0021a328","FUN_0021a328","0021a740","0021a328","FUN_0021a328",tail
"0021a328","FUN_0021a328","0021a754","0021a328","FUN_0021a328",tail
"0021a328","FUN_0021a328","0021a768","0021a328","FUN_0021a328",tail
"0021a328","FUN_0021a328","0021a770","001fdd10","FUN_001fdd10",direct
"0021a328","FUN_0021a328","0021a77c","0021a328","FUN_0021a328",tail
"0021a328","FUN_0021a328","0021a790","0021a328","FUN_0021a328",tail
"0021a328","FUN_0021a328","0021a7b0","0021a328","FUN_0021a328",tail
"0021a328","FUN_0021a328","0021a7cc","001f4280","FUN_001f4280",direct
"0021a328","FUN_0021a328","0021a7d4","001f44b8","FUN_001f44b8",direct
"0021a328","FUN_0021a328","0021a7e8","001153fc","FUN_001153fc",direct
"0021a328","FUN_0021a328","0021a884","0021a328","FUN_0021a328",tail
"0021a328","FUN_0021a328","0021a8a4","001fa6e0","FUN_001fa6e0",direct
"0021a328","FUN_0021a328","0021a8b8","0021b6d8","FUN_0021b6d8",direct
"0021a328","FUN_0021a328","0021a8e4","001f7090","FUN_001f7090",direct
"0021a328","FUN_0021a328","0021a8fc","0021a328","FUN_0021a328",tail
"0021a328","FUN_0021a328","0021a91c","0021a328","FUN_0021a328",tail
"0021a328","FUN_0021a328","0021a928","0021a328","FUN_0021a328",tail
"0021a328","FUN_0021a328","0021a944","0021a328","FUN_0021a328",tail
"0021a328","FUN_0021a328","0021a954","0021a328","FUN_0021a328",tail
"0021a328","FUN_0021a328","0021a9b8","001f61f8","FUN_001f61f8",direct
"0021a328","FUN_0021a328","0021a9d8","001f7090","FUN_001f7090",direct
"0021a328","FUN_0021a328","0021a9e0","001f61e8","FUN_001f61e8",direct
"0021a328","FUN_0021a328","0021aa4c","001f7090","FUN_001f7090",direct
"0021a328","FUN_0021a328","0021aa5c","0021a328","FUN_0021a328",tail
"0021a328","FUN_0021a328","0021aac4","001f61f8","FUN_001f61f8",direct
"0021a328","FUN_0021a328","0021aae4","001f7090","FUN_001f7090",direct
"0021a328","FUN_0021a328","0021aaec","001f61e8","FUN_001f61e8",direct
"0021a328","FUN_0021a328","0021ab58","001f7090","FUN_001f7090",direct
"0021a328","FUN_0021a328","0021ab68","0021a328","FUN_0021a328",tail
"0021a328","FUN_0021a328","0021aba8","0021a328","FUN_0021a328",tail
"0021a328","FUN_0021a328","0021abb8","001f4398","FUN_001f4398",direct
"0021abf8","FUN_0021abf8","0021ac40","0021abf8","FUN_0021abf8",tail
"0021abf8","FUN_0021abf8","0021ac50","0021abf8","FUN_0021abf8",tail
"0021abf8","FUN_0021abf8","0021ac5c","0021abf8","FUN_0021abf8",tail
"0021abf8","FUN_0021abf8","0021ac6c","0021abf8","FUN_0021abf8",tail
"0021abf8","FUN_0021abf8","0021ac7c","001f96f8","FUN_001f96f8",direct
"0021abf8","FUN_0021abf8","0021ac88","0021abf8","FUN_0021abf8",tail
"0021abf8","FUN_0021abf8","0021ac90","001f96f8","FUN_001f96f8",direct
"0021abf8","FUN_0021abf8","0021acb0","0021abf8","FUN_0021abf8",tail
"0021abf8","FUN_0021abf8","0021acb8","0021abf8","FUN_0021abf8",tail
"0021abf8","FUN_0021abf8","0021acd8","0021abf8","FUN_0021abf8",tail
"0021abf8","FUN_0021abf8","0021ace0","0021abf8","FUN_0021abf8",tail
"0021abf8","FUN_0021abf8","0021acfc","0021abf8","FUN_0021abf8",tail
"0021abf8","FUN_0021abf8","0021ad0c","0021abf8","FUN_0021abf8",tail
"0021abf8","FUN_0021abf8","0021ad18","0021abf8","FUN_0021abf8",tail
"0021abf8","FUN_0021abf8","0021ad20","0021abf8","FUN_0021abf8",tail
"0021abf8","FUN_0021abf8","0021ad30","0021abf8","FUN_0021abf8",tail
"0021abf8","FUN_0021abf8","0021ad4c","0021abf8","FUN_0021abf8",tail
"0021abf8","FUN_0021abf8","0021ad58","0021abf8","FUN_0021abf8",tail
"0021abf8","FUN_0021abf8","0021ad60","0021abf8","FUN_0021abf8",tail
"0021abf8","FUN_0021abf8","0021ad74","0021abf8","FUN_0021abf8",tail
"0021abf8","FUN_0021abf8","0021ad9c","0021abf8","FUN_0021abf8",tail
"0021abf8","FUN_0021abf8","0021adb4","0021abf8","FUN_0021abf8",computed
"0021abf8","FUN_0021abf8","0021adb4","0021abf8","FUN_0021abf8",computed
"0021abf8","FUN_0021abf8","0021adb4","0021abf8","FUN_0021abf8",computed
"0021abf8","FUN_0021abf8","0021adb4","0021abf8","FUN_0021abf8",computed
"0021abf8","FUN_0021abf8","0021adb4","0021abf8","FUN_0021abf8",computed
"0021abf8","FUN_0021abf8","0021adb4","0021abf8","FUN_0021abf8",computed
"0021abf8","FUN_0021abf8","0021adb4","0021abf8","FUN_0021abf8",computed
"0021abf8","FUN_0021abf8","0021adb4","0021abf8","FUN_0021abf8",computed
"0021abf8","FUN_0021abf8","0021adb4","0021abf8","FUN_0021abf8",computed
"0021abf8","FUN_0021abf8","0021adb4","0021abf8","FUN_0021abf8",computed
"0021abf8","FUN_0021abf8","0021adb4","0021abf8","FUN_0021abf8",computed
"0021abf8","FUN_0021abf8","0021adc4","0022da68","FUN_0022da68",direct
"0021abf8","FUN_0021abf8","0021add8","0021abf8","FUN_0021abf8",tail
"0021abf8","FUN_0021abf8","0021ade0","0021abf8","FUN_0021abf8",tail
"0021abf8","FUN_0021abf8","0021ae00","0021abf8","FUN_0021abf8",tail
"0021abf8","FUN_0021abf8","0021ae10","0022da68","FUN_0022da68",direct
"0021abf8","FUN_0021abf8","0021ae24","0021abf8","FUN_0021abf8",tail
"0021abf8","FUN_0021abf8","0021ae2c","0021abf8","FUN_0021abf8",tail
"0021abf8","FUN_0021abf8","0021ae50","0021abf8","FUN_0021abf8",tail
"0021abf8","FUN_0021abf8","0021ae80","001fbab8","FUN_001fbab8",direct
"0021abf8","FUN_0021abf8","0021ae88","0021abf8","FUN_0021abf8",tail
"0021abf8","FUN_0021abf8","0021aea0","0021abf8","FUN_0021abf8",tail
"0021abf8","FUN_0021abf8","0021aef8","0022da68","FUN_0022da68",direct
"0021abf8","FUN_0021abf8","0021af00","0021abf8","FUN_0021abf8",tail
"0021abf8","FUN_0021abf8","0021af40","0021abf8","FUN_0021abf8",tail
"0021abf8","FUN_0021abf8","0021af80","0021abf8","FUN_0021abf8",tail
"0021abf8","FUN_0021abf8","0021afc0","0021abf8","FUN_0021abf8",tail
"0021abf8","FUN_0021abf8","0021afe8","0021abf8","FUN_0021abf8",tail
"0021abf8","FUN_0021abf8","0021b004","0021abf8","FUN_0021abf8",tail
"0021abf8","FUN_0021abf8","0021b014","0022da68","FUN_0022da68",direct
"0021abf8","FUN_0021abf8","0021b030","0021abf8","FUN_0021abf8",tail
"0021abf8","FUN_0021abf8","0021b054","0021abf8","FUN_0021abf8",tail
"0021abf8","FUN_0021abf8","0021b060","0021abf8","FUN_0021abf8",tail
"0021abf8","FUN_0021abf8","0021b068","0021abf8","FUN_0021abf8",tail
"0021abf8","FUN_0021abf8","0021b078","0021abf8","FUN_0021abf8",tail
"0021abf8","FUN_0021abf8","0021b084","0021abf8","FUN_0021abf8",tail
"0021abf8","FUN_0021abf8","0021b08c","0021abf8","FUN_0021abf8",tail
"0021abf8","FUN_0021abf8","0021b098","0021abf8","FUN_0021abf8",tail
"0021abf8","FUN_0021abf8","0021b0a0","0021abf8","FUN_0021abf8",tail
"0021abf8","FUN_0021abf8","0021b0ac","0021abf8","FUN_0021abf8",tail
"0021abf8","FUN_0021abf8","0021b0b4","0021abf8","FUN_0021abf8",tail
"0021abf8","FUN_0021abf8","0021b0d0","0021abf8","FUN_0021abf8",tail
"0021abf8","FUN_0021abf8","0021b0e0","0021abf8","FUN_0021abf8",tail
"0021abf8","FUN_0021abf8","0021b0e8","0021abf8","FUN_0021abf8",tail
"0021abf8","FUN_0021abf8","0021b108","0021abf8","FUN_0021abf8",tail
"0021abf8","FUN_0021abf8","0021b114","0021abf8","FUN_0021abf8",tail
"0021abf8","FUN_0021abf8","0021b11c","0021abf8","FUN_0021abf8",tail
"0021abf8","FUN_0021abf8","0021b12c","0021abf8","FUN_0021abf8",tail
"0021abf8","FUN_0021abf8","0021b134","0021abf8","FUN_0021abf8",tail
"0021abf8","FUN_0021abf8","0021b14c","0021abf8","FUN_0021abf8",tail
"0021abf8","FUN_0021abf8","0021b160","0021abf8","FUN_0021abf8",tail
"0021abf8","FUN_0021abf8","0021b170","0022da68","FUN_0022da68",direct
"0021abf8","FUN_0021abf8","0021b180","0021abf8","FUN_0021abf8",tail
"0021b1c8","FUN_0021b1c8","0021b22c","0021b1c8","FUN_0021b1c8",tail
"0021b1c8","FUN_0021b1c8","0021b250","0021b1c8","FUN_0021b1c8",tail
"0021b1c8","FUN_0021b1c8","0021b270","00233980","FUN_00233980",direct
"0021b1c8","FUN_0021b1c8","0021b280","00233980","FUN_00233980",direct
"0021b1c8","FUN_0021b1c8","0021b288","001f4280","FUN_001f4280",direct
"0021b1c8","FUN_0021b1c8","0021b29c","0021b1c8","FUN_0021b1c8",tail
"0021b1c8","FUN_0021b1c8","0021b2bc","0021b1c8","FUN_0021b1c8",tail
"0021b1c8","FUN_0021b1c8","0021b2d0","0021b1c8","FUN_0021b1c8",tail
"0021b1c8","FUN_0021b1c8","0021b2d8","0021b1c8","FUN_0021b1c8",tail
"0021b1c8","FUN_0021b1c8","0021b2e8","0021b1c8","FUN_0021b1c8",tail
"0021b1c8","FUN_0021b1c8","0021b324","0021b1c8","FUN_0021b1c8",tail
"0021b1c8","FUN_0021b1c8","0021b334","0021b1c8","FUN_0021b1c8",tail
"0021b1c8","FUN_0021b1c8","0021b350","001fdd10","FUN_001fdd10",direct
"0021b1c8","FUN_0021b1c8","0021b360","001f6200","FUN_001f6200",direct
"0021b1c8","FUN_0021b1c8","0021b388","0021b1c8","FUN_0021b1c8",tail
"0021b1c8","FUN_0021b1c8","0021b39c","0021b1c8","FUN_0021b1c8",tail
"0021b1c8","FUN_0021b1c8","0021b3b0","0021b1c8","FUN_0021b1c8",tail
"0021b1c8","FUN_0021b1c8","0021b3b8","0021b1c8","FUN_0021b1c8",tail
"0021b1c8","FUN_0021b1c8","0021b3c8","0021b1c8","FUN_0021b1c8",tail
"0021b1c8","FUN_0021b1c8","0021b3ec","0021b1c8","FUN_0021b1c8",tail
"0021b1c8","FUN_0021b1c8","0021b3f8","0021b1c8","FUN_0021b1c8",tail
"0021b1c8","FUN_0021b1c8","0021b424","0021b1c8","FUN_0021b1c8",tail
"0021b1c8","FUN_0021b1c8","0021b430","0021b1c8","FUN_0021b1c8",tail
"0021b1c8","FUN_0021b1c8","0021b438","0021b1c8","FUN_0021b1c8",tail
"0021b1c8","FUN_0021b1c8","0021b440","0021b1c8","FUN_0021b1c8",tail
"0021b1c8","FUN_0021b1c8","0021b44c","0021b1c8","FUN_0021b1c8",tail
"0021b1c8","FUN_0021b1c8","0021b454","0021b1c8","FUN_0021b1c8",tail
"0021b1c8","FUN_0021b1c8","0021b464","0021b6d8","FUN_0021b6d8",direct
"0021b1c8","FUN_0021b1c8","0021b46c","0021b1c8","FUN_0021b1c8",tail
"0021b1c8","FUN_0021b1c8","0021b484","001fdd10","FUN_001fdd10",direct
"0021b1c8","FUN_0021b1c8","0021b4a0","0021b1c8","FUN_0021b1c8",tail
"0021b1c8","FUN_0021b1c8","0021b4a8","001fdd10","FUN_001fdd10",direct
"0021b1c8","FUN_0021b1c8","0021b4bc","001f6200","FUN_001f6200",direct
"0021b1c8","FUN_0021b1c8","0021b4d8","0021b1c8","FUN_0021b1c8",tail
"0021b1c8","FUN_0021b1c8","0021b4e0","0021b1c8","FUN_0021b1c8",tail
"0021b1c8","FUN_0021b1c8","0021b4e8","0021b1c8","FUN_0021b1c8",tail
"0021b1c8","FUN_0021b1c8","0021b4fc","001f61f8","FUN_001f61f8",direct
"0021b1c8","FUN_0021b1c8","0021b514","001f44b8","FUN_001f44b8",direct
"0021b1c8","FUN_0021b1c8","0021b538","001f62b0","FUN_001f62b0",direct
"0021b1c8","FUN_0021b1c8","0021b540","001f61e8","FUN_001f61e8",direct
"0021b1c8","FUN_0021b1c8","0021b550","0021b1c8","FUN_0021b1c8",tail
"0021b1c8","FUN_0021b1c8","0021b558","001f61f8","FUN_001f61f8",direct
"0021b1c8","FUN_0021b1c8","0021b564","001f44b8","FUN_001f44b8",direct
"0021b1c8","FUN_0021b1c8","0021b58c","001f62b0","FUN_001f62b0",direct
"0021b1c8","FUN_0021b1c8","0021b5a0","0021b1c8","FUN_0021b1c8",tail
"0021b1c8","FUN_0021b1c8","0021b5a8","001f61f8","FUN_001f61f8",direct
"0021b1c8","FUN_0021b1c8","0021b5c8","001fdd10","FUN_001fdd10",direct
"0021b1c8","FUN_0021b1c8","0021b5d4","001f44b8","FUN_001f44b8",direct
"0021b1c8","FUN_0021b1c8","0021b5f8","001f62b0","FUN_001f62b0",direct
"0021b1c8","FUN_0021b1c8","0021b608","0021b1c8","FUN_0021b1c8",tail
"0021b1c8","FUN_0021b1c8","0021b610","001f61e8","FUN_001f61e8",direct
"0021b1c8","FUN_0021b1c8","0021b620","001fdd10","FUN_001fdd10",direct
"0021b1c8","FUN_0021b1c8","0021b62c","001f44b8","FUN_001f44b8",direct
"0021b1c8","FUN_0021b1c8","0021b654","001f62b0","FUN_001f62b0",direct
"0021b1c8","FUN_0021b1c8","0021b664","0021b1c8","FUN_0021b1c8",tail
"0021b1c8","FUN_0021b1c8","0021b66c","001f61e8","FUN_001f61e8",direct
"0021b1c8","FUN_0021b1c8","0021b690","0021b1c8","FUN_0021b1c8",tail
"0021b1c8","FUN_0021b1c8","0021b698","001f4398","FUN_001f4398",direct
"0021b6d8","FUN_0021b6d8","0021b720","001f96f8","FUN_001f96f8",direct
"0021b6d8","FUN_0021b6d8","0021b72c","0021b6d8","FUN_0021b6d8",tail
"0021b6d8","FUN_0021b6d8","0021b734","001f96f8","FUN_001f96f8",direct
"0021b6d8","FUN_0021b6d8","0021b740","001f96f8","FUN_001f96f8",direct
"0021b6d8","FUN_0021b6d8","0021b770","0021b6d8","FUN_0021b6d8",tail
"0021b6d8","FUN_0021b6d8","0021b784","001fa6e0","FUN_001fa6e0",direct
"0021b858","FUN_0021b858","0021b884","0021b858","FUN_0021b858",tail
"0021b858","FUN_0021b858","0021b8a0","0021b858","FUN_0021b858",tail
"0021b858","FUN_0021b858","0021b8ac","0021b858","FUN_0021b858",tail
"0021b858","FUN_0021b858","0021b8b4","0021b858","FUN_0021b858",tail
"0021b858","FUN_0021b858","0021b8c4","0021b858","FUN_0021b858",tail
"0021b858","FUN_0021b858","0021b8d4","0021b858","FUN_0021b858",tail
"0021b858","FUN_0021b858","0021b8e0","0021b858","FUN_0021b858",tail
"0021b858","FUN_0021b858","0021b8e8","0021b858","FUN_0021b858",tail
"0021b858","FUN_0021b858","0021b8fc","0021b858","FUN_0021b858",tail
"0021b858","FUN_0021b858","0021b91c","0021b858","FUN_0021b858",tail
"0021b858","FUN_0021b858","0021b924","0021b858","FUN_0021b858",tail
"0021b858","FUN_0021b858","0021b930","0021b858","FUN_0021b858",tail
"0021b858","FUN_0021b858","0021b958","0021b858","FUN_0021b858",tail
"0021b858","FUN_0021b858","0021b974","0021b858","FUN_0021b858",tail
"0021b858","FUN_0021b858","0021b988","0021b858","FUN_0021b858",tail
"0021b858","FUN_0021b858","0021b99c","0021b858","FUN_0021b858",tail
"0021b858","FUN_0021b858","0021b9b8","0021b858","FUN_0021b858",tail
"0021b858","FUN_0021b858","0021b9c4","0021b858","FUN_0021b858",tail
"0021b858","FUN_0021b858","0021b9d4","0021b858","FUN_0021b858",tail
"0021b858","FUN_0021b858","0021b9dc","0021b858","FUN_0021b858",tail
"0021b858","FUN_0021b858","0021ba04","0021b858","FUN_0021b858",tail
"0021b858","FUN_0021b858","0021ba14","0021b858","FUN_0021b858",tail
"0021b858","FUN_0021b858","0021ba38","0021b858","FUN_0021b858",tail
"0021b858","FUN_0021b858","0021ba44","0021b858","FUN_0021b858",tail
"0021b858","FUN_0021b858","0021ba50","0021b858","FUN_0021b858",tail
"0021b858","FUN_0021b858","0021ba58","0021b858","FUN_0021b858",tail
"0021b858","FUN_0021b858","0021ba7c","0021b858","FUN_0021b858",tail
"0021b858","FUN_0021b858","0021ba98","0021b858","FUN_0021b858",tail
"0021b858","FUN_0021b858","0021baac","0021b858","FUN_0021b858",tail
"0021b858","FUN_0021b858","0021bac0","0021b858","FUN_0021b858",tail
"0021b858","FUN_0021b858","0021badc","0021b858","FUN_0021b858",tail
"0021b858","FUN_0021b858","0021bae8","0021b858","FUN_0021b858",tail
"0021b858","FUN_0021b858","0021baf8","0021b858","FUN_0021b858",tail
"0021b858","FUN_0021b858","0021bb00","0021b858","FUN_0021b858",tail
"0021b858","FUN_0021b858","0021bb20","0021b858","FUN_0021b858",tail
"0021b858","FUN_0021b858","0021bb30","0021b858","FUN_0021b858",tail
"0021b858","FUN_0021b858","0021bb60","0021b858","FUN_0021b858",tail
"0021b858","FUN_0021b858","0021bb68","0021b858","FUN_0021b858",tail
"0021b858","FUN_0021b858","0021bb74","0021b858","FUN_0021b858",tail
"0021b858","FUN_0021b858","0021bb7c","0021b858","FUN_0021b858",tail
"0021b858","FUN_0021b858","0021bb88","0021b858","FUN_0021b858",tail
"0021b858","FUN_0021b858","0021bb98","0021b858","FUN_0021b858",tail
"0021b858","FUN_0021b858","0021bbc0","0021b858","FUN_0021b858",tail
"0021b858","FUN_0021b858","0021bbcc","0021b858","FUN_0021b858",tail
"0021b858","FUN_0021b858","0021bbd8","0021b858","FUN_0021b858",tail
"0021b858","FUN_0021b858","0021bbe0","0021b858","FUN_0021b858",tail
"0021b858","FUN_0021b858","0021bbec","0021b858","FUN_0021b858",tail
"0021b858","FUN_0021b858","0021bbfc","0021b858","FUN_0021b858",tail
"0021b858","FUN_0021b858","0021bc18","0021b858","FUN_0021b858",tail
"0021b858","FUN_0021b858","0021bc2c","0021b858","FUN_0021b858",tail
"0021b858","FUN_0021b858","0021bc3c","0022da68","FUN_0022da68",direct
"0021b858","FUN_0021b858","0021bc50","0021b858","FUN_0021b858",tail
"0021b858","FUN_0021b858","0021bc64","0021b858","FUN_0021b858",tail
"0021b858","FUN_0021b858","0021bc80","0021b858","FUN_0021b858",tail
"0021b858","FUN_0021b858","0021bc94","0021b858","FUN_0021b858",tail
"0021b858","FUN_0021b858","0021bcb8","0022da68","FUN_0022da68",direct
"0021b858","FUN_0021b858","0021bcd8","0021b858","FUN_0021b858",tail
"0021b858","FUN_0021b858","0021bce0","0021b858","FUN_0021b858",tail
"0021b858","FUN_0021b858","0021bce8","0021b858","FUN_0021b858",tail
"0021b858","FUN_0021b858","0021bcf0","0021b858","FUN_0021b858",tail
"0021b858","FUN_0021b858","0021bd00","0021b858","FUN_0021b858",tail
"0021b858","FUN_0021b858","0021bd08","001e9468","FUN_001e9468",direct
"0021b858","FUN_0021b858","0021bd10","0021b858","FUN_0021b858",tail
"0021b858","FUN_0021b858","0021bd1c","0021b858","FUN_0021b858",tail
"0021b858","FUN_0021b858","0021bd24","001e9468","FUN_001e9468",direct
"0021b858","FUN_0021b858","0021bd50","0021b858","FUN_0021b858",tail
"0021b858","FUN_0021b858","0021bd60","0021b858","FUN_0021b858",tail
"0021b858","FUN_0021b858","0021bd70","0022da68","FUN_0022da68",direct
"0021bda0","FUN_0021bda0","0021bdbc","0021bda0","FUN_0021bda0",tail
"0021bda0","FUN_0021bda0","0021bdd4","0021bda0","FUN_0021bda0",tail
"0021bda0","FUN_0021bda0","0021be04","0021bda0","FUN_0021bda0",tail
"0021bda0","FUN_0021bda0","0021be14","0021bda0","FUN_0021bda0",tail
"0021bda0","FUN_0021bda0","0021be1c","002166e8","FUN_002166e8",direct
"0021be60","FUN_0021be60","0021be90","00205440","FUN_00205440",direct
"0021be60","FUN_0021be60","0021bea0","0021be60","FUN_0021be60",tail
"0021be60","FUN_0021be60","0021bec0","0021be60","FUN_0021be60",tail
"0021be60","FUN_0021be60","0021bed0","0021be60","FUN_0021be60",tail
"0021be60","FUN_0021be60","0021bed8","0021be60","FUN_0021be60",tail
"0021be60","FUN_0021be60","0021beec","0021be60","FUN_0021be60",tail
"0021be60","FUN_0021be60","0021bf00","0021be60","FUN_0021be60",tail
"0021be60","FUN_0021be60","0021bf0c","0021be60","FUN_0021be60",tail
"0021be60","FUN_0021be60","0021bf14","0021be60","FUN_0021be60",tail
"0021be60","FUN_0021be60","0021bf28","0021be60","FUN_0021be60",tail
"0021be60","FUN_0021be60","0021bf44","0021be60","FUN_0021be60",tail
"0021be60","FUN_0021be60","0021bf50","0021be60","FUN_0021be60",tail
"0021be60","FUN_0021be60","0021bf84","0022da68","FUN_0022da68",direct
"0021be60","FUN_0021be60","0021bf8c","0021be60","FUN_0021be60",tail
"0021be60","FUN_0021be60","0021bf98","00205220","FUN_00205220",direct
"0021be60","FUN_0021be60","0021bfa4","0021be60","FUN_0021be60",tail
"0021be60","FUN_0021be60","0021bfb4","0021be60","FUN_0021be60",tail
"0021be60","FUN_0021be60","0021bfbc","0021be60","FUN_0021be60",tail
"0021be60","FUN_0021be60","0021bfd0","0021be60","FUN_0021be60",tail
"0021be60","FUN_0021be60","0021bfe4","0021be60","FUN_0021be60",tail
"0021be60","FUN_0021be60","0021bfec","0021be60","FUN_0021be60",tail
"0021be60","FUN_0021be60","0021c000","0021be60","FUN_0021be60",tail
"0021be60","FUN_0021be60","0021c014","0021be60","FUN_0021be60",tail
"0021be60","FUN_0021be60","0021c024","0022da68","FUN_0022da68",direct
"0021be60","FUN_0021be60","0021c02c","0020b950","FUN_0020b950",direct
"0021be60","FUN_0021be60","0021c048","002050a0","FUN_002050a0",direct
"0021be60","FUN_0021be60","0021c05c","0021be60","FUN_0021be60",tail
"0021be60","FUN_0021be60","0021c064","0021be60","FUN_0021be60",tail
"0021be60","FUN_0021be60","0021c06c","00205278","FUN_00205278",direct
"0021be60","FUN_0021be60","0021c07c","0021be60","FUN_0021be60",tail
"0021be60","FUN_0021be60","0021c084","0021be60","FUN_0021be60",tail
"0021be60","FUN_0021be60","0021c08c","00205000","FUN_00205000",direct
"0021be60","FUN_0021be60","0021c0a8","0020b618","FUN_0020b618",direct
"0021be60","FUN_0021be60","0021c0c4","00225c18","FUN_00225c18",direct
"0021be60","FUN_0021be60","0021c0d0","0021be60","FUN_0021be60",tail
"0021be60","FUN_0021be60","0021c0e8","0021be60","FUN_0021be60",tail
"0021be60","FUN_0021be60","0021c0fc","002053d8","FUN_002053d8",direct
"0021be60","FUN_0021be60","0021c104","0021be60","FUN_0021be60",tail
"0021be60","FUN_0021be60","0021c11c","0021be60","FUN_0021be60",tail
"0021be60","FUN_0021be60","0021c138","00207bb0","FUN_00207bb0",direct
"0021be60","FUN_0021be60","0021c140","0021be60","FUN_0021be60",tail
"0021be60","FUN_0021be60","0021c14c","00206710","FUN_00206710",direct
"0021be60","FUN_0021be60","0021c160","002053d8","FUN_002053d8",direct
"0021be60","FUN_0021be60","0021c170","0021be60","FUN_0021be60",tail
"0021be60","FUN_0021be60","0021c1b4","00204e30","FUN_00204e30",direct
"0021be60","FUN_0021be60","0021c1d4","00204e30","FUN_00204e30",direct
"0021be60","FUN_0021be60","0021c1f4","00204e30","FUN_00204e30",direct
"0021be60","FUN_0021be60","0021c1fc","0021be60","FUN_0021be60",tail
"0021be60","FUN_0021be60","0021c21c","00204e30","FUN_00204e30",direct
"0021be60","FUN_0021be60","0021c224","0020b4a8","FUN_0020b4a8",direct
"0021be60","FUN_0021be60","0021c22c","0021be60","FUN_0021be60",tail
"0021be60","FUN_0021be60","0021c234","00225cd8","FUN_00225cd8",direct
"0021be60","FUN_0021be60","0021c24c","0020bf90","FUN_0020bf90",direct
"0021be60","FUN_0021be60","0021c264","0021be60","FUN_0021be60",tail
"0021be60","FUN_0021be60","0021c278","0021be60","FUN_0021be60",tail
"0021be60","FUN_0021be60","0021c2a8","0021be60","FUN_0021be60",tail
"0021be60","FUN_0021be60","0021c2b0","00204f60","FUN_00204f60",direct
"0021be60","FUN_0021be60","0021c2bc","0021be60","FUN_0021be60",tail
"0021be60","FUN_0021be60","0021c2c4","002050e8","FUN_002050e8",direct
"0021be60","FUN_0021be60","0021c2d0","0021be60","FUN_0021be60",tail
"0021be60","FUN_0021be60","0021c2f0","0021be60","FUN_0021be60",tail
"0021be60","FUN_0021be60","0021c310","00232f20","FUN_00232f20",direct
"0021be60","FUN_0021be60","0021c320","0021be60","FUN_0021be60",tail
"0021be60","FUN_0021be60","0021c328","0021be60","FUN_0021be60",tail
"0021be60","FUN_0021be60","0021c338","0021be60","FUN_0021be60",tail
"0021be60","FUN_0021be60","0021c364","00216788","FUN_00216788",direct
"0021be60","FUN_0021be60","0021c3a0","002050a0","FUN_002050a0",direct
"0021be60","FUN_0021be60","0021c3b8","0021be60","FUN_0021be60",tail
"0021be60","FUN_0021be60","0021c3c4","0021be60","FUN_0021be60",tail
"0021be60","FUN_0021be60","0021c3d0","0021be60","FUN_0021be60",tail
"0021be60","FUN_0021be60","0021c3d8","0021be60","FUN_0021be60",tail
"0021be60","FUN_0021be60","0021c3e0","00205278","FUN_00205278",direct
"0021c420","FUN_0021c420","0021c42c","0020b950","FUN_0020b950",direct
"0021c420","FUN_0021c420","0021c444","0020bc00","FUN_0020bc00",direct
"0021c420","FUN_0021c420","0021c46c","0021c420","FUN_0021c420",tail
"0021c4c0","FUN_0021c4c0","0021c508","0021c4c0","FUN_0021c4c0",tail
"0021c4c0","FUN_0021c4c0","0021c514","0021c4c0","FUN_0021c4c0",tail
"0021c4c0","FUN_0021c4c0","0021c524","0021c4c0","FUN_0021c4c0",tail
"0021c4c0","FUN_0021c4c0","0021c540","0021c4c0","FUN_0021c4c0",tail
"0021c4c0","FUN_0021c4c0","0021c54c","0021c4c0","FUN_0021c4c0",tail
"0021c4c0","FUN_0021c4c0","0021c554","0021c4c0","FUN_0021c4c0",tail
"0021c4c0","FUN_0021c4c0","0021c564","0021c4c0","FUN_0021c4c0",tail
"0021c4c0","FUN_0021c4c0","0021c58c","0021c4c0","FUN_0021c4c0",tail
"0021c4c0","FUN_0021c4c0","0021c598","0021c4c0","FUN_0021c4c0",tail
"0021c4c0","FUN_0021c4c0","0021c5a0","0021c4c0","FUN_0021c4c0",tail
"0021c4c0","FUN_0021c4c0","0021c5b8","0021c4c0","FUN_0021c4c0",tail
"0021c4c0","FUN_0021c4c0","0021c5e0","0021c4c0","FUN_0021c4c0",tail
"0021c4c0","FUN_0021c4c0","0021c5ec","0021c4c0","FUN_0021c4c0",tail
"0021c4c0","FUN_0021c4c0","0021c5f4","0021c4c0","FUN_0021c4c0",tail
"0021c4c0","FUN_0021c4c0","0021c608","0021c4c0","FUN_0021c4c0",tail
"0021c4c0","FUN_0021c4c0","0021c614","0022da68","FUN_0022da68",direct
"0021c4c0","FUN_0021c4c0","0021c61c","0020b950","FUN_0020b950",direct
"0021c4c0","FUN_0021c4c0","0021c628","0021c4c0","FUN_0021c4c0",tail
"0021c4c0","FUN_0021c4c0","0021c648","0021c4c0","FUN_0021c4c0",tail
"0021c4c0","FUN_0021c4c0","0021c654","0021c4c0","FUN_0021c4c0",tail
"0021c4c0","FUN_0021c4c0","0021c670","0021c4c0","FUN_0021c4c0",tail
"0021c4c0","FUN_0021c4c0","0021c688","0021c4c0","FUN_0021c4c0",tail
"0021c4c0","FUN_0021c4c0","0021c6b4","0021c4c0","FUN_0021c4c0",tail
"0021c4c0","FUN_0021c4c0","0021c6c0","0022da68","FUN_0022da68",direct
"0021c4c0","FUN_0021c4c0","0021c6cc","0021c4c0","FUN_0021c4c0",tail
"0021c4c0","FUN_0021c4c0","0021c6d8","0021c4c0","FUN_0021c4c0",tail
"0021c4c0","FUN_0021c4c0","0021c6ec","0020bc00","FUN_0020bc00",direct
"0021c4c0","FUN_0021c4c0","0021c74c","0021c4c0","FUN_0021c4c0",tail
"0021c4c0","FUN_0021c4c0","0021c75c","0021c4c0","FUN_0021c4c0",tail
"0021c4c0","FUN_0021c4c0","0021c764","0021c4c0","FUN_0021c4c0",tail
"0021c4c0","FUN_0021c4c0","0021c76c","0021c4c0","FUN_0021c4c0",tail
"0021c7a0","FUN_0021c7a0","0021c7f0","0021c7a0","FUN_0021c7a0",tail
"0021c7a0","FUN_0021c7a0","0021c824","0021c7a0","FUN_0021c7a0",tail
"0021c7a0","FUN_0021c7a0","0021c854","0021c7a0","FUN_0021c7a0",tail
"0021c7a0","FUN_0021c7a0","0021c860","0022da68","FUN_0022da68",direct
"0021c7a0","FUN_0021c7a0","0021c868","0021c7a0","FUN_0021c7a0",tail
"0021c7a0","FUN_0021c7a0","0021c87c","0021c7a0","FUN_0021c7a0",tail
"0021c7a0","FUN_0021c7a0","0021c88c","0021c7a0","FUN_0021c7a0",tail
"0021c7a0","FUN_0021c7a0","0021c8a4","0021c7a0","FUN_0021c7a0",tail
"0021c7a0","FUN_0021c7a0","0021c8bc","001f96f8","FUN_001f96f8",direct
"0021c7a0","FUN_0021c7a0","0021c8c8","0021c7a0","FUN_0021c7a0",tail
"0021c7a0","FUN_0021c7a0","0021c8dc","0021c7a0","FUN_0021c7a0",tail
"0021c7a0","FUN_0021c7a0","0021c8e4","001f96f8","FUN_001f96f8",direct
"0021c7a0","FUN_0021c7a0","0021c8f4","0021c7a0","FUN_0021c7a0",tail
"0021c7a0","FUN_0021c7a0","0021c930","0021c7a0","FUN_0021c7a0",tail
"0021c7a0","FUN_0021c7a0","0021c944","0021c7a0","FUN_0021c7a0",tail
"0021c7a0","FUN_0021c7a0","0021c954","0021c7a0","FUN_0021c7a0",tail
"0021c7a0","FUN_0021c7a0","0021c960","0021c7a0","FUN_0021c7a0",tail
"0021cae0","FUN_0021cae0","0021cae8","00225ac0","FUN_00225ac0",direct
"0021cb30","FUN_0021cb30","0021cb54","0021cb30","FUN_0021cb30",tail
"0021cb30","FUN_0021cb30","0021cb64","0021cb30","FUN_0021cb30",tail
"0021cb30","FUN_0021cb30","0021cb6c","0021cb30","FUN_0021cb30",tail
"0021cb30","FUN_0021cb30","0021cb80","0021cb30","FUN_0021cb30",tail
"0021cb30","FUN_0021cb30","0021cb94","0021cb30","FUN_0021cb30",tail
"0021cb30","FUN_0021cb30","0021cba0","0021cb30","FUN_0021cb30",tail
"0021cb30","FUN_0021cb30","0021cba8","0021cb30","FUN_0021cb30",tail
"0021cb30","FUN_0021cb30","0021cbbc","0021cb30","FUN_0021cb30",tail
"0021cb30","FUN_0021cb30","0021cbd0","0021cb30","FUN_0021cb30",tail
"0021cb30","FUN_0021cb30","0021cbe8","0021cb30","FUN_0021cb30",tail
"0021cb30","FUN_0021cb30","0021cbf4","0021cb30","FUN_0021cb30",tail
"0021cb30","FUN_0021cb30","0021cc10","0021cb30","FUN_0021cb30",tail
"0021cb30","FUN_0021cb30","0021cc24","0021cb30","FUN_0021cb30",tail
"0021cb30","FUN_0021cb30","0021cc34","0022da68","FUN_0022da68",direct
"0021cb30","FUN_0021cb30","0021cc44","0021cb30","FUN_0021cb30",tail
"0021cb30","FUN_0021cb30","0021cc78","0021cb30","FUN_0021cb30",tail
"0021cb30","FUN_0021cb30","0021cc84","0021cb30","FUN_0021cb30",tail
"0021cb30","FUN_0021cb30","0021cca8","0021cb30","FUN_0021cb30",tail
"0021cb30","FUN_0021cb30","0021ccd4","0021cb30","FUN_0021cb30",tail
"0021cb30","FUN_0021cb30","0021cce0","0021cb30","FUN_0021cb30",tail
"0021cb30","FUN_0021cb30","0021cd0c","0021cb30","FUN_0021cb30",tail
"0021cb30","FUN_0021cb30","0021cd3c","0021cb30","FUN_0021cb30",tail
"0021cb30","FUN_0021cb30","0021cd44","0021cb30","FUN_0021cb30",tail
"0021cb30","FUN_0021cb30","0021cd64","0021cb30","FUN_0021cb30",tail
"0021cb30","FUN_0021cb30","0021cda0","0021cb30","FUN_0021cb30",tail
"0021cb30","FUN_0021cb30","0021cdac","0021cb30","FUN_0021cb30",tail
"0021cb30","FUN_0021cb30","0021cdd0","0012e240","FUN_0012e240",direct
"0021cb30","FUN_0021cb30","0021cde0","0022da68","FUN_0022da68",direct
"0021ce00","FUN_0021ce00","0021ce4c","001f4280","FUN_001f4280",direct
"0021ce00","FUN_0021ce00","0021ce84","001fdd10","FUN_001fdd10",direct
"0021ce00","FUN_0021ce00","0021cec0","001f6940","FUN_001f6940",direct
"0021ce00","FUN_0021ce00","0021cef4","00200e08","FUN_00200e08",direct
"0021ce00","FUN_0021ce00","0021cf1c","00200e08","FUN_00200e08",direct
"0021ce00","FUN_0021ce00","0021cf60","001ff960","FUN_001ff960",direct
"0021ce00","FUN_0021ce00","0021cfa0","00200958","FUN_00200958",direct
"0021ce00","FUN_0021ce00","0021cfc0","001fdd10","FUN_001fdd10",direct
"0021ce00","FUN_0021ce00","0021cfd8","001f6940","FUN_001f6940",direct
"0021ce00","FUN_0021ce00","0021d000","00200e08","FUN_00200e08",direct
"0021ce00","FUN_0021ce00","0021d028","00200e08","FUN_00200e08",direct
"0021ce00","FUN_0021ce00","0021d064","001ff960","FUN_001ff960",direct
"0021ce00","FUN_0021ce00","0021d0a8","00200958","FUN_00200958",direct
"0021ce00","FUN_0021ce00","0021d0d4","001fdd10","FUN_001fdd10",direct
"0021ce00","FUN_0021ce00","0021d0ec","001f6940","FUN_001f6940",direct
"0021ce00","FUN_0021ce00","0021d104","001fdd10","FUN_001fdd10",direct
"0021ce00","FUN_0021ce00","0021d124","001f6530","FUN_001f6530",direct
"0021ce00","FUN_0021ce00","0021d12c","001f4398","FUN_001f4398",direct
"0021d1f8","FUN_0021d1f8","0021d208","00225ac0","FUN_00225ac0",direct
"0021d1f8","FUN_0021d1f8","0021d234","0021d1f8","FUN_0021d1f8",tail
"0021d1f8","FUN_0021d1f8","0021d244","0021d1f8","FUN_0021d1f8",tail
"0021d1f8","FUN_0021d1f8","0021d258","0021d1f8","FUN_0021d1f8",tail
"0021d1f8","FUN_0021d1f8","0021d270","0021d1f8","FUN_0021d1f8",tail
"0021d1f8","FUN_0021d1f8","0021d28c","00216788","FUN_00216788",direct
"0021d1f8","FUN_0021d1f8","0021d294","0021d1f8","FUN_0021d1f8",tail
"0021d2c8","FUN_0021d2c8","0021d2dc","0021d2c8","FUN_0021d2c8",tail
"0021d2c8","FUN_0021d2c8","0021d2ec","0021d2c8","FUN_0021d2c8",tail
"0021d2c8","FUN_0021d2c8","0021d2f4","002166e8","FUN_002166e8",direct
"0021d2c8","FUN_0021d2c8","0021d2fc","00225ac0","FUN_00225ac0",direct
"0021d2c8","FUN_0021d2c8","0021d308","0021d2c8","FUN_0021d2c8",tail
"0021d338","FUN_0021d338","0021d358","0021d338","FUN_0021d338",tail
"0021d338","FUN_0021d338","0021d360","0021d338","FUN_0021d338",tail
"0021d338","FUN_0021d338","0021d368","0021d338","FUN_0021d338",tail
"0021d338","FUN_0021d338","0021d378","0021d338","FUN_0021d338",tail
"0021d338","FUN_0021d338","0021d394","00216788","FUN_00216788",direct
"0021d338","FUN_0021d338","0021d39c","0021d338","FUN_0021d338",tail
"0021d338","FUN_0021d338","0021d3a4","0021d338","FUN_0021d338",tail
"0021d338","FUN_0021d338","0021d3ac","0021d338","FUN_0021d338",tail
"0021d338","FUN_0021d338","0021d3bc","0021d338","FUN_0021d338",tail
"0021d338","FUN_0021d338","0021d408","001f9838","FUN_001f9838",direct
"0021d338","FUN_0021d338","0021d438","0021d338","FUN_0021d338",tail
"0021d338","FUN_0021d338","0021d468","0021d338","FUN_0021d338",tail
"0021d4a8","FUN_0021d4a8","0021d508","0021d4a8","FUN_0021d4a8",tail
"0021d4a8","FUN_0021d4a8","0021d528","0021d4a8","FUN_0021d4a8",tail
"0021d4a8","FUN_0021d4a8","0021d544","00233980","FUN_00233980",direct
"0021d4a8","FUN_0021d4a8","0021d558","00233980","FUN_00233980",direct
"0021d4a8","FUN_0021d4a8","0021d560","001f4280","FUN_001f4280",direct
"0021d4a8","FUN_0021d4a8","0021d578","0021d4a8","FUN_0021d4a8",tail
"0021d4a8","FUN_0021d4a8","0021d594","0021d4a8","FUN_0021d4a8",tail
"0021d4a8","FUN_0021d4a8","0021d5a4","0021d4a8","FUN_0021d4a8",tail
"0021d4a8","FUN_0021d4a8","0021d5b4","0021d4a8","FUN_0021d4a8",tail
"0021d4a8","FUN_0021d4a8","0021d5e0","001153fc","FUN_001153fc",direct
"0021d4a8","FUN_0021d4a8","0021d648","001f44b8","FUN_001f44b8",direct
"0021d4a8","FUN_0021d4a8","0021d65c","0021d4a8","FUN_0021d4a8",tail
"0021d4a8","FUN_0021d4a8","0021d66c","0021d4a8","FUN_0021d4a8",tail
"0021d4a8","FUN_0021d4a8","0021d698","0021d4a8","FUN_0021d4a8",tail
"0021d4a8","FUN_0021d4a8","0021d6a4","0021d4a8","FUN_0021d4a8",tail
"0021d4a8","FUN_0021d4a8","0021d6ac","0021d4a8","FUN_0021d4a8",tail
"0021d4a8","FUN_0021d4a8","0021d6c0","0021d4a8","FUN_0021d4a8",tail
"0021d4a8","FUN_0021d4a8","0021d6e4","0021d4a8","FUN_0021d4a8",tail
"0021d4a8","FUN_0021d4a8","0021d6ec","0021d4a8","FUN_0021d4a8",tail
"0021d4a8","FUN_0021d4a8","0021d700","0021d4a8","FUN_0021d4a8",tail
"0021d4a8","FUN_0021d4a8","0021d71c","001fdd10","FUN_001fdd10",direct
"0021d4a8","FUN_0021d4a8","0021d730","0021d4a8","FUN_0021d4a8",tail
"0021d4a8","FUN_0021d4a8","0021d740","0021d4a8","FUN_0021d4a8",tail
"0021d4a8","FUN_0021d4a8","0021d75c","0021d4a8","FUN_0021d4a8",tail
"0021d4a8","FUN_0021d4a8","0021d764","001f61f8","FUN_001f61f8",direct
"0021d4a8","FUN_0021d4a8","0021d780","001f7090","FUN_001f7090",direct
"0021d4a8","FUN_0021d4a8","0021d788","0021d4a8","FUN_0021d4a8",tail
"0021d4a8","FUN_0021d4a8","0021d790","001f61e8","FUN_001f61e8",direct
"0021d4a8","FUN_0021d4a8","0021d7a0","0021d4a8","FUN_0021d4a8",tail
"0021d4a8","FUN_0021d4a8","0021d7c8","0021f8e8","FUN_0021f8e8",direct
"0021d4a8","FUN_0021d4a8","0021d7d8","0021d4a8","FUN_0021d4a8",tail
"0021d4a8","FUN_0021d4a8","0021d808","0021f8e8","FUN_0021f8e8",direct
"0021d4a8","FUN_0021d4a8","0021d82c","0021d4a8","FUN_0021d4a8",tail
"0021d4a8","FUN_0021d4a8","0021d834","001fdd10","FUN_001fdd10",direct
"0021d4a8","FUN_0021d4a8","0021d858","001f7090","FUN_001f7090",direct
"0021d4a8","FUN_0021d4a8","0021d87c","0021d4a8","FUN_0021d4a8",tail
"0021d4a8","FUN_0021d4a8","0021d884","0021d4a8","FUN_0021d4a8",tail
"0021d4a8","FUN_0021d4a8","0021d8b0","0021d4a8","FUN_0021d4a8",tail
"0021d4a8","FUN_0021d4a8","0021d8b8","0021d4a8","FUN_0021d4a8",tail
"0021d4a8","FUN_0021d4a8","0021d8c4","0021d4a8","FUN_0021d4a8",tail
"0021d4a8","FUN_0021d4a8","0021d8e8","0021d4a8","FUN_0021d4a8",tail
"0021d4a8","FUN_0021d4a8","0021d8f0","001f4398","FUN_001f4398",direct
"0021d4a8","FUN_0021d4a8","0021d900","0021d4a8","FUN_0021d4a8",tail
"0021d4a8","FUN_0021d4a8","0021d908","0021d4a8","FUN_0021d4a8",tail
"0021d948","FUN_0021d948","0021d9c4","00233980","FUN_00233980",direct
"0021d948","FUN_0021d948","0021d9d0","00233980","FUN_00233980",direct
"0021d948","FUN_0021d948","0021d9d8","001f4280","FUN_001f4280",direct
"0021d948","FUN_0021d948","0021d9e8","0021d948","FUN_0021d948",tail
"0021d948","FUN_0021d948","0021da30","0021d948","FUN_0021d948",tail
"0021d948","FUN_0021d948","0021da60","0021d948","FUN_0021d948",tail
"0021d948","FUN_0021d948","0021da84","0021d948","FUN_0021d948",tail
"0021d948","FUN_0021d948","0021da98","0021d948","FUN_0021d948",tail
"0021d948","FUN_0021d948","0021dae0","0021d948","FUN_0021d948",tail
"0021d948","FUN_0021d948","0021db2c","0021d948","FUN_0021d948",tail
"0021d948","FUN_0021d948","0021db54","0021d948","FUN_0021d948",tail
"0021d948","FUN_0021d948","0021db74","0021d948","FUN_0021d948",tail
"0021d948","FUN_0021d948","0021dba0","0021d948","FUN_0021d948",tail
"0021d948","FUN_0021d948","0021dbc4","0021d948","FUN_0021d948",tail
"0021d948","FUN_0021d948","0021dbd8","001f99a8","FUN_001f99a8",direct
"0021d948","FUN_0021d948","0021dc10","00200e08","FUN_00200e08",direct
"0021d948","FUN_0021d948","0021dc2c","00200e08","FUN_00200e08",direct
"0021d948","FUN_0021d948","0021dc38","0021d948","FUN_0021d948",tail
"0021d948","FUN_0021d948","0021dc54","0021d948","FUN_0021d948",tail
"0021d948","FUN_0021d948","0021dc5c","0021d948","FUN_0021d948",tail
"0021d948","FUN_0021d948","0021dc78","0021d948","FUN_0021d948",tail
"0021d948","FUN_0021d948","0021dc80","0021d948","FUN_0021d948",tail
"0021d948","FUN_0021d948","0021dcbc","0021d948","FUN_0021d948",tail
"0021d948","FUN_0021d948","0021dcd0","0021d948","FUN_0021d948",tail
"0021d948","FUN_0021d948","0021dcf4","0021d948","FUN_0021d948",tail
"0021d948","FUN_0021d948","0021dd0c","0021d948","FUN_0021d948",tail
"0021d948","FUN_0021d948","0021dd28","001ff960","FUN_001ff960",direct
"0021d948","FUN_0021d948","0021dd44","00200080","FUN_00200080",direct
"0021d948","FUN_0021d948","0021dd5c","0021d948","FUN_0021d948",tail
"0021d948","FUN_0021d948","0021dd70","0021d948","FUN_0021d948",tail
"0021d948","FUN_0021d948","0021dd78","001f4398","FUN_001f4398",direct
"0021ddf8","FUN_0021ddf8","0021de28","0021ddf8","FUN_0021ddf8",tail
"0021ddf8","FUN_0021ddf8","0021de38","0021ddf8","FUN_0021ddf8",tail
"0021ddf8","FUN_0021ddf8","0021de50","0021ddf8","FUN_0021ddf8",tail
"0021ddf8","FUN_0021ddf8","0021de58","0021ddf8","FUN_0021ddf8",tail
"0021ddf8","FUN_0021ddf8","0021de6c","0021ddf8","FUN_0021ddf8",tail
"0021ddf8","FUN_0021ddf8","0021de80","0021ddf8","FUN_0021ddf8",tail
"0021ddf8","FUN_0021ddf8","0021de90","0021ddf8","FUN_0021ddf8",tail
"0021ddf8","FUN_0021ddf8","0021dea8","0021ddf8","FUN_0021ddf8",computed
"0021ddf8","FUN_0021ddf8","0021dea8","0021ddf8","FUN_0021ddf8",computed
"0021ddf8","FUN_0021ddf8","0021decc","0021ddf8","FUN_0021ddf8",tail
"0021ddf8","FUN_0021ddf8","0021dedc","0021ddf8","FUN_0021ddf8",tail
"0021ddf8","FUN_0021ddf8","0021dee8","0021ddf8","FUN_0021ddf8",tail
"0021ddf8","FUN_0021ddf8","0021def8","0020d330","FUN_0020d330",direct
"0021ddf8","FUN_0021ddf8","0021df08","0021ddf8","FUN_0021ddf8",tail
"0021df58","FUN_0021df58","0021df68","00225530","FUN_00225530",direct
"0021df58","FUN_0021df58","0021df74","00225530","FUN_00225530",direct
"0021df98","FUN_0021df98","0021dfd4","0021df98","FUN_0021df98",tail
"0021df98","FUN_0021df98","0021dffc","0021df98","FUN_0021df98",tail
"0021df98","FUN_0021df98","0021e004","0021df98","FUN_0021df98",tail
"0021df98","FUN_0021df98","0021e00c","00225490","FUN_00225490",direct
"0021df98","FUN_0021df98","0021e018","0021df98","FUN_0021df98",tail
"0021df98","FUN_0021df98","0021e080","0021df98","FUN_0021df98",tail
"0021df98","FUN_0021df98","0021e088","00225530","FUN_00225530",direct
"0021df98","FUN_0021df98","0021e090","0021df98","FUN_0021df98",tail
"0021df98","FUN_0021df98","0021e098","0021df98","FUN_0021df98",tail
"0021df98","FUN_0021df98","0021e0a0","00225490","FUN_00225490",direct
"0021df98","FUN_0021df98","0021e0ac","0021df98","FUN_0021df98",tail
"0021df98","FUN_0021df98","0021e0e8","00225530","FUN_00225530",direct
"0021e110","FUN_0021e110","0021e154","0021e110","FUN_0021e110",tail
"0021e110","FUN_0021e110","0021e15c","0021e110","FUN_0021e110",tail
"0021e110","FUN_0021e110","0021e164","0021e110","FUN_0021e110",tail
"0021e110","FUN_0021e110","0021e16c","0020d330","FUN_0020d330",direct
"0021e110","FUN_0021e110","0021e178","0021e110","FUN_0021e110",tail
"0021e110","FUN_0021e110","0021e180","0020d330","FUN_0020d330",direct
"0021e110","FUN_0021e110","0021e188","0021e110","FUN_0021e110",tail
"0021e110","FUN_0021e110","0021e190","001f4280","FUN_001f4280",direct
"0021e110","FUN_0021e110","0021e19c","00226778","FUN_00226778",direct
"0021e110","FUN_0021e110","0021e1b4","001fdd10","FUN_001fdd10",direct
"0021e110","FUN_0021e110","0021e1d0","001f7580","FUN_001f7580",direct
"0021e110","FUN_0021e110","0021e1d8","001f4398","FUN_001f4398",direct
"0021e1f8","FUN_0021e1f8","0021e214","001fa580","FUN_001fa580",direct
"0021e230","FUN_0021e230","0021e28c","0021e230","FUN_0021e230",tail
"0021e230","FUN_0021e230","0021e2cc","001fa580","FUN_001fa580",direct
"0021e230","FUN_0021e230","0021e2f0","0021e230","FUN_0021e230",tail
"0021e230","FUN_0021e230","0021e2f8","0021e230","FUN_0021e230",tail
"0021e230","FUN_0021e230","0021e310","0021e230","FUN_0021e230",tail
"0021e230","FUN_0021e230","0021e31c","0021e230","FUN_0021e230",tail
"0021e230","FUN_0021e230","0021e324","0021e230","FUN_0021e230",tail
"0021e230","FUN_0021e230","0021e32c","0021e230","FUN_0021e230",tail
"0021e230","FUN_0021e230","0021e334","0021e230","FUN_0021e230",tail
"0021e230","FUN_0021e230","0021e33c","0021e230","FUN_0021e230",tail
"0021e230","FUN_0021e230","0021e344","0021e230","FUN_0021e230",tail
"0021e230","FUN_0021e230","0021e350","0021e230","FUN_0021e230",tail
"0021e230","FUN_0021e230","0021e358","0021e230","FUN_0021e230",tail
"0021e230","FUN_0021e230","0021e364","0021e230","FUN_0021e230",tail
"0021e230","FUN_0021e230","0021e36c","0021e230","FUN_0021e230",tail
"0021e230","FUN_0021e230","0021e374","0021e230","FUN_0021e230",tail
"0021e230","FUN_0021e230","0021e380","0021e230","FUN_0021e230",tail
"0021e230","FUN_0021e230","0021e388","0021e230","FUN_0021e230",tail
"0021e230","FUN_0021e230","0021e390","001e9470","FUN_001e9470",direct
"0021e230","FUN_0021e230","0021e3a4","0021e230","FUN_0021e230",tail
"0021e230","FUN_0021e230","0021e3b0","00204a40","FUN_00204a40",direct
"0021e230","FUN_0021e230","0021e3f8","00225490","FUN_00225490",direct
"0021e230","FUN_0021e230","0021e40c","0021e230","FUN_0021e230",tail
"0021e230","FUN_0021e230","0021e414","0021e230","FUN_0021e230",tail
"0021e230","FUN_0021e230","0021e428","0021e230","FUN_0021e230",tail
"0021e230","FUN_0021e230","0021e434","001e9478","FUN_001e9478",direct
"0021e230","FUN_0021e230","0021e450","0021e230","FUN_0021e230",tail
"0021e230","FUN_0021e230","0021e468","0021e230","FUN_0021e230",tail
"0021e230","FUN_0021e230","0021e514","00212ed8","FUN_00212ed8",direct
"0021e230","FUN_0021e230","0021e51c","0021e230","FUN_0021e230",tail
"0021e230","FUN_0021e230","0021e524","0021e230","FUN_0021e230",tail
"0021e230","FUN_0021e230","0021e530","00225490","FUN_00225490",direct
"0021e230","FUN_0021e230","0021e53c","0021e230","FUN_0021e230",tail
"0021e230","FUN_0021e230","0021e59c","00212ed8","FUN_00212ed8",direct
"0021e230","FUN_0021e230","0021e5a8","0021e230","FUN_0021e230",tail
"0021e230","FUN_0021e230","0021e5b0","0021e230","FUN_0021e230",tail
"0021e230","FUN_0021e230","0021e5b8","00225530","FUN_00225530",direct
"0021e230","FUN_0021e230","0021e5c4","00225530","FUN_00225530",direct
"0021e608","FUN_0021e608","0021e64c","0021e608","FUN_0021e608",tail
"0021e608","FUN_0021e608","0021e654","0021e608","FUN_0021e608",tail
"0021e608","FUN_0021e608","0021e65c","0021e608","FUN_0021e608",tail
"0021e608","FUN_0021e608","0021e664","0020d330","FUN_0020d330",direct
"0021e608","FUN_0021e608","0021e670","0021e608","FUN_0021e608",tail
"0021e608","FUN_0021e608","0021e678","0020d330","FUN_0020d330",direct
"0021e698","FUN_0021e698","0021e6e0","0021e698","FUN_0021e698",tail
"0021e698","FUN_0021e698","0021e6fc","0021e698","FUN_0021e698",tail
"0021e698","FUN_0021e698","0021e760","001f9dc8","FUN_001f9dc8",direct
"0021e698","FUN_0021e698","0021e770","001f9de0","FUN_001f9de0",direct
"0021e890","FUN_0021e890","0021e8c8","001153fc","FUN_001153fc",direct
"0021e890","FUN_0021e890","0021e920","001f4280","FUN_001f4280",direct
"0021e890","FUN_0021e890","0021e930","00233980","FUN_00233980",direct
"0021e890","FUN_0021e890","0021e938","001fdd10","FUN_001fdd10",direct
"0021e890","FUN_0021e890","0021e954","001f7580","FUN_001f7580",direct
"0021e890","FUN_0021e890","0021e95c","001fdd10","FUN_001fdd10",direct
"0021e890","FUN_0021e890","0021e97c","001f6af0","FUN_001f6af0",direct
"0021e890","FUN_0021e890","0021e984","001fdd10","FUN_001fdd10",direct
"0021e890","FUN_0021e890","0021e990","001f6250","FUN_001f6250",direct
"0021e890","FUN_0021e890","0021e99c","001fdd10","FUN_001fdd10",direct
"0021e890","FUN_0021e890","0021e9a8","001f6250","FUN_001f6250",direct
"0021e890","FUN_0021e890","0021e9c4","001fdd10","FUN_001fdd10",direct
"0021e890","FUN_0021e890","0021e9e4","001f6530","FUN_001f6530",direct
"0021e890","FUN_0021e890","0021e9ec","001fdd10","FUN_001fdd10",direct
"0021e890","FUN_0021e890","0021ea0c","001f6530","FUN_001f6530",direct
"0021e890","FUN_0021e890","0021ea14","001f4398","FUN_001f4398",direct
"0021ea48","FUN_0021ea48","0021ea58","00225490","FUN_00225490",direct
"0021ea48","FUN_0021ea48","0021ea64","0021ea48","FUN_0021ea48",tail
"0021eaf0","FUN_0021eaf0","0021eb00","00225530","FUN_00225530",direct
"0021eb20","FUN_0021eb20","0021eb40","0021eb20","FUN_0021eb20",tail
"0021eb20","FUN_0021eb20","0021eb48","0020d330","FUN_0020d330",direct
"0021eb20","FUN_0021eb20","0021eb54","001f4280","FUN_001f4280",direct
"0021eb20","FUN_0021eb20","0021eb6c","001153fc","FUN_001153fc",direct
"0021eb20","FUN_0021eb20","0021eb94","0021eb20","FUN_0021eb20",tail
"0021eb20","FUN_0021eb20","0021ebf0","001fdd10","FUN_001fdd10",direct
"0021eb20","FUN_0021eb20","0021ebfc","001165b8","FUN_001165b8",direct
"0021eb20","FUN_0021eb20","0021ec0c","0021eb20","FUN_0021eb20",tail
"0021eb20","FUN_0021eb20","0021ec18","00116428","FUN_00116428",direct
"0021eb20","FUN_0021eb20","0021ec24","0021eb20","FUN_0021eb20",tail
"0021eb20","FUN_0021eb20","0021ec2c","001166cc","FUN_001166cc",direct
"0021eb20","FUN_0021eb20","0021ec40","0021eb20","FUN_0021eb20",tail
"0021eb20","FUN_0021eb20","0021ec64","0021eb20","FUN_0021eb20",tail
"0021eb20","FUN_0021eb20","0021ec8c","001f7580","FUN_001f7580",direct
"0021eb20","FUN_0021eb20","0021ecd0","001f7580","FUN_001f7580",direct
"0021eb20","FUN_0021eb20","0021ece8","001fdd10","FUN_001fdd10",direct
"0021eb20","FUN_0021eb20","0021ed04","001f6940","FUN_001f6940",direct
"0021eb20","FUN_0021eb20","0021ed1c","001fdd10","FUN_001fdd10",direct
"0021eb20","FUN_0021eb20","0021ed38","001f6940","FUN_001f6940",direct
"0021eb20","FUN_0021eb20","0021ed50","001fdd10","FUN_001fdd10",direct
"0021eb20","FUN_0021eb20","0021ed6c","001f6940","FUN_001f6940",direct
"0021eb20","FUN_0021eb20","0021ed74","001fdd10","FUN_001fdd10",direct
"0021eb20","FUN_0021eb20","0021ed94","001f6940","FUN_001f6940",direct
"0021eb20","FUN_0021eb20","0021ed9c","001fdd10","FUN_001fdd10",direct
"0021eb20","FUN_0021eb20","0021edbc","001f6940","FUN_001f6940",direct
"0021eb20","FUN_0021eb20","0021edc4","001fdd10","FUN_001fdd10",direct
"0021eb20","FUN_0021eb20","0021ede4","001f6940","FUN_001f6940",direct
"0021eb20","FUN_0021eb20","0021edec","00215290","FUN_00215290",direct
"0021eb20","FUN_0021eb20","0021edfc","00116248","FUN_00116248",direct
"0021eb20","FUN_0021eb20","0021ee20","001f6a60","FUN_001f6a60",direct
"0021eb20","FUN_0021eb20","0021ee40","001f6a60","FUN_001f6a60",direct
"0021eb20","FUN_0021eb20","0021ee48","00215300","FUN_00215300",direct
"0021eb20","FUN_0021eb20","0021ee58","00116248","FUN_00116248",direct
"0021eb20","FUN_0021eb20","0021ee7c","001f6a60","FUN_001f6a60",direct
"0021eb20","FUN_0021eb20","0021ee9c","001f6a60","FUN_001f6a60",direct
"0021eb20","FUN_0021eb20","0021eea4","00215248","FUN_00215248",direct
"0021eb20","FUN_0021eb20","0021eeb4","00116248","FUN_00116248",direct
"0021eb20","FUN_0021eb20","0021eed8","001f6a60","FUN_001f6a60",direct
"0021eb20","FUN_0021eb20","0021eef8","001f6a60","FUN_001f6a60",direct
"0021eb20","FUN_0021eb20","0021ef20","00200e08","FUN_00200e08",direct
"0021eb20","FUN_0021eb20","0021ef44","00200e08","FUN_00200e08",direct
"0021eb20","FUN_0021eb20","0021ef4c","001f4398","FUN_001f4398",direct
"0021ef78","FUN_0021ef78","0021efe8","0021ef78","FUN_0021ef78",tail
"0021ef78","FUN_0021ef78","0021eff0","0020d330","FUN_0020d330",direct
"0021ef78","FUN_0021ef78","0021effc","001f4280","FUN_001f4280",direct
"0021ef78","FUN_0021ef78","0021f03c","0021ef78","FUN_0021ef78",tail
"0021ef78","FUN_0021ef78","0021f050","001fdd10","FUN_001fdd10",direct
"0021ef78","FUN_0021ef78","0021f060","001fdd10","FUN_001fdd10",direct
"0021ef78","FUN_0021ef78","0021f094","00116248","FUN_00116248",direct
"0021ef78","FUN_0021ef78","0021f0bc","001f6940","FUN_001f6940",direct
"0021ef78","FUN_0021ef78","0021f0e8","001f6940","FUN_001f6940",direct
"0021ef78","FUN_0021ef78","0021f0f0","001f4398","FUN_001f4398",direct
"0021f120","FUN_0021f120","0021f13c","001fa580","FUN_001fa580",direct
"0021f158","FUN_0021f158","0021f1a8","0021f158","FUN_0021f158",tail
"0021f158","FUN_0021f158","0021f1b0","0021f158","FUN_0021f158",tail
"0021f158","FUN_0021f158","0021f1e4","00233980","FUN_00233980",direct
"0021f158","FUN_0021f158","0021f1f0","00233980","FUN_00233980",direct
"0021f158","FUN_0021f158","0021f1fc","0021f158","FUN_0021f158",tail
"0021f158","FUN_0021f158","0021f204","001fdd10","FUN_001fdd10",direct
"0021f158","FUN_0021f158","0021f210","00116248","FUN_00116248",direct
"0021f158","FUN_0021f158","0021f218","0021f158","FUN_0021f158",tail
"0021f158","FUN_0021f158","0021f220","0021f158","FUN_0021f158",tail
"0021f158","FUN_0021f158","0021f230","00116248","FUN_00116248",direct
"0021f158","FUN_0021f158","0021f238","0021f158","FUN_0021f158",tail
"0021f158","FUN_0021f158","0021f24c","0021f158","FUN_0021f158",tail
"0021f158","FUN_0021f158","0021f268","00116248","FUN_00116248",direct
"0021f158","FUN_0021f158","0021f278","0021f158","FUN_0021f158",tail
"0021f158","FUN_0021f158","0021f284","00116248","FUN_00116248",direct
"0021f158","FUN_0021f158","0021f28c","0021f158","FUN_0021f158",tail
"0021f158","FUN_0021f158","0021f2a0","0021f158","FUN_0021f158",tail
"0021f158","FUN_0021f158","0021f2b8","00116248","FUN_00116248",direct
"0021f158","FUN_0021f158","0021f2c0","001f4280","FUN_001f4280",direct
"0021f158","FUN_0021f158","0021f2d0","00226778","FUN_00226778",direct
"0021f158","FUN_0021f158","0021f2fc","001f7580","FUN_001f7580",direct
"0021f158","FUN_0021f158","0021f304","001f4398","FUN_001f4398",direct
"0021f330","FUN_0021f330","0021f33c","00233980","FUN_00233980",direct
"0021f330","FUN_0021f330","0021f348","00233980","FUN_00233980",direct
"0021f330","FUN_0021f330","0021f350","00205640","FUN_00205640",direct
"0021f368","FUN_0021f368","0021f384","00233980","FUN_00233980",direct
"0021f368","FUN_0021f368","0021f390","00233980","FUN_00233980",direct
"0021f368","FUN_0021f368","0021f398","001f4280","FUN_001f4280",direct
"0021f368","FUN_0021f368","0021f3a0","001fdd10","FUN_001fdd10",direct
"0021f368","FUN_0021f368","0021f3ac","001f6270","FUN_001f6270",direct
"0021f368","FUN_0021f368","0021f3b8","001fdd10","FUN_001fdd10",direct
"0021f368","FUN_0021f368","0021f3c4","001f6270","FUN_001f6270",direct
"0021f368","FUN_0021f368","0021f3dc","0021f368","FUN_0021f368",tail
"0021f368","FUN_0021f368","0021f3e4","001fdd10","FUN_001fdd10",direct
"0021f368","FUN_0021f368","0021f3f0","001f6270","FUN_001f6270",direct
"0021f368","FUN_0021f368","0021f404","001fdd10","FUN_001fdd10",direct
"0021f368","FUN_0021f368","0021f410","001f6270","FUN_001f6270",direct
"0021f368","FUN_0021f368","0021f424","001fdd10","FUN_001fdd10",direct
"0021f368","FUN_0021f368","0021f430","001f6270","FUN_001f6270",direct
"0021f368","FUN_0021f368","0021f444","001fdd10","FUN_001fdd10",direct
"0021f368","FUN_0021f368","0021f450","001f6270","FUN_001f6270",direct
"0021f368","FUN_0021f368","0021f48c","0021f368","FUN_0021f368",tail
"0021f368","FUN_0021f368","0021f49c","0021f368","FUN_0021f368",tail
"0021f368","FUN_0021f368","0021f4a8","001f61f8","FUN_001f61f8",direct
"0021f368","FUN_0021f368","0021f4b4","001fdd10","FUN_001fdd10",direct
"0021f368","FUN_0021f368","0021f4d4","001f65b0","FUN_001f65b0",direct
"0021f368","FUN_0021f368","0021f4e4","0021f368","FUN_0021f368",tail
"0021f368","FUN_0021f368","0021f4f0","001fdd10","FUN_001fdd10",direct
"0021f368","FUN_0021f368","0021f510","001f65b0","FUN_001f65b0",direct
"0021f368","FUN_0021f368","0021f51c","001fdd10","FUN_001fdd10",direct
"0021f368","FUN_0021f368","0021f540","001f65b0","FUN_001f65b0",direct
"0021f368","FUN_0021f368","0021f548","001fdd10","FUN_001fdd10",direct
"0021f368","FUN_0021f368","0021f56c","001f65b0","FUN_001f65b0",direct
"0021f368","FUN_0021f368","0021f574","001fdd10","FUN_001fdd10",direct
"0021f368","FUN_0021f368","0021f598","001f65b0","FUN_001f65b0",direct
"0021f368","FUN_0021f368","0021f5a0","001fdd10","FUN_001fdd10",direct
"0021f368","FUN_0021f368","0021f5c0","001f65b0","FUN_001f65b0",direct
"0021f368","FUN_0021f368","0021f5c8","001f61e8","FUN_001f61e8",direct
"0021f368","FUN_0021f368","0021f5d0","001f4398","FUN_001f4398",direct
"0021f5f8","FUN_0021f5f8","0021f604","00233980","FUN_00233980",direct
"0021f5f8","FUN_0021f5f8","0021f610","00233980","FUN_00233980",direct
"0021f5f8","FUN_0021f5f8","0021f618","001f4280","FUN_001f4280",direct
"0021f5f8","FUN_0021f5f8","0021f620","001fdd10","FUN_001fdd10",direct
"0021f5f8","FUN_0021f5f8","0021f640","001f6530","FUN_001f6530",direct
"0021f5f8","FUN_0021f5f8","0021f648","001fdd10","FUN_001fdd10",direct
"0021f5f8","FUN_0021f5f8","0021f668","001f6530","FUN_001f6530",direct
"0021f5f8","FUN_0021f5f8","0021f670","001f4398","FUN_001f4398",direct
"0021f688","FUN_0021f688","0021f6c4","001f4280","FUN_001f4280",direct
"0021f688","FUN_0021f688","0021f6d8","0020bc00","FUN_0020bc00",direct
"0021f688","FUN_0021f688","0021f6e8","00233980","FUN_00233980",direct
"0021f688","FUN_0021f688","0021f6f4","00233980","FUN_00233980",direct
"0021f688","FUN_0021f688","0021f6fc","001fdd10","FUN_001fdd10",direct
"0021f688","FUN_0021f688","0021f71c","001f6530","FUN_001f6530",direct
"0021f688","FUN_0021f688","0021f728","0021f688","FUN_0021f688",tail
"0021f688","FUN_0021f688","0021f770","0021f688","FUN_0021f688",tail
"0021f688","FUN_0021f688","0021f778","001f61f8","FUN_001f61f8",direct
"0021f688","FUN_0021f688","0021f788","001fdd10","FUN_001fdd10",direct
"0021f688","FUN_0021f688","0021f7a8","001f6fd0","FUN_001f6fd0",direct
"0021f688","FUN_0021f688","0021f7b0","0021f688","FUN_0021f688",tail
"0021f688","FUN_0021f688","0021f7b8","001f61e8","FUN_001f61e8",direct
"0021f688","FUN_0021f688","0021f7ec","0021f8e8","FUN_0021f8e8",direct
"0021f688","FUN_0021f688","0021f804","0021f688","FUN_0021f688",tail
"0021f688","FUN_0021f688","0021f810","0021f688","FUN_0021f688",tail
"0021f688","FUN_0021f688","0021f81c","001153fc","FUN_001153fc",direct
"0021f688","FUN_0021f688","0021f888","001fdd10","FUN_001fdd10",direct
"0021f688","FUN_0021f688","0021f8a4","001f75f0","FUN_001f75f0",direct
"0021f688","FUN_0021f688","0021f8ac","001f4398","FUN_001f4398",direct
"0021f8e8","FUN_0021f8e8","0021f924","00200e08","FUN_00200e08",direct
"0021f8e8","FUN_0021f8e8","0021f940","00200e08","FUN_00200e08",direct
"0021f8e8","FUN_0021f8e8","0021f948","0021f8e8","FUN_0021f8e8",tail
"0021f8e8","FUN_0021f8e8","0021f950","001ff960","FUN_001ff960",direct
"0021f8e8","FUN_0021f8e8","0021f96c","001ffc30","FUN_001ffc30",direct
"0021f990","FUN_0021f990","0021f9b8","0021f990","FUN_0021f990",tail
"0021f990","FUN_0021f990","0021f9c4","0021f990","FUN_0021f990",tail
"0021f990","FUN_0021f990","0021f9cc","0021f990","FUN_0021f990",tail
"0021f990","FUN_0021f990","0021f9d8","0021f990","FUN_0021f990",tail
"0021f990","FUN_0021f990","0021f9e0","0021f990","FUN_0021f990",tail
"0021f990","FUN_0021f990","0021f9ec","0021f990","FUN_0021f990",tail
"0021f990","FUN_0021f990","0021f9fc","0021f990","FUN_0021f990",tail
"0021f990","FUN_0021f990","0021fa08","0021f990","FUN_0021f990",tail
"0021f990","FUN_0021f990","0021fa40","0021f990","FUN_0021f990",tail
"0021f990","FUN_0021f990","0021fa4c","0021f990","FUN_0021f990",tail
"0021f990","FUN_0021f990","0021fa58","0021f990","FUN_0021f990",tail
"0021f990","FUN_0021f990","0021fa6c","0021f990","FUN_0021f990",tail
"0021f990","FUN_0021f990","0021fa78","0021f990","FUN_0021f990",tail
"0021f990","FUN_0021f990","0021faa4","0021f990","FUN_0021f990",tail
"0021f990","FUN_0021f990","0021faac","0021f990","FUN_0021f990",tail
"0021f990","FUN_0021f990","0021fab4","0021f990","FUN_0021f990",tail
"0021f990","FUN_0021f990","0021fabc","0021f990","FUN_0021f990",tail
"0021f990","FUN_0021f990","0021fac4","0021f990","FUN_0021f990",tail
"0021f990","FUN_0021f990","0021facc","0021f990","FUN_0021f990",tail
"0021f990","FUN_0021f990","0021fad4","0021f990","FUN_0021f990",tail
"0021f990","FUN_0021f990","0021fae0","0021f990","FUN_0021f990",tail
"0021f990","FUN_0021f990","0021faec","0021f990","FUN_0021f990",tail
"0021f990","FUN_0021f990","0021faf8","0021f990","FUN_0021f990",tail
"0021f990","FUN_0021f990","0021fb10","0021f990","FUN_0021f990",tail
"0021f990","FUN_0021f990","0021fb20","0021f990","FUN_0021f990",tail
"0021f990","FUN_0021f990","0021fb28","00225d88","FUN_00225d88",direct
"0021f990","FUN_0021f990","0021fb54","0021f990","FUN_0021f990",tail
"0021f990","FUN_0021f990","0021fb68","00216788","FUN_00216788",direct
"0021f990","FUN_0021f990","0021fb70","0021f990","FUN_0021f990",tail
"0021f990","FUN_0021f990","0021fb84","00216788","FUN_00216788",direct
"0021f990","FUN_0021f990","0021fb8c","0021f990","FUN_0021f990",tail
"0021f990","FUN_0021f990","0021fb94","00225dd8","FUN_00225dd8",direct
"0021f990","FUN_0021f990","0021fba8","0021f990","FUN_0021f990",tail
"0021f990","FUN_0021f990","0021fbb8","0021f990","FUN_0021f990",tail
"0021f990","FUN_0021f990","0021fbc0","00225e20","FUN_00225e20",direct
"0021f990","FUN_0021f990","0021fbd0","0021f990","FUN_0021f990",tail
"0021f990","FUN_0021f990","0021fbe4","0020b618","FUN_0020b618",direct
"0021f990","FUN_0021f990","0021fbfc","001f97a0","FUN_001f97a0",direct
"0021f990","FUN_0021f990","0021fc08","001f97a0","FUN_001f97a0",direct
"0021f990","FUN_0021f990","0021fc2c","00204e30","FUN_00204e30",direct
"0021f990","FUN_0021f990","0021fc34","0020b4a8","FUN_0020b4a8",direct
"0021fc68","FUN_0021fc68","0021fc7c","0021fc68","FUN_0021fc68",tail
"0021fc68","FUN_0021fc68","0021fcc4","001f5450","FUN_001f5450",direct
"0021fce0","FUN_0021fce0","0021fcf8","00225c18","FUN_00225c18",direct
"0021fce0","FUN_0021fce0","0021fd08","00225c18","FUN_00225c18",direct
"0021fce0","FUN_0021fce0","0021fd18","0021fce0","FUN_0021fce0",tail
"0021fce0","FUN_0021fce0","0021fd24","0021fce0","FUN_0021fce0",tail
"0021fce0","FUN_0021fce0","0021fd2c","00225c18","FUN_00225c18",direct
"0021fce0","FUN_0021fce0","0021fd3c","0021fce0","FUN_0021fce0",tail
"0021fce0","FUN_0021fce0","0021fd44","00225c18","FUN_00225c18",direct
"0021fd78","FUN_0021fd78","0021fd88","00225cd8","FUN_00225cd8",direct
"0021fd78","FUN_0021fd78","0021fd94","00225cd8","FUN_00225cd8",direct
"0021fdc8","FUN_0021fdc8","0021fdf4","0021fdc8","FUN_0021fdc8",tail
"0021fdc8","FUN_0021fdc8","0021fe04","0021fdc8","FUN_0021fdc8",tail
"0021fdc8","FUN_0021fdc8","0021fe0c","0021fdc8","FUN_0021fdc8",tail
"0021fdc8","FUN_0021fdc8","0021fe18","0021fdc8","FUN_0021fdc8",tail
"0021fdc8","FUN_0021fdc8","0021fe20","0021fdc8","FUN_0021fdc8",tail
"0021fdc8","FUN_0021fdc8","0021fe2c","0021fdc8","FUN_0021fdc8",tail
"0021fdc8","FUN_0021fdc8","0021fe3c","0021fdc8","FUN_0021fdc8",tail
"0021fdc8","FUN_0021fdc8","0021fe48","0021fdc8","FUN_0021fdc8",tail
"0021fdc8","FUN_0021fdc8","0021fe80","0021fdc8","FUN_0021fdc8",tail
"0021fdc8","FUN_0021fdc8","0021fe8c","0021fdc8","FUN_0021fdc8",tail
"0021fdc8","FUN_0021fdc8","0021fe98","0021fdc8","FUN_0021fdc8",tail
"0021fdc8","FUN_0021fdc8","0021feb0","0021fdc8","FUN_0021fdc8",tail
"0021fdc8","FUN_0021fdc8","0021fec0","0021fdc8","FUN_0021fdc8",tail
"0021fdc8","FUN_0021fdc8","0021fec8","0021fdc8","FUN_0021fdc8",tail
"0021fdc8","FUN_0021fdc8","0021fed4","0021fdc8","FUN_0021fdc8",tail
"0021fdc8","FUN_0021fdc8","0021fefc","0021fdc8","FUN_0021fdc8",tail
"0021fdc8","FUN_0021fdc8","0021ff08","0021fdc8","FUN_0021fdc8",tail
"0021fdc8","FUN_0021fdc8","0021ff14","0021fdc8","FUN_0021fdc8",tail
"0021fdc8","FUN_0021fdc8","0021ff1c","001f96f8","FUN_001f96f8",direct
"0021fdc8","FUN_0021fdc8","0021ff2c","0021fdc8","FUN_0021fdc8",tail
"0021fdc8","FUN_0021fdc8","0021ff44","0021fdc8","FUN_0021fdc8",tail
"0021fdc8","FUN_0021fdc8","0021ff4c","0021fdc8","FUN_0021fdc8",tail
"0021fdc8","FUN_0021fdc8","0021ffa0","0021fdc8","FUN_0021fdc8",tail
"0021fdc8","FUN_0021fdc8","0021ffc4","0021fdc8","FUN_0021fdc8",tail
"0021fdc8","FUN_0021fdc8","0021fff8","0021fdc8","FUN_0021fdc8",tail
"0021fdc8","FUN_0021fdc8","0022001c","0021fdc8","FUN_0021fdc8",tail
"0021fdc8","FUN_0021fdc8","00220034","0021fdc8","FUN_0021fdc8",computed
"0021fdc8","FUN_0021fdc8","00220034","0021fdc8","FUN_0021fdc8",computed
"0021fdc8","FUN_0021fdc8","00220034","0021fdc8","FUN_0021fdc8",computed
"0021fdc8","FUN_0021fdc8","00220034","0021fdc8","FUN_0021fdc8",computed
"0021fdc8","FUN_0021fdc8","00220034","0021fdc8","FUN_0021fdc8",computed
"0021fdc8","FUN_0021fdc8","00220040","0021fdc8","FUN_0021fdc8",tail
"0021fdc8","FUN_0021fdc8","0022004c","0021fdc8","FUN_0021fdc8",tail
"0021fdc8","FUN_0021fdc8","00220064","0021fdc8","FUN_0021fdc8",tail
"0021fdc8","FUN_0021fdc8","00220074","0021fdc8","FUN_0021fdc8",tail
"0021fdc8","FUN_0021fdc8","0022007c","00225d88","FUN_00225d88",direct
"0021fdc8","FUN_0021fdc8","002200a8","0021fdc8","FUN_0021fdc8",tail
"0021fdc8","FUN_0021fdc8","002200bc","00216788","FUN_00216788",direct
"0021fdc8","FUN_0021fdc8","002200c4","0021fdc8","FUN_0021fdc8",tail
"0021fdc8","FUN_0021fdc8","002200d8","00216788","FUN_00216788",direct
"0021fdc8","FUN_0021fdc8","002200e0","0021fdc8","FUN_0021fdc8",tail
"0021fdc8","FUN_0021fdc8","002200e8","0021fdc8","FUN_0021fdc8",tail
"0021fdc8","FUN_0021fdc8","002200f8","0021fdc8","FUN_0021fdc8",tail
"0021fdc8","FUN_0021fdc8","00220104","0021fdc8","FUN_0021fdc8",tail
"0021fdc8","FUN_0021fdc8","00220120","00225e20","FUN_00225e20",direct
"0021fdc8","FUN_0021fdc8","00220134","0020b618","FUN_0020b618",direct
"0021fdc8","FUN_0021fdc8","00220144","0021fdc8","FUN_0021fdc8",tail
"0021fdc8","FUN_0021fdc8","00220158","0021fdc8","FUN_0021fdc8",tail
"0021fdc8","FUN_0021fdc8","00220164","0021fdc8","FUN_0021fdc8",tail
"0021fdc8","FUN_0021fdc8","0022016c","0021fdc8","FUN_0021fdc8",tail
"0021fdc8","FUN_0021fdc8","00220174","0021fdc8","FUN_0021fdc8",tail
"0021fdc8","FUN_0021fdc8","0022017c","0021fdc8","FUN_0021fdc8",tail
"0021fdc8","FUN_0021fdc8","00220188","0021fdc8","FUN_0021fdc8",tail
"0021fdc8","FUN_0021fdc8","002201a0","0021fdc8","FUN_0021fdc8",tail
"0021fdc8","FUN_0021fdc8","002201b0","0021fdc8","FUN_0021fdc8",tail
"0021fdc8","FUN_0021fdc8","002201b8","00225d88","FUN_00225d88",direct
"0021fdc8","FUN_0021fdc8","002201e4","0021fdc8","FUN_0021fdc8",tail
"0021fdc8","FUN_0021fdc8","002201f8","00216788","FUN_00216788",direct
"0021fdc8","FUN_0021fdc8","00220200","0021fdc8","FUN_0021fdc8",tail
"0021fdc8","FUN_0021fdc8","00220214","00216788","FUN_00216788",direct
"0021fdc8","FUN_0021fdc8","0022021c","0021fdc8","FUN_0021fdc8",tail
"0021fdc8","FUN_0021fdc8","00220224","00225dd8","FUN_00225dd8",direct
"0021fdc8","FUN_0021fdc8","00220230","0021fdc8","FUN_0021fdc8",tail
"0021fdc8","FUN_0021fdc8","0022023c","0021fdc8","FUN_0021fdc8",tail
"0021fdc8","FUN_0021fdc8","00220248","0021fdc8","FUN_0021fdc8",tail
"0021fdc8","FUN_0021fdc8","00220250","0021fdc8","FUN_0021fdc8",tail
"0021fdc8","FUN_0021fdc8","00220258","0021fdc8","FUN_0021fdc8",tail
"0021fdc8","FUN_0021fdc8","00220264","0021fdc8","FUN_0021fdc8",tail
"0021fdc8","FUN_0021fdc8","0022027c","0021fdc8","FUN_0021fdc8",tail
"0021fdc8","FUN_0021fdc8","0022028c","0021fdc8","FUN_0021fdc8",tail
"0021fdc8","FUN_0021fdc8","00220294","00225d88","FUN_00225d88",direct
"0021fdc8","FUN_0021fdc8","002202c0","0021fdc8","FUN_0021fdc8",tail
"0021fdc8","FUN_0021fdc8","002202d4","00216788","FUN_00216788",direct
"0021fdc8","FUN_0021fdc8","002202dc","0021fdc8","FUN_0021fdc8",tail
"0021fdc8","FUN_0021fdc8","002202f0","00216788","FUN_00216788",direct
"0021fdc8","FUN_0021fdc8","002202f8","0021fdc8","FUN_0021fdc8",tail
"0021fdc8","FUN_0021fdc8","00220300","00225dd8","FUN_00225dd8",direct
"0021fdc8","FUN_0021fdc8","00220314","0021fdc8","FUN_0021fdc8",tail
"00220348","FUN_00220348","00220368","00220348","FUN_00220348",tail
"00220348","FUN_00220348","00220374","00220348","FUN_00220348",tail
"00220348","FUN_00220348","00220388","00220348","FUN_00220348",tail
"00220348","FUN_00220348","00220398","00220348","FUN_00220348",tail
"00220348","FUN_00220348","002203a4","00220348","FUN_00220348",tail
"00220348","FUN_00220348","002203ac","001f4280","FUN_001f4280",direct
"00220348","FUN_00220348","002203c0","00220348","FUN_00220348",tail
"00220348","FUN_00220348","002203cc","001fdd10","FUN_001fdd10",direct
"00220348","FUN_00220348","002203e0","001153fc","FUN_001153fc",direct
"00220348","FUN_00220348","00220470","001f75f0","FUN_001f75f0",direct
"00220348","FUN_00220348","002204a8","001f75f0","FUN_001f75f0",direct
"00220348","FUN_00220348","0022050c","001f75f0","FUN_001f75f0",direct
"00220348","FUN_00220348","00220514","001f4398","FUN_001f4398",direct
"00220348","FUN_00220348","0022051c","00220348","FUN_00220348",tail
"00220348","FUN_00220348","00220528","00220348","FUN_00220348",tail
"00220348","FUN_00220348","00220564","00220348","FUN_00220348",tail
"00220348","FUN_00220348","00220580","00220348","FUN_00220348",tail
"00220348","FUN_00220348","00220590","00220348","FUN_00220348",tail
"00220348","FUN_00220348","002205a8","00220348","FUN_00220348",tail
"00220348","FUN_00220348","002205b0","00220348","FUN_00220348",tail
"00220348","FUN_00220348","002205b8","001f4280","FUN_001f4280",direct
"00220348","FUN_00220348","002205c8","00220348","FUN_00220348",tail
"00220348","FUN_00220348","002205d4","00204cf0","FUN_00204cf0",direct
"00220348","FUN_00220348","00220618","001f5450","FUN_001f5450",direct
"00220348","FUN_00220348","00220620","001f4398","FUN_001f4398",direct
"00220648","FUN_00220648","00220660","00220648","FUN_00220648",tail
"00220648","FUN_00220648","00220668","00220648","FUN_00220648",tail
"00220648","FUN_00220648","00220670","00220648","FUN_00220648",tail
"00220648","FUN_00220648","00220678","00220648","FUN_00220648",tail
"00220648","FUN_00220648","00220680","00220648","FUN_00220648",tail
"00220648","FUN_00220648","00220688","00220648","FUN_00220648",tail
"00220648","FUN_00220648","00220690","00220648","FUN_00220648",tail
"00220648","FUN_00220648","0022069c","00220648","FUN_00220648",tail
"00220648","FUN_00220648","002206a8","00220648","FUN_00220648",tail
"00220648","FUN_00220648","002206cc","00220648","FUN_00220648",tail
"00220648","FUN_00220648","002206d4","00216788","FUN_00216788",direct
"00220648","FUN_00220648","002206dc","00220648","FUN_00220648",tail
"00220648","FUN_00220648","002206e8","00220648","FUN_00220648",tail
"00220648","FUN_00220648","002206f8","00220648","FUN_00220648",tail
"00220648","FUN_00220648","00220700","00220648","FUN_00220648",tail
"00220648","FUN_00220648","0022070c","00220648","FUN_00220648",tail
"00220648","FUN_00220648","00220718","00220648","FUN_00220648",tail
"00220648","FUN_00220648","0022073c","00220648","FUN_00220648",tail
"00220648","FUN_00220648","00220744","00216788","FUN_00216788",direct
"00220648","FUN_00220648","0022074c","00220648","FUN_00220648",tail
"00220648","FUN_00220648","00220758","00220648","FUN_00220648",tail
"00220648","FUN_00220648","00220768","00220648","FUN_00220648",tail
"00220790","FUN_00220790","002207ac","00220790","FUN_00220790",tail
"00220790","FUN_00220790","002207c0","001f4280","FUN_001f4280",direct
"00220790","FUN_00220790","002207c8","00204cf0","FUN_00204cf0",direct
"00220790","FUN_00220790","002207f4","001f5450","FUN_001f5450",direct
"00220790","FUN_00220790","002207fc","00204cf0","FUN_00204cf0",direct
"00220790","FUN_00220790","00220828","001f5450","FUN_001f5450",direct
"00220790","FUN_00220790","00220830","001f4398","FUN_001f4398",direct
"00220850","FUN_00220850","00220880","00220850","FUN_00220850",tail
"00220850","FUN_00220850","0022088c","00220850","FUN_00220850",tail
"00220850","FUN_00220850","00220894","00220850","FUN_00220850",tail
"00220850","FUN_00220850","0022089c","00220850","FUN_00220850",tail
"00220850","FUN_00220850","002208a8","00233980","FUN_00233980",direct
"00220850","FUN_00220850","002208b8","00233980","FUN_00233980",direct
"00220850","FUN_00220850","002208f8","00200468","FUN_00200468",direct
"00220850","FUN_00220850","00220904","00233980","FUN_00233980",direct
"00220850","FUN_00220850","00220918","00220850","FUN_00220850",tail
"00220850","FUN_00220850","0022092c","00220850","FUN_00220850",tail
"00220850","FUN_00220850","0022095c","00200468","FUN_00200468",direct
"00220850","FUN_00220850","00220970","00220850","FUN_00220850",tail
"00220850","FUN_00220850","00220984","00220850","FUN_00220850",tail
"00220850","FUN_00220850","002209b4","00200468","FUN_00200468",direct
"00220850","FUN_00220850","002209bc","00220850","FUN_00220850",tail
"00220850","FUN_00220850","00220a10","00233980","FUN_00233980",direct
"00220850","FUN_00220850","00220a1c","00233980","FUN_00233980",direct
"00220850","FUN_00220850","00220a60","00200468","FUN_00200468",direct
"00220850","FUN_00220850","00220a6c","00233980","FUN_00233980",direct
"00220850","FUN_00220850","00220a78","00233980","FUN_00233980",direct
"00220850","FUN_00220850","00220ab4","00200468","FUN_00200468",direct
"00220850","FUN_00220850","00220af0","00200468","FUN_00200468",direct
"00220b20","FUN_00220b20","00220b5c","001f4280","FUN_001f4280",direct
"00220b20","FUN_00220b20","00220bf0","001fa610","FUN_001fa610",direct
"00220b20","FUN_00220b20","00220bfc","001f9dc8","FUN_001f9dc8",direct
"00220b20","FUN_00220b20","00220c0c","001f9de0","FUN_001f9de0",direct
"00220b20","FUN_00220b20","00220c1c","00220b20","FUN_00220b20",tail
"00220b20","FUN_00220b20","00220c40","001f99a8","FUN_001f99a8",direct
"00220b20","FUN_00220b20","00220c78","00200e08","FUN_00200e08",direct
"00220b20","FUN_00220b20","00220c94","00200e08","FUN_00200e08",direct
"00220b20","FUN_00220b20","00220ca8","00220b20","FUN_00220b20",tail
"00220b20","FUN_00220b20","00220cd8","00200e08","FUN_00200e08",direct
"00220b20","FUN_00220b20","00220ce0","00220b20","FUN_00220b20",tail
"00220b20","FUN_00220b20","00220d00","001ff960","FUN_001ff960",direct
"00220b20","FUN_00220b20","00220d2c","001ffc30","FUN_001ffc30",direct
"00220b20","FUN_00220b20","00220d3c","00220b20","FUN_00220b20",tail
"00220b20","FUN_00220b20","00220d44","001ff960","FUN_001ff960",direct
"00220b20","FUN_00220b20","00220d60","001ffc30","FUN_001ffc30",direct
"00220b20","FUN_00220b20","00220d6c","001ff960","FUN_001ff960",direct
"00220b20","FUN_00220b20","00220d8c","001ffc30","FUN_001ffc30",direct
"00220b20","FUN_00220b20","00220db0","001f6530","FUN_001f6530",direct
"00220b20","FUN_00220b20","00220dd8","001f6530","FUN_001f6530",direct
"00220b20","FUN_00220b20","00220de0","001f4398","FUN_001f4398",direct
"00220e28","FUN_00220e28","00220e5c","00220e28","FUN_00220e28",tail
"00220e28","FUN_00220e28","00220e94","00220e28","FUN_00220e28",tail
"00220e28","FUN_00220e28","00220e9c","00220e28","FUN_00220e28",tail
"00220e28","FUN_00220e28","00220eb4","00220e28","FUN_00220e28",tail
"00220e28","FUN_00220e28","00220ec0","00220e28","FUN_00220e28",tail
"00220e28","FUN_00220e28","00220ec8","00220e28","FUN_00220e28",tail
"00220e28","FUN_00220e28","00220ed8","00220e28","FUN_00220e28",tail
"00220e28","FUN_00220e28","00220ee8","00220e28","FUN_00220e28",tail
"00220e28","FUN_00220e28","00220ef4","00220e28","FUN_00220e28",tail
"00220e28","FUN_00220e28","00220efc","00220e28","FUN_00220e28",tail
"00220e28","FUN_00220e28","00220f10","00220e28","FUN_00220e28",tail
"00220e28","FUN_00220e28","00220f18","00220e28","FUN_00220e28",tail
"00220e28","FUN_00220e28","00220f30","00220e28","FUN_00220e28",tail
"00220e28","FUN_00220e28","00220f4c","00220e28","FUN_00220e28",tail
"00220e28","FUN_00220e28","00220f64","00220e28","FUN_00220e28",tail
"00220e28","FUN_00220e28","00220f70","0022da68","FUN_0022da68",direct
"00220e28","FUN_00220e28","00220f94","00220e28","FUN_00220e28",tail
"00220e28","FUN_00220e28","00220f9c","00220e28","FUN_00220e28",tail
"00220e28","FUN_00220e28","00220fa8","001fbab8","FUN_001fbab8",direct
"00220e28","FUN_00220e28","00220fb0","00220e28","FUN_00220e28",tail
"00220e28","FUN_00220e28","00220fb8","001f4a58","FUN_001f4a58",direct
"00220e28","FUN_00220e28","00220fc0","001f96f8","FUN_001f96f8",direct
"00220e28","FUN_00220e28","00220fd8","00220e28","FUN_00220e28",tail
"00220e28","FUN_00220e28","00220fe4","00220e28","FUN_00220e28",tail
"00220e28","FUN_00220e28","00220ffc","00220e28","FUN_00220e28",tail
"00220e28","FUN_00220e28","00221008","0022da68","FUN_0022da68",direct
"00221030","FUN_00221030","00221068","00233980","FUN_00233980",direct
"00221030","FUN_00221030","00221070","001f4280","FUN_001f4280",direct
"00221030","FUN_00221030","00221080","00221030","FUN_00221030",tail
"00221030","FUN_00221030","00221090","00221030","FUN_00221030",tail
"00221030","FUN_00221030","002210a0","001153fc","FUN_001153fc",direct
"00221030","FUN_00221030","002210ec","00221030","FUN_00221030",tail
"00221030","FUN_00221030","00221134","001fdd10","FUN_001fdd10",direct
"00221030","FUN_00221030","00221150","001f7580","FUN_001f7580",direct
"00221030","FUN_00221030","00221168","00221030","FUN_00221030",tail
"00221030","FUN_00221030","00221184","00221030","FUN_00221030",tail
"00221030","FUN_00221030","00221198","00221030","FUN_00221030",tail
"00221030","FUN_00221030","002211a8","00221030","FUN_00221030",tail
"00221030","FUN_00221030","002211e4","00221030","FUN_00221030",tail
"00221030","FUN_00221030","002211f4","001fdd10","FUN_001fdd10",direct
"00221030","FUN_00221030","0022120c","001f6530","FUN_001f6530",direct
"00221030","FUN_00221030","00221218","00221030","FUN_00221030",tail
"00221030","FUN_00221030","00221220","00221030","FUN_00221030",tail
"00221030","FUN_00221030","0022122c","001fdd10","FUN_001fdd10",direct
"00221030","FUN_00221030","00221250","001f6940","FUN_001f6940",direct
"00221030","FUN_00221030","00221270","00221030","FUN_00221030",tail
"00221030","FUN_00221030","00221278","001f4398","FUN_001f4398",direct
"002212b8","FUN_002212b8","002212e0","002212b8","FUN_002212b8",tail
"002212b8","FUN_002212b8","002212fc","002212b8","FUN_002212b8",tail
"002212b8","FUN_002212b8","00221308","002212b8","FUN_002212b8",tail
"002212b8","FUN_002212b8","00221310","002212b8","FUN_002212b8",tail
"002212b8","FUN_002212b8","00221320","002212b8","FUN_002212b8",tail
"002212b8","FUN_002212b8","00221330","002212b8","FUN_002212b8",tail
"002212b8","FUN_002212b8","0022133c","002212b8","FUN_002212b8",tail
"002212b8","FUN_002212b8","00221344","002212b8","FUN_002212b8",tail
"002212b8","FUN_002212b8","00221358","002212b8","FUN_002212b8",tail
"002212b8","FUN_002212b8","00221360","002212b8","FUN_002212b8",tail
"002212b8","FUN_002212b8","00221378","002212b8","FUN_002212b8",tail
"002212b8","FUN_002212b8","00221394","002212b8","FUN_002212b8",tail
"002212b8","FUN_002212b8","002213a4","002212b8","FUN_002212b8",tail
"002212b8","FUN_002212b8","002213b0","0022da68","FUN_0022da68",direct
"002212b8","FUN_002212b8","002213d4","002212b8","FUN_002212b8",tail
"002212b8","FUN_002212b8","002213e4","002212b8","FUN_002212b8",tail
"002212b8","FUN_002212b8","002213f4","002212b8","FUN_002212b8",tail
"002212b8","FUN_002212b8","00221408","002212b8","FUN_002212b8",tail
"002212b8","FUN_002212b8","00221414","002212b8","FUN_002212b8",tail
"002212b8","FUN_002212b8","00221420","002212b8","FUN_002212b8",tail
"002212b8","FUN_002212b8","00221440","0022da68","FUN_0022da68",direct
"00221460","FUN_00221460","00221498","00233980","FUN_00233980",direct
"00221460","FUN_00221460","002214a0","001f4280","FUN_001f4280",direct
"00221460","FUN_00221460","002214b0","00221460","FUN_00221460",tail
"00221460","FUN_00221460","002214cc","00221460","FUN_00221460",tail
"00221460","FUN_00221460","002214dc","00221460","FUN_00221460",tail
"00221460","FUN_00221460","002214f8","00221460","FUN_00221460",tail
"00221460","FUN_00221460","00221538","001fdd10","FUN_001fdd10",direct
"00221460","FUN_00221460","00221558","001f6530","FUN_001f6530",direct
"00221460","FUN_00221460","00221578","001fdd10","FUN_001fdd10",direct
"00221460","FUN_00221460","0022159c","001f6940","FUN_001f6940",direct
"00221460","FUN_00221460","002215b0","00221460","FUN_00221460",tail
"00221460","FUN_00221460","002215b8","001f4398","FUN_001f4398",direct
"002216c0","FUN_002216c0","0022173c","002216c0","FUN_002216c0",tail
"002216c0","FUN_002216c0","00221744","002216c0","FUN_002216c0",tail
"002216c0","FUN_002216c0","0022174c","002216c0","FUN_002216c0",tail
"002216c0","FUN_002216c0","00221754","002216c0","FUN_002216c0",tail
"002216c0","FUN_002216c0","0022175c","002216c0","FUN_002216c0",tail
"002216c0","FUN_002216c0","00221770","002216c0","FUN_002216c0",tail
"002216c0","FUN_002216c0","002217cc","002216c0","FUN_002216c0",tail
"00221930","FUN_00221930","00221950","001fd748","FUN_001fd748",direct
"00221968","FUN_00221968","0022197c","00221968","FUN_00221968",tail
"00221968","FUN_00221968","00221994","00221968","FUN_00221968",tail
"00221968","FUN_00221968","0022199c","00221968","FUN_00221968",tail
"00221968","FUN_00221968","002219a4","00221968","FUN_00221968",tail
"00221968","FUN_00221968","002219ac","00221968","FUN_00221968",tail
"00221968","FUN_00221968","002219b8","00221968","FUN_00221968",tail
"00221968","FUN_00221968","002219c8","00221968","FUN_00221968",tail
"00221968","FUN_00221968","002219d4","00221968","FUN_00221968",tail
"00221968","FUN_00221968","002219e0","0022da68","FUN_0022da68",direct
"00221968","FUN_00221968","002219e8","00221968","FUN_00221968",tail
"00221968","FUN_00221968","002219f4","00221968","FUN_00221968",tail
"00221968","FUN_00221968","00221a2c","0022da68","FUN_0022da68",direct
"00221a48","FUN_00221a48","00221a64","00225c18","FUN_00225c18",direct
"00221a88","FUN_00221a88","00221a98","00225cd8","FUN_00225cd8",direct
"00221b50","FUN_00221b50","00221b68","00233980","FUN_00233980",direct
"00221b50","FUN_00221b50","00221b78","00233980","FUN_00233980",direct
"00221b50","FUN_00221b50","00221b80","001f4280","FUN_001f4280",direct
"00221b50","FUN_00221b50","00221b94","00221b50","FUN_00221b50",tail
"00221b50","FUN_00221b50","00221ba0","00221b50","FUN_00221b50",tail
"00221b50","FUN_00221b50","00221bac","00221b50","FUN_00221b50",tail
"00221b50","FUN_00221b50","00221bb8","001fdd10","FUN_001fdd10",direct
"00221b50","FUN_00221b50","00221bcc","001153fc","FUN_001153fc",direct
"00221b50","FUN_00221b50","00221c58","001f75f0","FUN_001f75f0",direct
"00221b50","FUN_00221b50","00221c98","001f75f0","FUN_001f75f0",direct
"00221b50","FUN_00221b50","00221cfc","001f75f0","FUN_001f75f0",direct
"00221b50","FUN_00221b50","00221d04","001f4398","FUN_001f4398",direct
"00221d68","FUN_00221d68","00221d88","00221d68","FUN_00221d68",tail
"00221d68","FUN_00221d68","00221d94","00221d68","FUN_00221d68",tail
"00221d68","FUN_00221d68","00221d9c","00221d68","FUN_00221d68",tail
"00221d68","FUN_00221d68","00221db0","00221d68","FUN_00221d68",tail
"00221d68","FUN_00221d68","00221dc4","00221d68","FUN_00221d68",tail
"00221d68","FUN_00221d68","00221dd0","00221d68","FUN_00221d68",tail
"00221d68","FUN_00221d68","00221dd8","00221d68","FUN_00221d68",tail
"00221d68","FUN_00221d68","00221dec","00221d68","FUN_00221d68",tail
"00221d68","FUN_00221d68","00221df8","00221d68","FUN_00221d68",tail
"00221d68","FUN_00221d68","00221e04","00221d68","FUN_00221d68",tail
"00221d68","FUN_00221d68","00221e14","00221d68","FUN_00221d68",tail
"00221d68","FUN_00221d68","00221e28","00221d68","FUN_00221d68",tail
"00221d68","FUN_00221d68","00221e34","0022da68","FUN_0022da68",direct
"00221e50","FUN_00221e50","00221e70","00221e50","FUN_00221e50",tail
"00221e50","FUN_00221e50","00221e7c","00221e50","FUN_00221e50",tail
"00221e50","FUN_00221e50","00221e84","00221e50","FUN_00221e50",tail
"00221e50","FUN_00221e50","00221e98","00221e50","FUN_00221e50",tail
"00221e50","FUN_00221e50","00221eac","00221e50","FUN_00221e50",tail
"00221e50","FUN_00221e50","00221eb8","00221e50","FUN_00221e50",tail
"00221e50","FUN_00221e50","00221ec0","00221e50","FUN_00221e50",tail
"00221e50","FUN_00221e50","00221ed4","00221e50","FUN_00221e50",tail
"00221e50","FUN_00221e50","00221ee0","00221e50","FUN_00221e50",tail
"00221e50","FUN_00221e50","00221f00","0022da68","FUN_0022da68",direct
"00221e50","FUN_00221e50","00221f08","00221e50","FUN_00221e50",tail
"00221e50","FUN_00221e50","00221f14","00221e50","FUN_00221e50",tail
"00221e50","FUN_00221e50","00221f20","00221e50","FUN_00221e50",tail
"00221e50","FUN_00221e50","00221f40","0022da68","FUN_0022da68",direct
"00221f58","FUN_00221f58","00221f6c","001f4280","FUN_001f4280",direct
"00221f58","FUN_00221f58","00221f78","00221f58","FUN_00221f58",tail
"00221f58","FUN_00221f58","00221fbc","001f6530","FUN_001f6530",direct
"00221f58","FUN_00221f58","00221fdc","001ff960","FUN_001ff960",direct
"00221f58","FUN_00221f58","00221fe4","001ffa10","FUN_001ffa10",direct
"00221f58","FUN_00221f58","00222014","00200600","FUN_00200600",direct
"00221f58","FUN_00221f58","0022201c","00221f58","FUN_00221f58",tail
"00221f58","FUN_00221f58","00222068","001f6530","FUN_001f6530",direct
"00221f58","FUN_00221f58","00222088","001ff960","FUN_001ff960",direct
"00221f58","FUN_00221f58","00222090","001ffa10","FUN_001ffa10",direct
"00221f58","FUN_00221f58","002220c8","00200600","FUN_00200600",direct
"00221f58","FUN_00221f58","002220d0","001f4398","FUN_001f4398",direct
"002220f0","FUN_002220f0","00222138","001f4280","FUN_001f4280",direct
"002220f0","FUN_002220f0","00222144","002220f0","FUN_002220f0",tail
"002220f0","FUN_002220f0","00222170","001fdd10","FUN_001fdd10",direct
"002220f0","FUN_002220f0","00222190","001f6af0","FUN_001f6af0",direct
"002220f0","FUN_002220f0","00222198","002220f0","FUN_002220f0",tail
"002220f0","FUN_002220f0","002221b8","002220f0","FUN_002220f0",tail
"002220f0","FUN_002220f0","002221d8","001fdd10","FUN_001fdd10",direct
"002220f0","FUN_002220f0","002221f8","001f6af0","FUN_001f6af0",direct
"002220f0","FUN_002220f0","0022220c","002220f0","FUN_002220f0",tail
"002220f0","FUN_002220f0","00222234","001fdd10","FUN_001fdd10",direct
"002220f0","FUN_002220f0","00222254","001f6af0","FUN_001f6af0",direct
"002220f0","FUN_002220f0","0022225c","001f4398","FUN_001f4398",direct
"00222290","FUN_00222290","002222a8","00222290","FUN_00222290",tail
"00222290","FUN_00222290","002222bc","00222290","FUN_00222290",tail
"00222290","FUN_00222290","002222c4","00222290","FUN_00222290",tail
"00222290","FUN_00222290","002222d8","00222290","FUN_00222290",tail
"00222290","FUN_00222290","002222e0","00226b08","FUN_00226b08",direct
"00222290","FUN_00222290","002222e8","0022e188","FUN_0022e188",direct
"00222290","FUN_00222290","002222f4","00222290","FUN_00222290",tail
"00222290","FUN_00222290","00222300","00222290","FUN_00222290",tail
"00222290","FUN_00222290","00222334","00222290","FUN_00222290",tail
"00222290","FUN_00222290","00222344","00209298","FUN_00209298",direct
"00222290","FUN_00222290","00222374","00222290","FUN_00222290",tail
"00222290","FUN_00222290","00222388","0020b178","FUN_0020b178",direct
"00222290","FUN_00222290","00222390","00226f50","FUN_00226f50",direct
"00222290","FUN_00222290","00222398","001f96f8","FUN_001f96f8",direct
"00222290","FUN_00222290","002223a0","001f4a58","FUN_001f4a58",direct
"00222290","FUN_00222290","002223b4","00222290","FUN_00222290",tail
"002223f0","FUN_002223f0","00222430","002223f0","FUN_002223f0",tail
"002223f0","FUN_002223f0","00222438","002223f0","FUN_002223f0",tail
"002223f0","FUN_002223f0","00222448","002223f0","FUN_002223f0",tail
"002223f0","FUN_002223f0","00222458","002223f0","FUN_002223f0",tail
"002223f0","FUN_002223f0","00222464","002223f0","FUN_002223f0",tail
"002223f0","FUN_002223f0","0022246c","002223f0","FUN_002223f0",tail
"002223f0","FUN_002223f0","0022247c","002223f0","FUN_002223f0",tail
"002223f0","FUN_002223f0","0022248c","002223f0","FUN_002223f0",tail
"002223f0","FUN_002223f0","00222498","002223f0","FUN_002223f0",tail
"002223f0","FUN_002223f0","002224a0","002223f0","FUN_002223f0",tail
"002223f0","FUN_002223f0","002224b0","002223f0","FUN_002223f0",tail
"002223f0","FUN_002223f0","002224c4","002223f0","FUN_002223f0",tail
"002223f0","FUN_002223f0","002224d8","002223f0","FUN_002223f0",tail
"002223f0","FUN_002223f0","002224f0","002223f0","FUN_002223f0",computed
"002223f0","FUN_002223f0","002224f0","002223f0","FUN_002223f0",computed
"002223f0","FUN_002223f0","002224f0","002223f0","FUN_002223f0",computed
"002223f0","FUN_002223f0","002224f0","002223f0","FUN_002223f0",computed
"002223f0","FUN_002223f0","002224f0","002223f0","FUN_002223f0",computed
"002223f0","FUN_002223f0","002224f0","002223f0","FUN_002223f0",computed
"002223f0","FUN_002223f0","002224f0","002223f0","FUN_002223f0",computed
"002223f0","FUN_002223f0","002224f0","002223f0","FUN_002223f0",computed
"002223f0","FUN_002223f0","002224f0","002223f0","FUN_002223f0",computed
"002223f0","FUN_002223f0","002224f0","002223f0","FUN_002223f0",computed
"002223f0","FUN_002223f0","002224f0","002223f0","FUN_002223f0",computed
"002223f0","FUN_002223f0","002224f0","002223f0","FUN_002223f0",computed
"002223f0","FUN_002223f0","00222500","001f96f8","FUN_001f96f8",direct
"002223f0","FUN_002223f0","00222524","002223f0","FUN_002223f0",tail
"002223f0","FUN_002223f0","00222530","002223f0","FUN_002223f0",tail
"002223f0","FUN_002223f0","00222544","002223f0","FUN_002223f0",tail
"002223f0","FUN_002223f0","00222554","002223f0","FUN_002223f0",tail
"002223f0","FUN_002223f0","00222568","002223f0","FUN_002223f0",tail
"002223f0","FUN_002223f0","00222570","001f96f8","FUN_001f96f8",direct
"002223f0","FUN_002223f0","00222584","002223f0","FUN_002223f0",tail
"002223f0","FUN_002223f0","00222590","002223f0","FUN_002223f0",tail
"002223f0","FUN_002223f0","002225a0","001f96f8","FUN_001f96f8",direct
"002223f0","FUN_002223f0","002225c4","002223f0","FUN_002223f0",tail
"002223f0","FUN_002223f0","002225d0","002223f0","FUN_002223f0",tail
"002223f0","FUN_002223f0","002225ec","002223f0","FUN_002223f0",tail
"002223f0","FUN_002223f0","002225f8","002223f0","FUN_002223f0",tail
"002223f0","FUN_002223f0","00222618","002223f0","FUN_002223f0",tail
"002223f0","FUN_002223f0","00222624","002223f0","FUN_002223f0",tail
"002223f0","FUN_002223f0","00222640","002223f0","FUN_002223f0",tail
"002223f0","FUN_002223f0","0022264c","002223f0","FUN_002223f0",tail
"002223f0","FUN_002223f0","00222654","001f96f8","FUN_001f96f8",direct
"002223f0","FUN_002223f0","00222678","002223f0","FUN_002223f0",tail
"002223f0","FUN_002223f0","00222684","002223f0","FUN_002223f0",tail
"002223f0","FUN_002223f0","002226a0","001f96f8","FUN_001f96f8",direct
"002223f0","FUN_002223f0","002226b8","002223f0","FUN_002223f0",tail
"002223f0","FUN_002223f0","002226c4","002223f0","FUN_002223f0",tail
"002223f0","FUN_002223f0","002226cc","001f96f8","FUN_001f96f8",direct
"002223f0","FUN_002223f0","002226f8","002223f0","FUN_002223f0",tail
"002223f0","FUN_002223f0","00222704","002223f0","FUN_002223f0",tail
"002223f0","FUN_002223f0","00222728","001f96f8","FUN_001f96f8",direct
"002223f0","FUN_002223f0","00222730","002223f0","FUN_002223f0",tail
"002223f0","FUN_002223f0","0022273c","002223f0","FUN_002223f0",tail
"002223f0","FUN_002223f0","0022274c","002223f0","FUN_002223f0",tail
"00222768","FUN_00222768","00222788","00233980","FUN_00233980",direct
"00222768","FUN_00222768","0022279c","00233980","FUN_00233980",direct
"00222768","FUN_00222768","002227a4","001f4280","FUN_001f4280",direct
"00222768","FUN_00222768","002227b0","00226778","FUN_00226778",direct
"00222768","FUN_00222768","0022280c","00222768","FUN_00222768",tail
"00222768","FUN_00222768","00222828","00222768","FUN_00222768",computed
"00222768","FUN_00222768","00222828","00222768","FUN_00222768",computed
"00222768","FUN_00222768","00222828","00222768","FUN_00222768",computed
"00222768","FUN_00222768","00222850","00222768","FUN_00222768",tail
"00222768","FUN_00222768","00222880","001fdd10","FUN_001fdd10",direct
"00222768","FUN_00222768","0022289c","001f7580","FUN_001f7580",direct
"00222768","FUN_00222768","002228c4","00222768","FUN_00222768",tail
"00222768","FUN_00222768","002228e0","00222768","FUN_00222768",tail
"00222768","FUN_00222768","002228e8","00222768","FUN_00222768",tail
"00222768","FUN_00222768","002228fc","001fdd10","FUN_001fdd10",direct
"00222768","FUN_00222768","00222918","001f7580","FUN_001f7580",direct
"00222768","FUN_00222768","00222920","001f4398","FUN_001f4398",direct
"00222948","FUN_00222948","00222964","001153fc","FUN_001153fc",direct
"00222948","FUN_00222948","002229bc","001f4280","FUN_001f4280",direct
"00222948","FUN_00222948","002229c8","001ff960","FUN_001ff960",direct
"00222948","FUN_00222948","002229e4","001ffc30","FUN_001ffc30",direct
"00222948","FUN_00222948","002229f4","001fdd10","FUN_001fdd10",direct
"00222948","FUN_00222948","00222a10","001f7580","FUN_001f7580",direct
"00222948","FUN_00222948","00222a30","001ff960","FUN_001ff960",direct
"00222948","FUN_00222948","00222a4c","001ffc30","FUN_001ffc30",direct
"00222948","FUN_00222948","00222a54","001fdd10","FUN_001fdd10",direct
"00222948","FUN_00222948","00222a70","001f7580","FUN_001f7580",direct
"00222948","FUN_00222948","00222a78","001f4398","FUN_001f4398",direct
"00222a98","FUN_00222a98","00222ac8","001f4280","FUN_001f4280",direct
"00222a98","FUN_00222a98","00222adc","00222a98","FUN_00222a98",tail
"00222a98","FUN_00222a98","00222aec","001fdd10","FUN_001fdd10",direct
"00222a98","FUN_00222a98","00222af4","00215290","FUN_00215290",direct
"00222a98","FUN_00222a98","00222b08","00116248","FUN_00116248",direct
"00222a98","FUN_00222a98","00222b14","001f6250","FUN_001f6250",direct
"00222a98","FUN_00222a98","00222b28","001fdd10","FUN_001fdd10",direct
"00222a98","FUN_00222a98","00222b30","00215300","FUN_00215300",direct
"00222a98","FUN_00222a98","00222b44","00116248","FUN_00116248",direct
"00222a98","FUN_00222a98","00222b50","001f6250","FUN_001f6250",direct
"00222a98","FUN_00222a98","00222b64","001fdd10","FUN_001fdd10",direct
"00222a98","FUN_00222a98","00222b6c","00215348","FUN_00215348",direct
"00222a98","FUN_00222a98","00222b80","00116248","FUN_00116248",direct
"00222a98","FUN_00222a98","00222b8c","001f6250","FUN_001f6250",direct
"00222a98","FUN_00222a98","00222bb4","00222a98","FUN_00222a98",tail
"00222a98","FUN_00222a98","00222bc8","001f61f8","FUN_001f61f8",direct
"00222a98","FUN_00222a98","00222bd8","001fdd10","FUN_001fdd10",direct
"00222a98","FUN_00222a98","00222bfc","001f6af0","FUN_001f6af0",direct
"00222a98","FUN_00222a98","00222c04","00215290","FUN_00215290",direct
"00222a98","FUN_00222a98","00222c18","0021f8e8","FUN_0021f8e8",direct
"00222a98","FUN_00222a98","00222c20","001fdd10","FUN_001fdd10",direct
"00222a98","FUN_00222a98","00222c28","00215290","FUN_00215290",direct
"00222a98","FUN_00222a98","00222c3c","00116248","FUN_00116248",direct
"00222a98","FUN_00222a98","00222c44","001f44b8","FUN_001f44b8",direct
"00222a98","FUN_00222a98","00222c70","001f62b0","FUN_001f62b0",direct
"00222a98","FUN_00222a98","00222c78","00215300","FUN_00215300",direct
"00222a98","FUN_00222a98","00222c8c","0021f8e8","FUN_0021f8e8",direct
"00222a98","FUN_00222a98","00222c94","001fdd10","FUN_001fdd10",direct
"00222a98","FUN_00222a98","00222c9c","00215300","FUN_00215300",direct
"00222a98","FUN_00222a98","00222cb0","00116248","FUN_00116248",direct
"00222a98","FUN_00222a98","00222cb8","001f44b8","FUN_001f44b8",direct
"00222a98","FUN_00222a98","00222ce4","001f62b0","FUN_001f62b0",direct
"00222a98","FUN_00222a98","00222cec","00215348","FUN_00215348",direct
"00222a98","FUN_00222a98","00222d00","0021f8e8","FUN_0021f8e8",direct
"00222a98","FUN_00222a98","00222d08","001fdd10","FUN_001fdd10",direct
"00222a98","FUN_00222a98","00222d10","00215348","FUN_00215348",direct
"00222a98","FUN_00222a98","00222d24","00116248","FUN_00116248",direct
"00222a98","FUN_00222a98","00222d2c","001f44b8","FUN_001f44b8",direct
"00222a98","FUN_00222a98","00222d54","001f62b0","FUN_001f62b0",direct
"00222a98","FUN_00222a98","00222d5c","001f61e8","FUN_001f61e8",direct
"00222a98","FUN_00222a98","00222d64","001f4398","FUN_001f4398",direct
"00222d98","FUN_00222d98","00222ddc","001f4280","FUN_001f4280",direct
"00222d98","FUN_00222d98","00222dec","00222d98","FUN_00222d98",tail
"00222d98","FUN_00222d98","00222df8","00222d98","FUN_00222d98",tail
"00222d98","FUN_00222d98","00222e04","00222d98","FUN_00222d98",tail
"00222d98","FUN_00222d98","00222e0c","00222d98","FUN_00222d98",tail
"00222d98","FUN_00222d98","00222e38","001fdd10","FUN_001fdd10",direct
"00222d98","FUN_00222d98","00222e58","001f6af0","FUN_001f6af0",direct
"00222d98","FUN_00222d98","00222e60","00222d98","FUN_00222d98",tail
"00222d98","FUN_00222d98","00222e88","001fdd10","FUN_001fdd10",direct
"00222d98","FUN_00222d98","00222ea8","001f6af0","FUN_001f6af0",direct
"00222d98","FUN_00222d98","00222ec4","001fdd10","FUN_001fdd10",direct
"00222d98","FUN_00222d98","00222ee4","001f6af0","FUN_001f6af0",direct
"00222d98","FUN_00222d98","00222eec","001f4398","FUN_001f4398",direct
"00222f18","FUN_00222f18","00222f28","00225ac0","FUN_00225ac0",direct
"00222f18","FUN_00222f18","00222f30","00225c18","FUN_00225c18",direct
"00222f58","FUN_00222f58","00222f68","00225cd8","FUN_00225cd8",direct
"00222f88","FUN_00222f88","00222fb4","00222f88","FUN_00222f88",tail
"00222f88","FUN_00222f88","00222fc0","00222f88","FUN_00222f88",tail
"00222f88","FUN_00222f88","00222fd4","00222f88","FUN_00222f88",tail
"00222f88","FUN_00222f88","00222fe0","00222f88","FUN_00222f88",tail
"00222f88","FUN_00222f88","00222ff4","00222f88","FUN_00222f88",tail
"00222f88","FUN_00222f88","00223000","002269c0","FUN_002269c0",direct
"00222f88","FUN_00222f88","00223028","00222f88","FUN_00222f88",tail
"00222f88","FUN_00222f88","00223040","00222f88","FUN_00222f88",tail
"00222f88","FUN_00222f88","0022304c","00222f88","FUN_00222f88",tail
"00222f88","FUN_00222f88","00223058","00222f88","FUN_00222f88",tail
"00222f88","FUN_00222f88","00223074","001fbab8","FUN_001fbab8",direct
"00222f88","FUN_00222f88","0022307c","00222f88","FUN_00222f88",tail
"00222f88","FUN_00222f88","00223124","00222f88","FUN_00222f88",tail
"00222f88","FUN_00222f88","00223130","00222f88","FUN_00222f88",tail
"00222f88","FUN_00222f88","00223138","00222f88","FUN_00222f88",tail
"00222f88","FUN_00222f88","0022314c","00222f88","FUN_00222f88",tail
"00222f88","FUN_00222f88","0022315c","00222f88","FUN_00222f88",tail
"00222f88","FUN_00222f88","00223168","00222f88","FUN_00222f88",tail
"00222f88","FUN_00222f88","00223170","00222f88","FUN_00222f88",tail
"00222f88","FUN_00222f88","00223184","00222f88","FUN_00222f88",tail
"00222f88","FUN_00222f88","0022318c","00222f88","FUN_00222f88",tail
"00222f88","FUN_00222f88","002231a0","00222f88","FUN_00222f88",tail
"00222f88","FUN_00222f88","002231bc","00222f88","FUN_00222f88",tail
"00222f88","FUN_00222f88","002231c8","00222f88","FUN_00222f88",tail
"00222f88","FUN_00222f88","002231d8","00222f88","FUN_00222f88",tail
"00222f88","FUN_00222f88","002231e8","00222f88","FUN_00222f88",tail
"00222f88","FUN_00222f88","002231f0","00222f88","FUN_00222f88",tail
"00222f88","FUN_00222f88","00223208","00222f88","FUN_00222f88",tail
"00222f88","FUN_00222f88","00223210","00222f88","FUN_00222f88",tail
"00222f88","FUN_00222f88","00223220","00222f88","FUN_00222f88",tail
"00222f88","FUN_00222f88","00223230","00222f88","FUN_00222f88",tail
"00222f88","FUN_00222f88","00223244","00222f88","FUN_00222f88",tail
"00222f88","FUN_00222f88","00223258","00222f88","FUN_00222f88",tail
"00222f88","FUN_00222f88","00223274","00222f88","FUN_00222f88",tail
"00222f88","FUN_00222f88","00223294","00222f88","FUN_00222f88",tail
"00222f88","FUN_00222f88","002232a8","00222f88","FUN_00222f88",tail
"00222f88","FUN_00222f88","002232b4","0022da68","FUN_0022da68",direct
"002232d8","FUN_002232d8","00223304","002232d8","FUN_002232d8",tail
"002232d8","FUN_002232d8","0022331c","002232d8","FUN_002232d8",tail
"002232d8","FUN_002232d8","00223328","002232d8","FUN_002232d8",tail
"002232d8","FUN_002232d8","00223334","002232d8","FUN_002232d8",tail
"002232d8","FUN_002232d8","00223350","001fbab8","FUN_001fbab8",direct
"002232d8","FUN_002232d8","00223358","002232d8","FUN_002232d8",tail
"002232d8","FUN_002232d8","00223380","002232d8","FUN_002232d8",tail
"002232d8","FUN_002232d8","002233c8","0022e188","FUN_0022e188",direct
"002232d8","FUN_002232d8","002233ec","002232d8","FUN_002232d8",tail
"002232d8","FUN_002232d8","002233f8","002232d8","FUN_002232d8",tail
"002232d8","FUN_002232d8","00223400","002232d8","FUN_002232d8",tail
"002232d8","FUN_002232d8","00223414","002232d8","FUN_002232d8",tail
"002232d8","FUN_002232d8","00223424","002232d8","FUN_002232d8",tail
"002232d8","FUN_002232d8","00223430","002232d8","FUN_002232d8",tail
"002232d8","FUN_002232d8","00223438","002232d8","FUN_002232d8",tail
"002232d8","FUN_002232d8","0022344c","002232d8","FUN_002232d8",tail
"002232d8","FUN_002232d8","00223454","002232d8","FUN_002232d8",tail
"002232d8","FUN_002232d8","00223468","002232d8","FUN_002232d8",tail
"002232d8","FUN_002232d8","00223484","002232d8","FUN_002232d8",tail
"002232d8","FUN_002232d8","00223490","002232d8","FUN_002232d8",tail
"002232d8","FUN_002232d8","002234a0","002232d8","FUN_002232d8",tail
"002232d8","FUN_002232d8","002234b0","002232d8","FUN_002232d8",tail
"002232d8","FUN_002232d8","002234b8","002232d8","FUN_002232d8",tail
"002232d8","FUN_002232d8","002234d0","002232d8","FUN_002232d8",tail
"002232d8","FUN_002232d8","002234d8","002232d8","FUN_002232d8",tail
"002232d8","FUN_002232d8","002234e8","002232d8","FUN_002232d8",tail
"002232d8","FUN_002232d8","002234f4","002232d8","FUN_002232d8",tail
"002232d8","FUN_002232d8","00223508","002232d8","FUN_002232d8",tail
"002232d8","FUN_002232d8","0022351c","002232d8","FUN_002232d8",tail
"002232d8","FUN_002232d8","00223534","002232d8","FUN_002232d8",tail
"002232d8","FUN_002232d8","00223540","0022da68","FUN_0022da68",direct
"002232d8","FUN_002232d8","00223554","002232d8","FUN_002232d8",tail
"002232d8","FUN_002232d8","00223580","002232d8","FUN_002232d8",tail
"002232d8","FUN_002232d8","0022358c","0022da68","FUN_0022da68",direct
"002235b8","FUN_002235b8","002235e4","002235b8","FUN_002235b8",tail
"002235b8","FUN_002235b8","002235f0","002235b8","FUN_002235b8",tail
"002235b8","FUN_002235b8","00223604","002235b8","FUN_002235b8",tail
"002235b8","FUN_002235b8","00223610","002235b8","FUN_002235b8",tail
"002235b8","FUN_002235b8","00223620","002235b8","FUN_002235b8",tail
"002235b8","FUN_002235b8","00223638","002235b8","FUN_002235b8",tail
"002235b8","FUN_002235b8","00223644","002235b8","FUN_002235b8",tail
"002235b8","FUN_002235b8","00223658","002235b8","FUN_002235b8",tail
"002235b8","FUN_002235b8","00223668","002235b8","FUN_002235b8",tail
"002235b8","FUN_002235b8","00223670","00226b08","FUN_00226b08",direct
"002235b8","FUN_002235b8","00223678","002235b8","FUN_002235b8",tail
"002235b8","FUN_002235b8","00223680","00226a70","FUN_00226a70",direct
"002235b8","FUN_002235b8","002236ac","002235b8","FUN_002235b8",tail
"002235b8","FUN_002235b8","002236c0","002235b8","FUN_002235b8",tail
"002235b8","FUN_002235b8","002236cc","002235b8","FUN_002235b8",tail
"002235b8","FUN_002235b8","002236d8","002235b8","FUN_002235b8",tail
"002235b8","FUN_002235b8","002236f4","001fbab8","FUN_001fbab8",direct
"002235b8","FUN_002235b8","002236fc","002235b8","FUN_002235b8",tail
"002235b8","FUN_002235b8","00223790","0022e188","FUN_0022e188",direct
"002235b8","FUN_002235b8","002237b8","002235b8","FUN_002235b8",tail
"002235b8","FUN_002235b8","002237c4","002235b8","FUN_002235b8",tail
"002235b8","FUN_002235b8","002237cc","002235b8","FUN_002235b8",tail
"002235b8","FUN_002235b8","002237e0","002235b8","FUN_002235b8",tail
"002235b8","FUN_002235b8","002237f0","002235b8","FUN_002235b8",tail
"002235b8","FUN_002235b8","002237fc","002235b8","FUN_002235b8",tail
"002235b8","FUN_002235b8","00223804","002235b8","FUN_002235b8",tail
"002235b8","FUN_002235b8","00223818","002235b8","FUN_002235b8",tail
"002235b8","FUN_002235b8","00223820","002235b8","FUN_002235b8",tail
"002235b8","FUN_002235b8","00223834","002235b8","FUN_002235b8",tail
"002235b8","FUN_002235b8","00223850","002235b8","FUN_002235b8",tail
"002235b8","FUN_002235b8","0022385c","002235b8","FUN_002235b8",tail
"002235b8","FUN_002235b8","0022386c","002235b8","FUN_002235b8",tail
"002235b8","FUN_002235b8","0022387c","002235b8","FUN_002235b8",tail
"002235b8","FUN_002235b8","00223884","002235b8","FUN_002235b8",tail
"002235b8","FUN_002235b8","0022389c","002235b8","FUN_002235b8",tail
"002235b8","FUN_002235b8","002238a4","002235b8","FUN_002235b8",tail
"002235b8","FUN_002235b8","002238b4","002235b8","FUN_002235b8",tail
"002235b8","FUN_002235b8","002238c4","002235b8","FUN_002235b8",tail
"002235b8","FUN_002235b8","002238d8","002235b8","FUN_002235b8",tail
"002235b8","FUN_002235b8","002238ec","002235b8","FUN_002235b8",tail
"002235b8","FUN_002235b8","00223908","002235b8","FUN_002235b8",tail
"002235b8","FUN_002235b8","00223918","002235b8","FUN_002235b8",tail
"002235b8","FUN_002235b8","00223924","002235b8","FUN_002235b8",tail
"002235b8","FUN_002235b8","0022395c","002235b8","FUN_002235b8",tail
"002235b8","FUN_002235b8","00223964","002235b8","FUN_002235b8",tail
"002235b8","FUN_002235b8","00223970","002235b8","FUN_002235b8",tail
"002235b8","FUN_002235b8","00223990","00209370","FUN_00209370",direct
"002235b8","FUN_002235b8","00223998","0022e188","FUN_0022e188",direct
"002235b8","FUN_002235b8","002239b0","002235b8","FUN_002235b8",tail
"002235b8","FUN_002235b8","002239bc","0022da68","FUN_0022da68",direct
"002239e0","FUN_002239e0","00223a24","001f4280","FUN_001f4280",direct
"002239e0","FUN_002239e0","00223a50","002239e0","FUN_002239e0",tail
"002239e0","FUN_002239e0","00223a5c","002239e0","FUN_002239e0",tail
"002239e0","FUN_002239e0","00223a68","002239e0","FUN_002239e0",tail
"002239e0","FUN_002239e0","00223a80","00200e08","FUN_00200e08",direct
"002239e0","FUN_002239e0","00223a9c","00200e08","FUN_00200e08",direct
"002239e0","FUN_002239e0","00223ac0","00200e08","FUN_00200e08",direct
"002239e0","FUN_002239e0","00223ae4","002239e0","FUN_002239e0",tail
"002239e0","FUN_002239e0","00223af0","002239e0","FUN_002239e0",tail
"002239e0","FUN_002239e0","00223b00","002239e0","FUN_002239e0",tail
"002239e0","FUN_002239e0","00223b08","002239e0","FUN_002239e0",tail
"002239e0","FUN_002239e0","00223b14","002239e0","FUN_002239e0",tail
"002239e0","FUN_002239e0","00223b30","001fdd10","FUN_001fdd10",direct
"002239e0","FUN_002239e0","00223b54","001f6b88","FUN_001f6b88",direct
"002239e0","FUN_002239e0","00223b5c","002239e0","FUN_002239e0",tail
"002239e0","FUN_002239e0","00223b74","002239e0","FUN_002239e0",tail
"002239e0","FUN_002239e0","00223bc8","00116248","FUN_00116248",direct
"002239e0","FUN_002239e0","00223bd4","001ff960","FUN_001ff960",direct
"002239e0","FUN_002239e0","00223bf0","001ffc30","FUN_001ffc30",direct
"002239e0","FUN_002239e0","00223c08","001f65b0","FUN_001f65b0",direct
"002239e0","FUN_002239e0","00223c14","002239e0","FUN_002239e0",tail
"002239e0","FUN_002239e0","00223c1c","001ff960","FUN_001ff960",direct
"002239e0","FUN_002239e0","00223c38","001ffc30","FUN_001ffc30",direct
"002239e0","FUN_002239e0","00223c54","00116248","FUN_00116248",direct
"002239e0","FUN_002239e0","00223c6c","001f65b0","FUN_001f65b0",direct
"002239e0","FUN_002239e0","00223c8c","002239e0","FUN_002239e0",tail
"002239e0","FUN_002239e0","00223ca0","00116248","FUN_00116248",direct
"002239e0","FUN_002239e0","00223ca8","002239e0","FUN_002239e0",tail
"002239e0","FUN_002239e0","00223cbc","002239e0","FUN_002239e0",tail
"002239e0","FUN_002239e0","00223cc8","002239e0","FUN_002239e0",tail
"002239e0","FUN_002239e0","00223ce0","00116248","FUN_00116248",direct
"002239e0","FUN_002239e0","00223ce8","002239e0","FUN_002239e0",tail
"002239e0","FUN_002239e0","00223cf0","002239e0","FUN_002239e0",tail
"002239e0","FUN_002239e0","00223d1c","00116248","FUN_00116248",direct
"002239e0","FUN_002239e0","00223d28","001ff960","FUN_001ff960",direct
"002239e0","FUN_002239e0","00223d44","001ffc30","FUN_001ffc30",direct
"002239e0","FUN_002239e0","00223d60","001f65b0","FUN_001f65b0",direct
"002239e0","FUN_002239e0","00223d7c","00116248","FUN_00116248",direct
"002239e0","FUN_002239e0","00223d88","001ff960","FUN_001ff960",direct
"002239e0","FUN_002239e0","00223da4","001ffc30","FUN_001ffc30",direct
"002239e0","FUN_002239e0","00223dc0","001f65b0","FUN_001f65b0",direct
"002239e0","FUN_002239e0","00223dd0","002239e0","FUN_002239e0",tail
"002239e0","FUN_002239e0","00223de4","002239e0","FUN_002239e0",tail
"002239e0","FUN_002239e0","00223dec","001f4398","FUN_001f4398",direct
"00223e28","FUN_00223e28","00223e50","00223e28","FUN_00223e28",tail
"00223e28","FUN_00223e28","00223e5c","00223e28","FUN_00223e28",tail
"00223e28","FUN_00223e28","00223e74","00223e28","FUN_00223e28",tail
"00223e28","FUN_00223e28","00223e80","00223e28","FUN_00223e28",tail
"00223e28","FUN_00223e28","00223e88","00223e28","FUN_00223e28",tail
"00223e28","FUN_00223e28","00223e94","00223e28","FUN_00223e28",tail
"00223e28","FUN_00223e28","00223e9c","00223e28","FUN_00223e28",tail
"00223e28","FUN_00223e28","00223ea4","00233980","FUN_00233980",direct
"00223e28","FUN_00223e28","00223eb8","00233980","FUN_00233980",direct
"00223e28","FUN_00223e28","00223ec4","001ff960","FUN_001ff960",direct
"00223e28","FUN_00223e28","00223ee0","00200080","FUN_00200080",direct
"00223e28","FUN_00223e28","00223eec","00223e28","FUN_00223e28",tail
"00223e28","FUN_00223e28","00223f00","00213260","FUN_00213260",direct
"00223e28","FUN_00223e28","00223f0c","00213260","FUN_00213260",direct
"00223e28","FUN_00223e28","00223f1c","001f99a8","FUN_001f99a8",direct
"00223e28","FUN_00223e28","00223f2c","00233980","FUN_00233980",direct
"00223e28","FUN_00223e28","00223f4c","00233980","FUN_00233980",direct
"00223e28","FUN_00223e28","00223f54","001f44b8","FUN_001f44b8",direct
"00223e28","FUN_00223e28","00223f88","001f5450","FUN_001f5450",direct
"00223e28","FUN_00223e28","00223f98","00223e28","FUN_00223e28",tail
"00223e28","FUN_00223e28","00223fa0","00223e28","FUN_00223e28",tail
"00223e28","FUN_00223e28","00223fa8","00213260","FUN_00213260",direct
"00223e28","FUN_00223e28","00223fb0","00223e28","FUN_00223e28",tail
"00223e28","FUN_00223e28","00223fc8","00233980","FUN_00233980",direct
"00223e28","FUN_00223e28","00223fe0","00233980","FUN_00233980",direct
"00223e28","FUN_00223e28","00223fec","001f44b8","FUN_001f44b8",direct
"00223e28","FUN_00223e28","00224028","001f5450","FUN_001f5450",direct
"00223e28","FUN_00223e28","00224054","001f44b8","FUN_001f44b8",direct
"00223e28","FUN_00223e28","0022408c","001f5450","FUN_001f5450",direct
"002240c8","FUN_002240c8","002240f0","00225ac0","FUN_00225ac0",direct
"002240c8","FUN_002240c8","002240f8","00226718","FUN_00226718",direct
"002240c8","FUN_002240c8","0022411c","00225c18","FUN_00225c18",direct
"002240c8","FUN_002240c8","00224128","00225c18","FUN_00225c18",direct
"002240c8","FUN_002240c8","0022414c","00225c18","FUN_00225c18",direct
"002240c8","FUN_002240c8","0022415c","002240c8","FUN_002240c8",tail
"002240c8","FUN_002240c8","00224194","00225490","FUN_00225490",direct
"002240c8","FUN_002240c8","002241bc","002240c8","FUN_002240c8",tail
"002240c8","FUN_002240c8","002241c4","002240c8","FUN_002240c8",tail
"002240c8","FUN_002240c8","00224250","001f97e8","FUN_001f97e8",direct
"002240c8","FUN_002240c8","00224258","001e9410","FUN_001e9410",direct
"002240c8","FUN_002240c8","00224260","00225490","FUN_00225490",direct
"002240c8","FUN_002240c8","0022426c","002240c8","FUN_002240c8",tail
"002242b8","FUN_002242b8","002242dc","00225530","FUN_00225530",direct
"002242b8","FUN_002242b8","002242ec","002242b8","FUN_002242b8",tail
"002242b8","FUN_002242b8","00224304","00225cd8","FUN_00225cd8",direct
"002242b8","FUN_002242b8","00224310","00225cd8","FUN_00225cd8",direct
"002242b8","FUN_002242b8","00224328","002267b8","FUN_002267b8",direct
"002242b8","FUN_002242b8","00224334","00225cd8","FUN_00225cd8",direct
"002242b8","FUN_002242b8","00224344","002242b8","FUN_002242b8",tail
"00224368","FUN_00224368","002243a0","00224368","FUN_00224368",tail
"00224368","FUN_00224368","002243dc","00224368","FUN_00224368",tail
"00224368","FUN_00224368","002243e4","00224368","FUN_00224368",tail
"00224368","FUN_00224368","002243ec","00225530","FUN_00225530",direct
"00224368","FUN_00224368","00224400","00224368","FUN_00224368",tail
"00224368","FUN_00224368","00224408","0020cb88","FUN_0020cb88",direct
"00224368","FUN_00224368","0022441c","00224368","FUN_00224368",tail
"00224368","FUN_00224368","00224424","00224368","FUN_00224368",tail
"00224368","FUN_00224368","0022442c","001e9470","FUN_001e9470",direct
"00224368","FUN_00224368","0022444c","00204a40","FUN_00204a40",direct
"00224368","FUN_00224368","00224494","00225490","FUN_00225490",direct
"00224368","FUN_00224368","002244a0","00224368","FUN_00224368",tail
"00224368","FUN_00224368","002244b8","00224368","FUN_00224368",tail
"00224368","FUN_00224368","002244c4","001e9478","FUN_001e9478",direct
"00224368","FUN_00224368","002244e8","00224368","FUN_00224368",tail
"00224368","FUN_00224368","002244fc","0020cb10","FUN_0020cb10",direct
"00224368","FUN_00224368","00224518","00224368","FUN_00224368",tail
"00224368","FUN_00224368","00224544","00224368","FUN_00224368",tail
"00224368","FUN_00224368","0022454c","00225530","FUN_00225530",direct
"00224368","FUN_00224368","0022455c","00224368","FUN_00224368",tail
"00224368","FUN_00224368","00224564","00225490","FUN_00225490",direct
"00224368","FUN_00224368","00224570","00224368","FUN_00224368",tail
"00224368","FUN_00224368","0022459c","00224368","FUN_00224368",tail
"00224368","FUN_00224368","002245c8","00224368","FUN_00224368",tail
"00224368","FUN_00224368","002245d0","00225530","FUN_00225530",direct
"00224368","FUN_00224368","002245e8","00224368","FUN_00224368",tail
"00224368","FUN_00224368","002245f4","0020cb88","FUN_0020cb88",direct
"00224368","FUN_00224368","00224608","00224368","FUN_00224368",tail
"00224368","FUN_00224368","00224614","0020cb88","FUN_0020cb88",direct
"00224368","FUN_00224368","00224620","00224368","FUN_00224368",tail
"00224368","FUN_00224368","00224628","00225490","FUN_00225490",direct
"00224368","FUN_00224368","00224634","00224368","FUN_00224368",tail
"00224368","FUN_00224368","00224660","0020cb10","FUN_0020cb10",direct
"00224368","FUN_00224368","00224670","0020cb10","FUN_0020cb10",direct
"00224368","FUN_00224368","002246a4","00225530","FUN_00225530",direct
"00224368","FUN_00224368","002246b4","00224368","FUN_00224368",tail
"00224368","FUN_00224368","002246bc","00225490","FUN_00225490",direct
"00224368","FUN_00224368","002246c8","00224368","FUN_00224368",tail
"00224368","FUN_00224368","002246f0","00224368","FUN_00224368",tail
"00224368","FUN_00224368","0022471c","00224368","FUN_00224368",tail
"00224368","FUN_00224368","00224724","00225530","FUN_00225530",direct
"00224368","FUN_00224368","00224734","00224368","FUN_00224368",tail
"00224368","FUN_00224368","0022473c","00225490","FUN_00225490",direct
"00224368","FUN_00224368","00224748","00224368","FUN_00224368",tail
"00224368","FUN_00224368","0022476c","00224368","FUN_00224368",tail
"00224368","FUN_00224368","0022477c","00224368","FUN_00224368",tail
"00224368","FUN_00224368","0022478c","00212f90","FUN_00212f90",direct
"00224368","FUN_00224368","002247a4","00224368","FUN_00224368",tail
"00224368","FUN_00224368","002247cc","00224368","FUN_00224368",tail
"00224368","FUN_00224368","002247d4","00225530","FUN_00225530",direct
"00224368","FUN_00224368","002247dc","00224368","FUN_00224368",tail
"00224368","FUN_00224368","002247e4","00225490","FUN_00225490",direct
"00224368","FUN_00224368","002247f0","00224368","FUN_00224368",tail
"00224368","FUN_00224368","00224818","00224368","FUN_00224368",tail
"00224368","FUN_00224368","00224838","00224368","FUN_00224368",tail
"00224368","FUN_00224368","00224840","00225530","FUN_00225530",direct
"00224368","FUN_00224368","00224848","00224368","FUN_00224368",tail
"00224368","FUN_00224368","00224850","00225490","FUN_00225490",direct
"00224368","FUN_00224368","0022485c","00224368","FUN_00224368",tail
"00224368","FUN_00224368","00224884","00224368","FUN_00224368",tail
"00224368","FUN_00224368","002248a4","00224368","FUN_00224368",tail
"00224368","FUN_00224368","002248ac","00225530","FUN_00225530",direct
"00224368","FUN_00224368","002248b4","00224368","FUN_00224368",tail
"00224368","FUN_00224368","002248bc","00225490","FUN_00225490",direct
"00224368","FUN_00224368","002248c8","00224368","FUN_00224368",tail
"00224368","FUN_00224368","00224924","00224368","FUN_00224368",tail
"00224368","FUN_00224368","0022494c","00224368","FUN_00224368",tail
"00224368","FUN_00224368","00224954","00225530","FUN_00225530",direct
"00224368","FUN_00224368","0022495c","00224368","FUN_00224368",tail
"00224368","FUN_00224368","00224964","00225490","FUN_00225490",direct
"00224368","FUN_00224368","00224980","00224368","FUN_00224368",tail
"00224368","FUN_00224368","0022499c","00224368","FUN_00224368",tail
"00224368","FUN_00224368","002249d4","00224368","FUN_00224368",tail
"00224368","FUN_00224368","002249e8","00224368","FUN_00224368",tail
"00224368","FUN_00224368","002249f0","00224368","FUN_00224368",tail
"00224368","FUN_00224368","002249f8","00224368","FUN_00224368",tail
"00224368","FUN_00224368","00224a00","00226718","FUN_00226718",direct
"00224368","FUN_00224368","00224a8c","002265d8","FUN_002265d8",direct
"00224368","FUN_00224368","00224a98","00224368","FUN_00224368",tail
"00224368","FUN_00224368","00224adc","002265d8","FUN_002265d8",direct
"00224368","FUN_00224368","00224af4","00224368","FUN_00224368",tail
"00224368","FUN_00224368","00224b08","00224368","FUN_00224368",tail
"00224368","FUN_00224368","00224b24","00225e70","FUN_00225e70",direct
"00224b70","FUN_00224b70","00224ba8","00224b70","FUN_00224b70",tail
"00224b70","FUN_00224b70","00224bb8","00224b70","FUN_00224b70",tail
"00224b70","FUN_00224b70","00224bc8","00212f90","FUN_00212f90",direct
"00224b70","FUN_00224b70","00224bf0","00224b70","FUN_00224b70",tail
"00224b70","FUN_00224b70","00224c04","00224b70","FUN_00224b70",tail
"00224b70","FUN_00224b70","00224c14","00224b70","FUN_00224b70",tail
"00224b70","FUN_00224b70","00224c34","0020cca8","FUN_0020cca8",direct
"00224b70","FUN_00224b70","00224c44","0020def8","FUN_0020def8",direct
"00224b70","FUN_00224b70","00224c5c","001fa2b8","FUN_001fa2b8",direct
"00224b70","FUN_00224b70","00224c64","00224b70","FUN_00224b70",tail
"00224b70","FUN_00224b70","00224c6c","00214128","FUN_00214128",direct
"00224b70","FUN_00224b70","00224c80","0020e098","FUN_0020e098",direct
"00224b70","FUN_00224b70","00224c8c","00224b70","FUN_00224b70",tail
"00224b70","FUN_00224b70","00224c98","0020cb88","FUN_0020cb88",direct
"00224b70","FUN_00224b70","00224ca0","00224b70","FUN_00224b70",tail
"00224b70","FUN_00224b70","00224cc0","001e9480","FUN_001e9480",direct
"00224b70","FUN_00224b70","00224cdc","00224b70","FUN_00224b70",tail
"00224b70","FUN_00224b70","00224ce8","0020cb10","FUN_0020cb10",direct
"00224d28","FUN_00224d28","00224d48","0020d580","FUN_0020d580",direct
"00224d28","FUN_00224d28","00224d50","0020def8","FUN_0020def8",direct
"00224d28","FUN_00224d28","00224d60","0020cca8","FUN_0020cca8",direct
"00224d28","FUN_00224d28","00224d80","001fa2b8","FUN_001fa2b8",direct
"00224d28","FUN_00224d28","00224d88","00214128","FUN_00214128",direct
"00224d28","FUN_00224d28","00224d90","0020e098","FUN_0020e098",direct
"00224d28","FUN_00224d28","00224da0","00224d28","FUN_00224d28",tail
"00224d28","FUN_00224d28","00224dbc","001e9480","FUN_001e9480",direct
"00224d28","FUN_00224d28","00224dc4","00224d28","FUN_00224d28",tail
"00224d28","FUN_00224d28","00224de0","001e9480","FUN_001e9480",direct
"00224e18","FUN_00224e18","00224e4c","0020d580","FUN_0020d580",direct
"00224e18","FUN_00224e18","00224e54","0020def8","FUN_0020def8",direct
"00224e18","FUN_00224e18","00224e7c","0020cca8","FUN_0020cca8",direct
"00224e18","FUN_00224e18","00224ea0","001fa2b8","FUN_001fa2b8",direct
"00224e18","FUN_00224e18","00224eac","00214128","FUN_00214128",direct
"00224e18","FUN_00224e18","00224eb4","0020e098","FUN_0020e098",direct
"00224e18","FUN_00224e18","00224ec8","00224e18","FUN_00224e18",tail
"00224e18","FUN_00224e18","00224ed4","0020cb88","FUN_0020cb88",direct
"00224e18","FUN_00224e18","00224ee8","00224e18","FUN_00224e18",tail
"00224e18","FUN_00224e18","00224ef4","0020cb88","FUN_0020cb88",direct
"00224e18","FUN_00224e18","00224efc","00224e18","FUN_00224e18",tail
"00224e18","FUN_00224e18","00224f14","00224e18","FUN_00224e18",tail
"00224e18","FUN_00224e18","00224f34","001e9480","FUN_001e9480",direct
"00224e18","FUN_00224e18","00224f40","00224e18","FUN_00224e18",tail
"00224e18","FUN_00224e18","00224f54","0020cb10","FUN_0020cb10",direct
"00224e18","FUN_00224e18","00224f68","00224e18","FUN_00224e18",tail
"00224e18","FUN_00224e18","00224f78","0020cb10","FUN_0020cb10",direct
"00224fc0","FUN_00224fc0","00224fe4","00224fc0","FUN_00224fc0",tail
"00224fc0","FUN_00224fc0","00224ff4","00224fc0","FUN_00224fc0",tail
"00224fc0","FUN_00224fc0","00225004","00224fc0","FUN_00224fc0",tail
"00224fc0","FUN_00224fc0","00225018","00224fc0","FUN_00224fc0",tail
"00224fc0","FUN_00224fc0","00225028","00224fc0","FUN_00224fc0",tail
"00224fc0","FUN_00224fc0","00225038","00212f90","FUN_00212f90",direct
"00224fc0","FUN_00224fc0","00225040","00224fc0","FUN_00224fc0",tail
"00224fc0","FUN_00224fc0","0022504c","00224fc0","FUN_00224fc0",tail
"00224fc0","FUN_00224fc0","00225054","00224fc0","FUN_00224fc0",tail
"00224fc0","FUN_00224fc0","00225060","00224fc0","FUN_00224fc0",tail
"00224fc0","FUN_00224fc0","00225070","00212f90","FUN_00212f90",direct
"00224fc0","FUN_00224fc0","00225078","00224fc0","FUN_00224fc0",tail
"00224fc0","FUN_00224fc0","00225084","00224fc0","FUN_00224fc0",tail
"00224fc0","FUN_00224fc0","00225094","00212f90","FUN_00212f90",direct
"00224fc0","FUN_00224fc0","002250a4","0020cca8","FUN_0020cca8",direct
"00224fc0","FUN_00224fc0","002250c4","001fa2b8","FUN_001fa2b8",direct
"00224fc0","FUN_00224fc0","002250cc","00214128","FUN_00214128",direct
"00224fc0","FUN_00224fc0","002250d4","0020e098","FUN_0020e098",direct
"002250f0","FUN_002250f0","0022510c","0020d580","FUN_0020d580",direct
"002250f0","FUN_002250f0","00225114","0020def8","FUN_0020def8",direct
"002250f0","FUN_002250f0","00225134","0020cca8","FUN_0020cca8",direct
"002250f0","FUN_002250f0","00225154","001fa2b8","FUN_001fa2b8",direct
"002250f0","FUN_002250f0","0022515c","00214128","FUN_00214128",direct
"002250f0","FUN_002250f0","00225164","0020e098","FUN_0020e098",direct
"00225180","FUN_00225180","002251b8","0020d580","FUN_0020d580",direct
"00225180","FUN_00225180","002251c0","0020def8","FUN_0020def8",direct
"00225180","FUN_00225180","002251e0","001fa2b8","FUN_001fa2b8",direct
"00225180","FUN_00225180","002251e8","00214128","FUN_00214128",direct
"00225180","FUN_00225180","00225200","00225180","FUN_00225180",tail
"00225180","FUN_00225180","00225210","00225180","FUN_00225180",tail
"00225180","FUN_00225180","0022521c","00225180","FUN_00225180",tail
"00225180","FUN_00225180","0022522c","00225180","FUN_00225180",tail
"00225180","FUN_00225180","00225254","001fa6c0","FUN_001fa6c0",direct
"00225180","FUN_00225180","00225280","00225180","FUN_00225180",tail
"00225180","FUN_00225180","002252ac","001fa6c0","FUN_001fa6c0",direct
"00225180","FUN_00225180","002252c0","001fa6c0","FUN_001fa6c0",direct
"00225180","FUN_00225180","002252d4","00225180","FUN_00225180",tail
"00225180","FUN_00225180","002252fc","001fa6c0","FUN_001fa6c0",direct
"00225180","FUN_00225180","0022531c","001fa610","FUN_001fa610",direct
"00225180","FUN_00225180","00225328","001fa580","FUN_001fa580",direct
"00225180","FUN_00225180","00225338","001fa580","FUN_001fa580",direct
"00225180","FUN_00225180","00225364","00225180","FUN_00225180",tail
"00225180","FUN_00225180","00225398","00213f38","FUN_00213f38",direct
"00225180","FUN_00225180","002253a0","001f9dc8","FUN_001f9dc8",direct
"00225180","FUN_00225180","002253ac","001f9de0","FUN_001f9de0",direct
"00225180","FUN_00225180","002253bc","001f9de0","FUN_001f9de0",direct
"00225180","FUN_00225180","002253fc","001f9cf8","FUN_001f9cf8",direct
"00225180","FUN_00225180","0022540c","001f9a10","FUN_001f9a10",direct
"00225180","FUN_00225180","00225418","001f99f8","FUN_001f99f8",direct
"00225180","FUN_00225180","0022542c","001fa580","FUN_001fa580",direct
"00225180","FUN_00225180","00225440","001fa030","FUN_001fa030",direct
"00225180","FUN_00225180","00225450","001fa328","FUN_001fa328",direct
"00225180","FUN_00225180","00225458","0020e098","FUN_0020e098",direct
"00225490","FUN_00225490","002254b4","00225490","FUN_00225490",tail
"00225490","FUN_00225490","002254bc","0020c4f8","FUN_0020c4f8",direct
"00225490","FUN_00225490","002254c8","00225490","FUN_00225490",tail
"00225490","FUN_00225490","002254e0","0020def8","FUN_0020def8",direct
"00225490","FUN_00225490","002254fc","0020d4f0","FUN_0020d4f0",direct
"00225490","FUN_00225490","0022550c","00225490","FUN_00225490",tail
"00225530","FUN_00225530","0022553c","00225530","FUN_00225530",tail
"00225530","FUN_00225530","00225544","0020c828","FUN_0020c828",direct
"00225530","FUN_00225530","00225558","00225530","FUN_00225530",tail
"00225660","FUN_00225660","00225684","00225530","FUN_00225530",direct
"00225660","FUN_00225660","00225694","00225660","FUN_00225660",tail
"00225660","FUN_00225660","0022569c","00225cd8","FUN_00225cd8",direct
"00225660","FUN_00225660","002256bc","00225660","FUN_00225660",tail
"002256e8","FUN_002256e8","0022570c","002256e8","FUN_002256e8",tail
"002256e8","FUN_002256e8","00225714","002256e8","FUN_002256e8",tail
"002256e8","FUN_002256e8","0022571c","002256e8","FUN_002256e8",tail
"002256e8","FUN_002256e8","00225724","002256e8","FUN_002256e8",tail
"002256e8","FUN_002256e8","0022572c","002256e8","FUN_002256e8",tail
"002256e8","FUN_002256e8","00225734","002256e8","FUN_002256e8",tail
"002256e8","FUN_002256e8","00225744","002256e8","FUN_002256e8",tail
"002256e8","FUN_002256e8","00225770","00216788","FUN_00216788",direct
"002256e8","FUN_002256e8","00225778","002256e8","FUN_002256e8",tail
"002256e8","FUN_002256e8","0022578c","00225dd8","FUN_00225dd8",direct
"002256e8","FUN_002256e8","00225794","002256e8","FUN_002256e8",tail
"002256e8","FUN_002256e8","002257a0","002256e8","FUN_002256e8",tail
"002256e8","FUN_002256e8","002257b0","002256e8","FUN_002256e8",tail
"002256e8","FUN_002256e8","002257cc","0020b618","FUN_0020b618",direct
"002256e8","FUN_002256e8","00225820","002032e0","FUN_002032e0",direct
"002256e8","FUN_002256e8","0022582c","002256e8","FUN_002256e8",tail
"002256e8","FUN_002256e8","00225840","002256e8","FUN_002256e8",tail
"002256e8","FUN_002256e8","0022584c","002256e8","FUN_002256e8",tail
"002256e8","FUN_002256e8","00225864","002256e8","FUN_002256e8",tail
"002256e8","FUN_002256e8","00225878","002256e8","FUN_002256e8",tail
"002256e8","FUN_002256e8","00225890","002256e8","FUN_002256e8",computed
"002256e8","FUN_002256e8","00225890","002256e8","FUN_002256e8",computed
"002256e8","FUN_002256e8","00225890","002256e8","FUN_002256e8",computed
"002256e8","FUN_002256e8","002258b8","002256e8","FUN_002256e8",tail
"002256e8","FUN_002256e8","002258ec","001f96f8","FUN_001f96f8",direct
"002256e8","FUN_002256e8","002258f8","002256e8","FUN_002256e8",tail
"002256e8","FUN_002256e8","00225900","001f96f8","FUN_001f96f8",direct
"002256e8","FUN_002256e8","00225910","001f96f8","FUN_001f96f8",direct
"002256e8","FUN_002256e8","0022591c","002256e8","FUN_002256e8",tail
"002256e8","FUN_002256e8","00225930","002256e8","FUN_002256e8",tail
"002256e8","FUN_002256e8","0022594c","001f96f8","FUN_001f96f8",direct
"002256e8","FUN_002256e8","0022595c","002256e8","FUN_002256e8",tail
"002256e8","FUN_002256e8","00225968","002256e8","FUN_002256e8",tail
"002256e8","FUN_002256e8","00225978","002256e8","FUN_002256e8",tail
"002256e8","FUN_002256e8","00225980","00215b10","FUN_00215b10",direct
"002256e8","FUN_002256e8","00225998","002256e8","FUN_002256e8",tail
"002256e8","FUN_002256e8","002259a4","002256e8","FUN_002256e8",tail
"002256e8","FUN_002256e8","002259b8","001f96f8","FUN_001f96f8",direct
"002256e8","FUN_002256e8","002259cc","00212f90","FUN_00212f90",direct
"002256e8","FUN_002256e8","002259d4","002256e8","FUN_002256e8",tail
"002256e8","FUN_002256e8","002259ec","001f96f8","FUN_001f96f8",direct
"002256e8","FUN_002256e8","002259f8","002256e8","FUN_002256e8",tail
"002256e8","FUN_002256e8","00225a00","001f96f8","FUN_001f96f8",direct
"002256e8","FUN_002256e8","00225a10","001f96f8","FUN_001f96f8",direct
"002256e8","FUN_002256e8","00225a1c","002256e8","FUN_002256e8",tail
"002256e8","FUN_002256e8","00225a2c","002256e8","FUN_002256e8",tail
"002256e8","FUN_002256e8","00225a34","002256e8","FUN_002256e8",tail
"00225a68","FUN_00225a68","00225a84","00225a68","FUN_00225a68",tail
"00225a68","FUN_00225a68","00225a8c","0020d330","FUN_0020d330",direct
"00225a68","FUN_00225a68","00225a98","00225a68","FUN_00225a68",tail
"00225ac0","FUN_00225ac0","00225acc","00225ac0","FUN_00225ac0",tail
"00225ac0","FUN_00225ac0","00225adc","00225ac0","FUN_00225ac0",tail
"00225ac0","FUN_00225ac0","00225af8","00225ac0","FUN_00225ac0",tail
"00225ac0","FUN_00225ac0","00225b2c","00225ac0","FUN_00225ac0",tail
"00225ac0","FUN_00225ac0","00225b40","00225ac0","FUN_00225ac0",tail
"00225ac0","FUN_00225ac0","00225b74","00225ac0","FUN_00225ac0",tail
"00225ac0","FUN_00225ac0","00225b88","00225ac0","FUN_00225ac0",tail
"00225ac0","FUN_00225ac0","00225bc4","00225ac0","FUN_00225ac0",tail
"00225ac0","FUN_00225ac0","00225bd8","00225ac0","FUN_00225ac0",tail
"00225ac0","FUN_00225ac0","00225c04","00225ac0","FUN_00225ac0",tail
"00225c18","FUN_00225c18","00225c40","00225c18","FUN_00225c18",tail
"00225c18","FUN_00225c18","00225c4c","00225c18","FUN_00225c18",tail
"00225c18","FUN_00225c18","00225c5c","00225c18","FUN_00225c18",tail
"00225c18","FUN_00225c18","00225c68","00225c18","FUN_00225c18",tail
"00225c18","FUN_00225c18","00225c78","00225c18","FUN_00225c18",tail
"00225c18","FUN_00225c18","00225c88","00225d88","FUN_00225d88",direct
"00225c18","FUN_00225c18","00225c9c","001f97e8","FUN_001f97e8",direct
"00225c18","FUN_00225c18","00225ca4","00225c18","FUN_00225c18",tail
"00225c18","FUN_00225c18","00225cb8","00225c18","FUN_00225c18",tail
"00225cd8","FUN_00225cd8","00225d0c","00225cd8","FUN_00225cd8",tail
"00225cd8","FUN_00225cd8","00225d1c","00225cd8","FUN_00225cd8",tail
"00225cd8","FUN_00225cd8","00225d24","00225cd8","FUN_00225cd8",tail
"00225cd8","FUN_00225cd8","00225d34","00225cd8","FUN_00225cd8",tail
"00225cd8","FUN_00225cd8","00225d3c","002166e8","FUN_002166e8",direct
"00225cd8","FUN_00225cd8","00225d54","00225cd8","FUN_00225cd8",tail
"00225cd8","FUN_00225cd8","00225d64","00225cd8","FUN_00225cd8",tail
"00225d88","FUN_00225d88","00225da4","00225d88","FUN_00225d88",tail
"00225d88","FUN_00225d88","00225dc8","00225d88","FUN_00225d88",tail
"00225dd8","FUN_00225dd8","00225dec","00225dd8","FUN_00225dd8",tail
"00225dd8","FUN_00225dd8","00225e0c","00225dd8","FUN_00225dd8",tail
"00225e20","FUN_00225e20","00225e3c","00225e20","FUN_00225e20",tail
"00225e20","FUN_00225e20","00225e5c","00225e20","FUN_00225e20",tail
"00225e70","FUN_00225e70","00225ec4","00225e70","FUN_00225e70",tail
"00225e70","FUN_00225e70","00225ed8","00225e70","FUN_00225e70",tail
"00225e70","FUN_00225e70","00225ef0","00225e70","FUN_00225e70",tail
"00225e70","FUN_00225e70","00225ef8","00225e70","FUN_00225e70",tail
"00225e70","FUN_00225e70","00225f14","00225e70","FUN_00225e70",tail
"00225e70","FUN_00225e70","00225f24","00225e70","FUN_00225e70",tail
"00225e70","FUN_00225e70","00225f4c","0020b618","FUN_0020b618",direct
"00225e70","FUN_00225e70","00225f58","00225e20","FUN_00225e20",direct
"00225e70","FUN_00225e70","00225f9c","002032e0","FUN_002032e0",direct
"00225e70","FUN_00225e70","00225fac","00225e70","FUN_00225e70",tail
"00225e70","FUN_00225e70","00225fbc","00225e70","FUN_00225e70",tail
"00225e70","FUN_00225e70","00225fc4","00225e70","FUN_00225e70",tail
"00225e70","FUN_00225e70","00225fd0","00225e70","FUN_00225e70",tail
"00225e70","FUN_00225e70","00225ff4","00225e70","FUN_00225e70",tail
"00225e70","FUN_00225e70","00226004","00225e70","FUN_00225e70",tail
"00225e70","FUN_00225e70","00226010","00225e70","FUN_00225e70",tail
"00225e70","FUN_00225e70","0022601c","00225e70","FUN_00225e70",tail
"00225e70","FUN_00225e70","00226024","00225e70","FUN_00225e70",tail
"00225e70","FUN_00225e70","00226058","00225d88","FUN_00225d88",direct
"00225e70","FUN_00225e70","00226078","00216788","FUN_00216788",direct
"00225e70","FUN_00225e70","00226080","00225e70","FUN_00225e70",tail
"00225e70","FUN_00225e70","00226088","001f97b0","FUN_001f97b0",direct
"00225e70","FUN_00225e70","00226090","00225dd8","FUN_00225dd8",direct
"00225e70","FUN_00225e70","002260c4","00225e70","FUN_00225e70",tail
"00225e70","FUN_00225e70","002260dc","00225e70","FUN_00225e70",tail
"00225e70","FUN_00225e70","002260e8","00225e70","FUN_00225e70",tail
"00225e70","FUN_00225e70","002260f8","00225e70","FUN_00225e70",tail
"00225e70","FUN_00225e70","00226104","00225e70","FUN_00225e70",tail
"00225e70","FUN_00225e70","00226110","00225e70","FUN_00225e70",tail
"00225e70","FUN_00225e70","00226118","00226670","FUN_00226670",direct
"00225e70","FUN_00225e70","00226120","00225e70","FUN_00225e70",tail
"00225e70","FUN_00225e70","00226130","00225e70","FUN_00225e70",tail
"00225e70","FUN_00225e70","0022613c","00225e70","FUN_00225e70",tail
"00225e70","FUN_00225e70","00226144","00225e70","FUN_00225e70",tail
"00225e70","FUN_00225e70","00226150","00225e70","FUN_00225e70",tail
"00225e70","FUN_00225e70","00226158","00225e70","FUN_00225e70",tail
"00225e70","FUN_00225e70","00226168","00225e70","FUN_00225e70",tail
"00225e70","FUN_00225e70","00226174","00225e70","FUN_00225e70",tail
"00225e70","FUN_00225e70","0022617c","00225e70","FUN_00225e70",tail
"00225e70","FUN_00225e70","00226190","00225e70","FUN_00225e70",tail
"00225e70","FUN_00225e70","00226198","00226670","FUN_00226670",direct
"00225e70","FUN_00225e70","002261a4","00225e70","FUN_00225e70",tail
"00225e70","FUN_00225e70","00226228","00226670","FUN_00226670",direct
"00225e70","FUN_00225e70","00226230","002267b8","FUN_002267b8",direct
"00225e70","FUN_00225e70","0022623c","00226848","FUN_00226848",direct
"00225e70","FUN_00225e70","00226254","002130d8","FUN_002130d8",direct
"00225e70","FUN_00225e70","0022626c","00225e70","FUN_00225e70",tail
"00225e70","FUN_00225e70","00226278","00225e70","FUN_00225e70",tail
"00225e70","FUN_00225e70","00226280","00225e70","FUN_00225e70",tail
"00225e70","FUN_00225e70","002262ac","00225e70","FUN_00225e70",tail
"00225e70","FUN_00225e70","002262b8","00225e70","FUN_00225e70",tail
"00225e70","FUN_00225e70","002262cc","002130d8","FUN_002130d8",direct
"00225e70","FUN_00225e70","002262d8","00225e70","FUN_00225e70",tail
"00225e70","FUN_00225e70","002262e4","00212ed8","FUN_00212ed8",direct
"00225e70","FUN_00225e70","002262ec","00225e70","FUN_00225e70",tail
"00225e70","FUN_00225e70","002262f4","00225e70","FUN_00225e70",tail
"00225e70","FUN_00225e70","00226308","002130d8","FUN_002130d8",direct
"00225e70","FUN_00225e70","00226314","00225530","FUN_00225530",direct
"00225e70","FUN_00225e70","00226324","00225530","FUN_00225530",direct
"00225e70","FUN_00225e70","00226338","00225530","FUN_00225530",direct
"00225e70","FUN_00225e70","00226350","00225e70","FUN_00225e70",tail
"00225e70","FUN_00225e70","00226358","00225490","FUN_00225490",direct
"00225e70","FUN_00225e70","00226360","00225e70","FUN_00225e70",tail
"00225e70","FUN_00225e70","00226370","00212ed8","FUN_00212ed8",direct
"00225e70","FUN_00225e70","00226384","00212f90","FUN_00212f90",direct
"00225e70","FUN_00225e70","002263c8","00225e70","FUN_00225e70",tail
"00225e70","FUN_00225e70","002263e8","0020def8","FUN_0020def8",direct
"00225e70","FUN_00225e70","0022640c","00225e70","FUN_00225e70",tail
"00225e70","FUN_00225e70","00226414","00225490","FUN_00225490",direct
"00225e70","FUN_00225e70","00226420","00225e70","FUN_00225e70",tail
"00225e70","FUN_00225e70","00226430","00212ed8","FUN_00212ed8",direct
"00225e70","FUN_00225e70","00226448","00212f90","FUN_00212f90",direct
"00225e70","FUN_00225e70","00226490","00225e70","FUN_00225e70",tail
"00225e70","FUN_00225e70","002264b4","0020def8","FUN_0020def8",direct
"00225e70","FUN_00225e70","002264dc","00225e70","FUN_00225e70",tail
"00225e70","FUN_00225e70","002264e4","00225490","FUN_00225490",direct
"00225e70","FUN_00225e70","002264f0","00225e70","FUN_00225e70",tail
"00225e70","FUN_00225e70","00226500","00212ed8","FUN_00212ed8",direct
"00225e70","FUN_00225e70","00226518","00212f90","FUN_00212f90",direct
"00225e70","FUN_00225e70","00226560","00225e70","FUN_00225e70",tail
"00225e70","FUN_00225e70","00226584","0020def8","FUN_0020def8",direct
"002265d8","FUN_002265d8","002265e8","002265d8","FUN_002265d8",tail
"00226670","FUN_00226670","002266f8","00226670","FUN_00226670",tail
"00226718","FUN_00226718","00226728","00226718","FUN_00226718",tail
"00226718","FUN_00226718","0022673c","00226718","FUN_00226718",tail
"00226718","FUN_00226718","00226744","002166e8","FUN_002166e8",direct
"002267b8","FUN_002267b8","002267d4","002267b8","FUN_002267b8",tail
"002267b8","FUN_002267b8","00226834","002267b8","FUN_002267b8",tail
"00226848","FUN_00226848","00226890","00226848","FUN_00226848",tail
"00226848","FUN_00226848","002268cc","00226848","FUN_00226848",tail
"00226848","FUN_00226848","002268f8","00233038","FUN_00233038",direct
"00226848","FUN_00226848","00226920","00225d88","FUN_00225d88",direct
"00226848","FUN_00226848","00226940","00232f20","FUN_00232f20",direct
"00226848","FUN_00226848","0022694c","0020b618","FUN_0020b618",direct
"00226848","FUN_00226848","00226978","002032e0","FUN_002032e0",direct
"00226848","FUN_00226848","00226988","00226848","FUN_00226848",tail
"002269c0","FUN_002269c0","002269ec","00121780","FUN_00121780",direct
"002269c0","FUN_002269c0","002269fc","0012d6d8","FUN_0012d6d8",direct
"002269c0","FUN_002269c0","00226a04","00208770","FUN_00208770",direct
"002269c0","FUN_002269c0","00226a20","00207b08","FUN_00207b08",direct
"002269c0","FUN_002269c0","00226a28","0020abb0","FUN_0020abb0",direct
"002269c0","FUN_002269c0","00226a40","002269c0","FUN_002269c0",tail
"00226a70","FUN_00226a70","00226a84","00209370","FUN_00209370",direct
"00226a70","FUN_00226a70","00226a94","00121780","FUN_00121780",direct
"00226a70","FUN_00226a70","00226aa4","0012d6d8","FUN_0012d6d8",direct
"00226a70","FUN_00226a70","00226aac","0020abb0","FUN_0020abb0",direct
"00226a70","FUN_00226a70","00226ae0","00226a70","FUN_00226a70",tail
"00226b08","FUN_00226b08","00226b58","001f9838","FUN_001f9838",direct
"00226b08","FUN_00226b08","00226b74","001f9838","FUN_001f9838",direct
"00226b08","FUN_00226b08","00226b88","001f9838","FUN_001f9838",direct
"00226b08","FUN_00226b08","00226b9c","001f9838","FUN_001f9838",direct
"00226b08","FUN_00226b08","00226bb8","001f9838","FUN_001f9838",direct
"00226b08","FUN_00226b08","00226bd0","001f9838","FUN_001f9838",direct
"00226b08","FUN_00226b08","00226be4","001f9838","FUN_001f9838",direct
"00226b08","FUN_00226b08","00226c18","00209370","FUN_00209370",direct
"00226b08","FUN_00226b08","00226c28","001f9838","FUN_001f9838",direct
"00226b08","FUN_00226b08","00226c3c","00226b08","FUN_00226b08",tail
"00226b08","FUN_00226b08","00226c68","00226b08","FUN_00226b08",tail
"00226b08","FUN_00226b08","00226c7c","001f9838","FUN_001f9838",direct
"00226b08","FUN_00226b08","00226c98","001f9838","FUN_001f9838",direct
"00226b08","FUN_00226b08","00226cd4","00226b08","FUN_00226b08",tail
"00226b08","FUN_00226b08","00226cec","001f9838","FUN_001f9838",direct
"00226b08","FUN_00226b08","00226d04","001f9838","FUN_001f9838",direct
"00226b08","FUN_00226b08","00226d10","00226b08","FUN_00226b08",tail
"00226b08","FUN_00226b08","00226d34","00226b08","FUN_00226b08",tail
"00226b08","FUN_00226b08","00226d6c","00121780","FUN_00121780",direct
"00226b08","FUN_00226b08","00226d7c","0012d6d8","FUN_0012d6d8",direct
"00226b08","FUN_00226b08","00226d84","00226b08","FUN_00226b08",tail
"00226b08","FUN_00226b08","00226dac","0020abb0","FUN_0020abb0",direct
"00226b08","FUN_00226b08","00226dc0","00226b08","FUN_00226b08",tail
"00226e08","FUN_00226e08","00226e10","00226e08","FUN_00226e08",tail
"00226e08","FUN_00226e08","00226e2c","00226e08","FUN_00226e08",tail
"00226e08","FUN_00226e08","00226e38","00226e08","FUN_00226e08",tail
"00226e08","FUN_00226e08","00226e40","00226e08","FUN_00226e08",tail
"00226e58","FUN_00226e58","00226e68","00215348","FUN_00215348",direct
"00226e58","FUN_00226e58","00226e74","00215348","FUN_00215348",direct
"00226e58","FUN_00226e58","00226e80","00215300","FUN_00215300",direct
"00226e58","FUN_00226e58","00226e9c","00226e58","FUN_00226e58",tail
"00226e58","FUN_00226e58","00226eb0","00226e58","FUN_00226e58",tail
"00226e58","FUN_00226e58","00226ec4","00226e58","FUN_00226e58",tail
"00226e58","FUN_00226e58","00226ed8","00226e58","FUN_00226e58",tail
"00226f50","FUN_00226f50","00226f64","001f97e8","FUN_001f97e8",direct
"00226f50","FUN_00226f50","00226f78","001f97e8","FUN_001f97e8",direct
"00226f50","FUN_00226f50","00226f8c","001f97e8","FUN_001f97e8",direct
"00226fb8","FUN_00226fb8","00226fe0","001f9bf8","FUN_001f9bf8",direct
"00226fb8","FUN_00226fb8","00227030","00226fb8","FUN_00226fb8",tail
"00226fb8","FUN_00226fb8","00227040","00226fb8","FUN_00226fb8",tail
"00226fb8","FUN_00226fb8","00227060","00226fb8","FUN_00226fb8",tail
"00226fb8","FUN_00226fb8","00227070","00226fb8","FUN_00226fb8",tail
"00226fb8","FUN_00226fb8","00227090","00226fb8","FUN_00226fb8",tail
"00226fb8","FUN_00226fb8","002270b8","001f9ad8","FUN_001f9ad8",direct
"00226fb8","FUN_00226fb8","002270d0","001f9bf8","FUN_001f9bf8",direct
"002270e8","FUN_002270e8","002270fc","002270e8","FUN_002270e8",tail
"002270e8","FUN_002270e8","00227104","00227d80","FUN_00227d80",direct
"002270e8","FUN_002270e8","0022710c","002270e8","FUN_002270e8",tail
"002270e8","FUN_002270e8","00227114","002270e8","FUN_002270e8",tail
"002270e8","FUN_002270e8","0022711c","00227ed0","FUN_00227ed0",direct
"00227140","FUN_00227140","002271bc","00228598","FUN_00228598",direct
"002271d0","FUN_002271d0","0022720c","00233980","FUN_00233980",direct
"002271d0","FUN_002271d0","002272e0","002271d0","FUN_002271d0",tail
"002271d0","FUN_002271d0","0022733c","002271d0","FUN_002271d0",tail
"00227378","FUN_00227378","0022746c","00227378","FUN_00227378",tail
"00227378","FUN_00227378","002274cc","00227378","FUN_00227378",tail
"00227548","FUN_00227548","00227560","002271d0","FUN_002271d0",direct
"00227548","FUN_00227548","00227584","00227548","FUN_00227548",tail
"00227548","FUN_00227548","00227590","00227548","FUN_00227548",tail
"00227548","FUN_00227548","002275f4","00227548","FUN_00227548",tail
"00227548","FUN_00227548","00227614","00226fb8","FUN_00226fb8",direct
"00227548","FUN_00227548","00227630","00227548","FUN_00227548",tail
"00227548","FUN_00227548","00227640","002270e8","FUN_002270e8",direct
"00227548","FUN_00227548","00227650","00228520","FUN_00228520",direct
"00227548","FUN_00227548","00227664","00227a08","FUN_00227a08",direct
"00227548","FUN_00227548","00227674","00227140","FUN_00227140",direct
"00227548","FUN_00227548","00227684","00227140","FUN_00227140",direct
"00227548","FUN_00227548","00227694","00227548","FUN_00227548",tail
"00227548","FUN_00227548","002276a4","00227548","FUN_00227548",tail
"00227548","FUN_00227548","002276b4","00227548","FUN_00227548",tail
"00227548","FUN_00227548","002276c4","00233980","FUN_00233980",direct
"00227548","FUN_00227548","002276cc","00227548","FUN_00227548",tail
"00227548","FUN_00227548","002276dc","00233980","FUN_00233980",direct
"00227548","FUN_00227548","002276f0","00233980","FUN_00233980",direct
"00227548","FUN_00227548","002276f8","00227378","FUN_00227378",direct
"00227548","FUN_00227548","00227708","00233980","FUN_00233980",direct
"00227548","FUN_00227548","0022771c","00233980","FUN_00233980",direct
"00227740","FUN_00227740","002277a0","0020fa90","FUN_0020fa90",direct
"00227740","FUN_00227740","002277f8","00227740","FUN_00227740",tail
"00227740","FUN_00227740","00227840","00227740","FUN_00227740",tail
"00227740","FUN_00227740","00227850","00227740","FUN_00227740",tail
"00227740","FUN_00227740","002278c0","00227740","FUN_00227740",tail
"00227740","FUN_00227740","00227958","00227740","FUN_00227740",tail
"00227740","FUN_00227740","00227960","00227740","FUN_00227740",tail
"00227740","FUN_00227740","00227988","00227740","FUN_00227740",tail
"00227740","FUN_00227740","002279a8","00227740","FUN_00227740",tail
"00227740","FUN_00227740","002279c8","00227740","FUN_00227740",tail
"00227740","FUN_00227740","002279d0","00227740","FUN_00227740",tail
"00227a08","FUN_00227a08","00227ac8","00227a08","FUN_00227a08",tail
"00227a08","FUN_00227a08","00227b58","00227a08","FUN_00227a08",tail
"00227a08","FUN_00227a08","00227b60","00227a08","FUN_00227a08",tail
"00227a08","FUN_00227a08","00227c04","00227a08","FUN_00227a08",tail
"00227a08","FUN_00227a08","00227c14","00227a08","FUN_00227a08",tail
"00227a08","FUN_00227a08","00227cb0","00227a08","FUN_00227a08",tail
"00227a08","FUN_00227a08","00227cd8","00227a08","FUN_00227a08",tail
"00227a08","FUN_00227a08","00227ce0","00227a08","FUN_00227a08",tail
"00227a08","FUN_00227a08","00227ce8","00227a08","FUN_00227a08",tail
"00227a08","FUN_00227a08","00227d70","00227a08","FUN_00227a08",tail
"00227d80","FUN_00227d80","00227e9c","00227d80","FUN_00227d80",tail
"00227ed0","FUN_00227ed0","00227f50","00227ed0","FUN_00227ed0",tail
"00227ed0","FUN_00227ed0","00227f78","00227ed0","FUN_00227ed0",tail
"00227ed0","FUN_00227ed0","00227fac","001f9df8","FUN_001f9df8",direct
"00227ed0","FUN_00227ed0","00227fec","00227ed0","FUN_00227ed0",tail
"00227ed0","FUN_00227ed0","00228050","00227ed0","FUN_00227ed0",tail
"00227ed0","FUN_00227ed0","002281d8","00227ed0","FUN_00227ed0",tail
"00227ed0","FUN_00227ed0","002281e0","00227ed0","FUN_00227ed0",tail
"00227ed0","FUN_00227ed0","00228210","00227ed0","FUN_00227ed0",tail
"00227ed0","FUN_00227ed0","002283a8","00227ed0","FUN_00227ed0",tail
"00227ed0","FUN_00227ed0","002283b0","00227ed0","FUN_00227ed0",tail
"00227ed0","FUN_00227ed0","002283f8","00227ed0","FUN_00227ed0",tail
"00227ed0","FUN_00227ed0","00228400","00227ed0","FUN_00227ed0",tail
"00227ed0","FUN_00227ed0","002284ec","00227ed0","FUN_00227ed0",tail
"00228520","FUN_00228520","00228584","00228520","FUN_00228520",tail
"00228598","FUN_00228598","002285a8","00228598","FUN_00228598",tail
"00228598","FUN_00228598","002285d4","00228598","FUN_00228598",tail
"00228598","FUN_00228598","0022860c","00228598","FUN_00228598",tail
"00228598","FUN_00228598","002286b8","00228598","FUN_00228598",tail
"00228598","FUN_00228598","002286c0","00228598","FUN_00228598",tail
"00228598","FUN_00228598","002286dc","00228598","FUN_00228598",tail
"00228598","FUN_00228598","00228714","00228598","FUN_00228598",tail
"00228598","FUN_00228598","0022872c","00228598","FUN_00228598",tail
"00228598","FUN_00228598","00228734","00228598","FUN_00228598",tail
"00228598","FUN_00228598","002287d4","00228598","FUN_00228598",tail
"00228598","FUN_00228598","002287dc","00228598","FUN_00228598",tail
"00228598","FUN_00228598","002287f8","00228598","FUN_00228598",tail
"00228598","FUN_00228598","00228834","00228598","FUN_00228598",tail
"00228598","FUN_00228598","0022884c","00228598","FUN_00228598",tail
"00228598","FUN_00228598","00228854","00228598","FUN_00228598",tail
"002288f0","FUN_002288f0","0022895c","002288f0","FUN_002288f0",tail
"002288f0","FUN_002288f0","00228968","002288f0","FUN_002288f0",tail
"002288f0","FUN_002288f0","00228970","0022a330","FUN_0022a330",direct
"002288f0","FUN_002288f0","00228978","00233b68","FUN_00233b68",direct
"002288f0","FUN_002288f0","00228988","002288f0","FUN_002288f0",tail
"002288f0","FUN_002288f0","00228990","001e93b0","FUN_001e93b0",direct
"002288f0","FUN_002288f0","002289a4","002288f0","FUN_002288f0",tail
"00228a30","FUN_00228a30","00228a38","00228a30","FUN_00228a30",tail
"00228a30","FUN_00228a30","00228a64","00228a30","FUN_00228a30",tail
"00228a30","FUN_00228a30","00228a9c","00228a30","FUN_00228a30",tail
"00228a30","FUN_00228a30","00228ac0","00228a30","FUN_00228a30",tail
"00228a30","FUN_00228a30","00228adc","00228a30","FUN_00228a30",tail
"00228a30","FUN_00228a30","00228b00","00228a30","FUN_00228a30",tail
"00228a30","FUN_00228a30","00228b14","00228a30","FUN_00228a30",tail
"00228a30","FUN_00228a30","00228b24","00228a30","FUN_00228a30",tail
"00228b38","FUN_00228b38","00228b78","001f21b8","FUN_001f21b8",direct
"00228b38","FUN_00228b38","00228b88","00228b38","FUN_00228b38",tail
"00228b38","FUN_00228b38","00228b90","00118a80","FlushCache",direct
"00228b38","FUN_00228b38","00228b98","00228be8","FUN_00228be8",direct
"00228b38","FUN_00228b38","00228bac","001f9928","FUN_001f9928",direct
"00228b38","FUN_00228b38","00228bbc","001f21b8","FUN_001f21b8",direct
"00228b38","FUN_00228b38","00228bc4","002288f0","FUN_002288f0",direct
"00228b38","FUN_00228b38","00228bd0","001f21b0","FUN_001f21b0",direct
"00228be8","FUN_00228be8","00228c98","00228be8","FUN_00228be8",tail
"00228be8","FUN_00228be8","00228d0c","00228be8","FUN_00228be8",tail
"00228be8","FUN_00228be8","00228e5c","00228be8","FUN_00228be8",tail
"00228be8","FUN_00228be8","00228e9c","00228be8","FUN_00228be8",tail
"00228be8","FUN_00228be8","00228ebc","00228be8","FUN_00228be8",tail
"00228be8","FUN_00228be8","00228f14","00228be8","FUN_00228be8",tail
"00228be8","FUN_00228be8","00228f3c","00228be8","FUN_00228be8",tail
"00228be8","FUN_00228be8","00228fdc","00228be8","FUN_00228be8",tail
"00228be8","FUN_00228be8","00228fe4","00228be8","FUN_00228be8",tail
"00228be8","FUN_00228be8","00229004","00228be8","FUN_00228be8",tail
"00228be8","FUN_00228be8","0022900c","00228be8","FUN_00228be8",tail
"00228be8","FUN_00228be8","0022902c","00228be8","FUN_00228be8",tail
"00228be8","FUN_00228be8","00229034","00228be8","FUN_00228be8",tail
"00228be8","FUN_00228be8","00229044","00228be8","FUN_00228be8",tail
"00228be8","FUN_00228be8","0022905c","00228be8","FUN_00228be8",tail
"00228be8","FUN_00228be8","00229064","00228be8","FUN_00228be8",tail
"00228be8","FUN_00228be8","0022906c","00228be8","FUN_00228be8",tail
"00228be8","FUN_00228be8","00229084","00228be8","FUN_00228be8",tail
"00228be8","FUN_00228be8","002290a4","00228be8","FUN_00228be8",tail
"00228be8","FUN_00228be8","002290ac","00228be8","FUN_00228be8",tail
"00228be8","FUN_00228be8","002290bc","00228be8","FUN_00228be8",tail
"00228be8","FUN_00228be8","002290cc","00228be8","FUN_00228be8",tail
"00228be8","FUN_00228be8","002290f4","00228be8","FUN_00228be8",tail
"00228be8","FUN_00228be8","00229104","00228be8","FUN_00228be8",tail
"00228be8","FUN_00228be8","0022913c","00228be8","FUN_00228be8",tail
"00228be8","FUN_00228be8","0022914c","00228be8","FUN_00228be8",tail
"00228be8","FUN_00228be8","0022915c","00228be8","FUN_00228be8",tail
"00228be8","FUN_00228be8","00229184","00228be8","FUN_00228be8",tail
"00228be8","FUN_00228be8","0022919c","00228be8","FUN_00228be8",tail
"00228be8","FUN_00228be8","002291dc","00228be8","FUN_00228be8",tail
"00228be8","FUN_00228be8","00229244","00228be8","FUN_00228be8",tail
"00228be8","FUN_00228be8","00229270","00228be8","FUN_00228be8",tail
"00228be8","FUN_00228be8","00229298","00228be8","FUN_00228be8",tail
"00228be8","FUN_00228be8","002292b0","00228be8","FUN_00228be8",tail
"00228be8","FUN_00228be8","002292d0","00228be8","FUN_00228be8",tail
"00228be8","FUN_00228be8","002292e0","00228be8","FUN_00228be8",tail
"00228be8","FUN_00228be8","002292e8","00228be8","FUN_00228be8",tail
"00228be8","FUN_00228be8","00229338","00228be8","FUN_00228be8",tail
"00228be8","FUN_00228be8","00229378","00228be8","FUN_00228be8",tail
"00228be8","FUN_00228be8","00229420","00228be8","FUN_00228be8",tail
"00228be8","FUN_00228be8","00229468","00228be8","FUN_00228be8",computed
"00228be8","FUN_00228be8","00229470","00228be8","FUN_00228be8",tail
"00228be8","FUN_00228be8","00229478","00228be8","FUN_00228be8",tail
"00228be8","FUN_00228be8","002294e0","00228be8","FUN_00228be8",tail
"00228be8","FUN_00228be8","00229570","00228be8","FUN_00228be8",tail
"00228be8","FUN_00228be8","002295e0","00228be8","FUN_00228be8",tail
"00228be8","FUN_00228be8","00229608","00228be8","FUN_00228be8",tail
"00228be8","FUN_00228be8","00229634","00228be8","FUN_00228be8",tail
"00228be8","FUN_00228be8","0022965c","00228be8","FUN_00228be8",tail
"00228be8","FUN_00228be8","0022966c","00228be8","FUN_00228be8",tail
"00228be8","FUN_00228be8","0022967c","00228be8","FUN_00228be8",tail
"00228be8","FUN_00228be8","002296d4","00228be8","FUN_00228be8",tail
"00228be8","FUN_00228be8","00229744","00228be8","FUN_00228be8",tail
"00228be8","FUN_00228be8","00229758","00228be8","FUN_00228be8",tail
"00228be8","FUN_00228be8","002297c8","00228be8","FUN_00228be8",tail
"00228be8","FUN_00228be8","00229838","00228be8","FUN_00228be8",tail
"00228be8","FUN_00228be8","00229860","00228be8","FUN_00228be8",tail
"00228be8","FUN_00228be8","0022988c","00228be8","FUN_00228be8",tail
"00228be8","FUN_00228be8","002298b4","00228be8","FUN_00228be8",tail
"00228be8","FUN_00228be8","002298c4","00228be8","FUN_00228be8",tail
"00228be8","FUN_00228be8","002298d4","00228be8","FUN_00228be8",tail
"00228be8","FUN_00228be8","00229930","00228be8","FUN_00228be8",tail
"00228be8","FUN_00228be8","00229a00","00228be8","FUN_00228be8",tail
"00228be8","FUN_00228be8","00229a30","00228be8","FUN_00228be8",tail
"00228be8","FUN_00228be8","00229a44","00228be8","FUN_00228be8",tail
"00228be8","FUN_00228be8","00229a64","00228be8","FUN_00228be8",tail
"00228be8","FUN_00228be8","00229a84","00228be8","FUN_00228be8",tail
"00228be8","FUN_00228be8","00229a94","00228be8","FUN_00228be8",tail
"00228be8","FUN_00228be8","00229c24","00228be8","FUN_00228be8",tail
"00228be8","FUN_00228be8","00229c34","00228be8","FUN_00228be8",tail
"00228be8","FUN_00228be8","00229c60","00228be8","FUN_00228be8",tail
"00228be8","FUN_00228be8","00229c88","00228be8","FUN_00228be8",tail
"00228be8","FUN_00228be8","00229c98","00228be8","FUN_00228be8",tail
"00228be8","FUN_00228be8","00229ce0","00228be8","FUN_00228be8",tail
"00228be8","FUN_00228be8","00229d1c","00228be8","FUN_00228be8",tail
"00228be8","FUN_00228be8","00229d24","00228be8","FUN_00228be8",tail
"00228be8","FUN_00228be8","00229d84","00228be8","FUN_00228be8",tail
"00228be8","FUN_00228be8","00229e84","00228be8","FUN_00228be8",tail
"00228be8","FUN_00228be8","00229e98","00228be8","FUN_00228be8",tail
"00228be8","FUN_00228be8","00229f00","00228be8","FUN_00228be8",tail
"00228be8","FUN_00228be8","00229f60","00228be8","FUN_00228be8",tail
"00228be8","FUN_00228be8","00229fd0","00228be8","FUN_00228be8",tail
"00228be8","FUN_00228be8","00229ffc","00228be8","FUN_00228be8",tail
"00228be8","FUN_00228be8","0022a024","00228be8","FUN_00228be8",tail
"00228be8","FUN_00228be8","0022a094","00228be8","FUN_00228be8",tail
"00228be8","FUN_00228be8","0022a104","00228be8","FUN_00228be8",tail
"00228be8","FUN_00228be8","0022a12c","00228be8","FUN_00228be8",tail
"00228be8","FUN_00228be8","0022a158","00228be8","FUN_00228be8",tail
"00228be8","FUN_00228be8","0022a180","00228be8","FUN_00228be8",tail
"00228be8","FUN_00228be8","0022a190","00228be8","FUN_00228be8",tail
"00228be8","FUN_00228be8","0022a1a0","00228be8","FUN_00228be8",tail
"00228be8","FUN_00228be8","0022a1ec","00228be8","FUN_00228be8",tail
"00228be8","FUN_00228be8","0022a1f4","00228be8","FUN_00228be8",tail
"00228be8","FUN_00228be8","0022a224","00228be8","FUN_00228be8",tail
"00228be8","FUN_00228be8","0022a240","00228be8","FUN_00228be8",tail
"00228be8","FUN_00228be8","0022a248","00228be8","FUN_00228be8",tail
"00228be8","FUN_00228be8","0022a270","00228be8","FUN_00228be8",tail
"00228be8","FUN_00228be8","0022a284","00228be8","FUN_00228be8",tail
"00228be8","FUN_00228be8","0022a2ac","00228be8","FUN_00228be8",tail
"0022a330","FUN_0022a330","0022a38c","0022a330","FUN_0022a330",tail
"0022a330","FUN_0022a330","0022a394","0022a330","FUN_0022a330",tail
"0022a330","FUN_0022a330","0022a3ac","0022a330","FUN_0022a330",tail
"0022a330","FUN_0022a330","0022a3c4","0022a330","FUN_0022a330",tail
"0022a330","FUN_0022a330","0022a3cc","0022a330","FUN_0022a330",tail
"0022a330","FUN_0022a330","0022a3f4","0022a330","FUN_0022a330",tail
"0022a330","FUN_0022a330","0022a404","0022a330","FUN_0022a330",tail
"0022a330","FUN_0022a330","0022a44c","0022a330","FUN_0022a330",tail
"0022a330","FUN_0022a330","0022a464","0022a330","FUN_0022a330",tail
"0022a330","FUN_0022a330","0022a47c","0022a330","FUN_0022a330",tail
"0022a330","FUN_0022a330","0022a4ac","0022a330","FUN_0022a330",tail
"0022a330","FUN_0022a330","0022a514","0022a330","FUN_0022a330",tail
"0022a330","FUN_0022a330","0022a54c","0022a330","FUN_0022a330",tail
"0022a330","FUN_0022a330","0022a5bc","0022a330","FUN_0022a330",tail
"0022a5e0","FUN_0022a5e0","0022a648","0022a5e0","FUN_0022a5e0",tail
"0022a5e0","FUN_0022a5e0","0022a660","0022a5e0","FUN_0022a5e0",tail
"0022a5e0","FUN_0022a5e0","0022a718","0022a5e0","FUN_0022a5e0",tail
"0022a5e0","FUN_0022a5e0","0022a778","0022a5e0","FUN_0022a5e0",tail
"0022a5e0","FUN_0022a5e0","0022a7cc","0022a5e0","FUN_0022a5e0",tail
"0022a5e0","FUN_0022a5e0","0022a7f8","0022a5e0","FUN_0022a5e0",tail
"0022a5e0","FUN_0022a5e0","0022a800","0022a5e0","FUN_0022a5e0",tail
"0022a5e0","FUN_0022a5e0","0022a8d0","0022a5e0","FUN_0022a5e0",tail
"0022a5e0","FUN_0022a5e0","0022aa58","0022a5e0","FUN_0022a5e0",tail
"0022a5e0","FUN_0022a5e0","0022ab08","0022a5e0","FUN_0022a5e0",tail
"0022a5e0","FUN_0022a5e0","0022ab68","0022a5e0","FUN_0022a5e0",tail
"0022a5e0","FUN_0022a5e0","0022ab70","0022a5e0","FUN_0022a5e0",tail
"0022ae70","FUN_0022ae70","0022aeb8","001f9fc8","FUN_001f9fc8",direct
"0022ae70","FUN_0022ae70","0022aec0","0022b690","FUN_0022b690",direct
"0022ae70","FUN_0022ae70","0022aec8","0022b690","FUN_0022b690",direct
"0022ae70","FUN_0022ae70","0022aedc","0022ae70","FUN_0022ae70",tail
"0022ae70","FUN_0022ae70","0022aeec","001160c8","FUN_001160c8",direct
"0022ae70","FUN_0022ae70","0022af00","0022ae70","FUN_0022ae70",tail
"0022ae70","FUN_0022ae70","0022af30","0022ae70","FUN_0022ae70",tail
"0022ae70","FUN_0022ae70","0022af3c","001160d8","FUN_001160d8",direct
"0022ae70","FUN_0022ae70","0022af48","001160d8","FUN_001160d8",direct
"0022ae70","FUN_0022ae70","0022af6c","0022ae70","FUN_0022ae70",tail
"0022ae70","FUN_0022ae70","0022af78","00213260","FUN_00213260",direct
"0022ae70","FUN_0022ae70","0022af88","00213308","FUN_00213308",direct
"0022ae70","FUN_0022ae70","0022af94","00213260","FUN_00213260",direct
"0022ae70","FUN_0022ae70","0022af9c","001fa6c0","FUN_001fa6c0",direct
"0022ae70","FUN_0022ae70","0022afb4","00213308","FUN_00213308",direct
"0022ae70","FUN_0022ae70","0022afd0","001fa580","FUN_001fa580",direct
"0022ae70","FUN_0022ae70","0022afd8","00213308","FUN_00213308",direct
"0022ae70","FUN_0022ae70","0022b000","001f9dc8","FUN_001f9dc8",direct
"0022ae70","FUN_0022ae70","0022b00c","001f9de0","FUN_001f9de0",direct
"0022ae70","FUN_0022ae70","0022b020","001f9de0","FUN_001f9de0",direct
"0022ae70","FUN_0022ae70","0022b02c","001f9de0","FUN_001f9de0",direct
"0022ae70","FUN_0022ae70","0022b040","001f9dc8","FUN_001f9dc8",direct
"0022ae70","FUN_0022ae70","0022b050","00213260","FUN_00213260",direct
"0022ae70","FUN_0022ae70","0022b05c","00213260","FUN_00213260",direct
"0022ae70","FUN_0022ae70","0022b064","001160d8","FUN_001160d8",direct
"0022ae70","FUN_0022ae70","0022b074","0022ae70","FUN_0022ae70",tail
"0022ae70","FUN_0022ae70","0022b080","0022ae70","FUN_0022ae70",tail
"0022ae70","FUN_0022ae70","0022b0b0","0022ae70","FUN_0022ae70",tail
"0022ae70","FUN_0022ae70","0022b0c4","0022ae70","FUN_0022ae70",tail
"0022ae70","FUN_0022ae70","0022b0f4","0022ae70","FUN_0022ae70",tail
"0022ae70","FUN_0022ae70","0022b11c","001fa6c0","FUN_001fa6c0",direct
"0022ae70","FUN_0022ae70","0022b130","001fa6c0","FUN_001fa6c0",direct
"0022ae70","FUN_0022ae70","0022b13c","001f9dc8","FUN_001f9dc8",direct
"0022ae70","FUN_0022ae70","0022b148","001f9de0","FUN_001f9de0",direct
"0022ae70","FUN_0022ae70","0022b15c","001f9de0","FUN_001f9de0",direct
"0022ae70","FUN_0022ae70","0022b168","001f9de0","FUN_001f9de0",direct
"0022ae70","FUN_0022ae70","0022b17c","001f9dc8","FUN_001f9dc8",direct
"0022ae70","FUN_0022ae70","0022b184","001f99c0","FUN_001f99c0",direct
"0022ae70","FUN_0022ae70","0022b19c","0022ae70","FUN_0022ae70",tail
"0022ae70","FUN_0022ae70","0022b1a4","0022ae70","FUN_0022ae70",tail
"0022ae70","FUN_0022ae70","0022b1b4","0022ae70","FUN_0022ae70",tail
"0022ae70","FUN_0022ae70","0022b1bc","001160d8","FUN_001160d8",direct
"0022ae70","FUN_0022ae70","0022b214","0022ae70","FUN_0022ae70",tail
"0022ae70","FUN_0022ae70","0022b21c","0022bba0","FUN_0022bba0",direct
"0022ae70","FUN_0022ae70","0022b230","00233980","FUN_00233980",direct
"0022ae70","FUN_0022ae70","0022b238","0022b690","FUN_0022b690",direct
"0022ae70","FUN_0022ae70","0022b240","0022b690","FUN_0022b690",direct
"0022b288","FUN_0022b288","0022b2a0","0022b4c8","FUN_0022b4c8",direct
"0022b288","FUN_0022b288","0022b2bc","001f9fc8","FUN_001f9fc8",direct
"0022b288","FUN_0022b288","0022b2c4","001f99f8","FUN_001f99f8",direct
"0022b288","FUN_0022b288","0022b2d8","0022b288","FUN_0022b288",tail
"0022b288","FUN_0022b288","0022b2ec","0022b288","FUN_0022b288",tail
"0022b288","FUN_0022b288","0022b304","0022b288","FUN_0022b288",computed
"0022b288","FUN_0022b288","0022b304","0022b288","FUN_0022b288",computed
"0022b288","FUN_0022b288","0022b304","0022b288","FUN_0022b288",computed
"0022b288","FUN_0022b288","0022b304","0022b288","FUN_0022b288",computed
"0022b288","FUN_0022b288","0022b304","0022b288","FUN_0022b288",computed
"0022b288","FUN_0022b288","0022b304","0022b288","FUN_0022b288",computed
"0022b288","FUN_0022b288","0022b328","001fa580","FUN_001fa580",direct
"0022b288","FUN_0022b288","0022b330","0022b288","FUN_0022b288",tail
"0022b288","FUN_0022b288","0022b354","001fa580","FUN_001fa580",direct
"0022b288","FUN_0022b288","0022b364","0022b288","FUN_0022b288",tail
"0022b288","FUN_0022b288","0022b384","001fa580","FUN_001fa580",direct
"0022b288","FUN_0022b288","0022b394","0022b288","FUN_0022b288",tail
"0022b288","FUN_0022b288","0022b3b8","001fa580","FUN_001fa580",direct
"0022b288","FUN_0022b288","0022b3c8","0022b288","FUN_0022b288",tail
"0022b288","FUN_0022b288","0022b3ec","001fa580","FUN_001fa580",direct
"0022b288","FUN_0022b288","0022b408","001fa070","FUN_001fa070",direct
"0022b288","FUN_0022b288","0022b418","001f9a80","FUN_001f9a80",direct
"0022b288","FUN_0022b288","0022b428","001f9a80","FUN_001f9a80",direct
"0022b288","FUN_0022b288","0022b438","001f9a80","FUN_001f9a80",direct
"0022b288","FUN_0022b288","0022b454","0022b690","FUN_0022b690",direct
"0022b288","FUN_0022b288","0022b470","0022b288","FUN_0022b288",tail
"0022b288","FUN_0022b288","0022b478","0022b558","FUN_0022b558",direct
"0022b288","FUN_0022b288","0022b488","00233980","FUN_00233980",direct
"0022b288","FUN_0022b288","0022b4a4","00233980","FUN_00233980",direct
"0022b4c8","FUN_0022b4c8","0022b4f0","001f21b8","FUN_001f21b8",direct
"0022b4c8","FUN_0022b4c8","0022b518","0022b4c8","FUN_0022b4c8",tail
"0022b4c8","FUN_0022b4c8","0022b540","0022b4c8","FUN_0022b4c8",tail
"0022b558","FUN_0022b558","0022b5c4","0022b558","FUN_0022b558",tail
"0022b558","FUN_0022b558","0022b5cc","0020b4a8","FUN_0020b4a8",direct
"0022b558","FUN_0022b558","0022b5d4","00233b68","FUN_00233b68",direct
"0022b690","FUN_0022b690","0022b6a8","0022b690","FUN_0022b690",tail
"0022b690","FUN_0022b690","0022b6bc","0022b690","FUN_0022b690",tail
"0022b690","FUN_0022b690","0022b6c4","0022b928","FUN_0022b928",direct
"0022b690","FUN_0022b690","0022b6cc","0022b690","FUN_0022b690",tail
"0022b690","FUN_0022b690","0022b6d4","0022b6e8","FUN_0022b6e8",direct
"0022b6e8","FUN_0022b6e8","0022b738","0022b6e8","FUN_0022b6e8",tail
"0022b6e8","FUN_0022b6e8","0022b744","0022c4c8","FUN_0022c4c8",direct
"0022b6e8","FUN_0022b6e8","0022b7b8","0022b6e8","FUN_0022b6e8",tail
"0022b6e8","FUN_0022b6e8","0022b7dc","0020b3c0","FUN_0020b3c0",direct
"0022b6e8","FUN_0022b6e8","0022b7e8","0022b6e8","FUN_0022b6e8",tail
"0022b6e8","FUN_0022b6e8","0022b804","0022b6e8","FUN_0022b6e8",tail
"0022b6e8","FUN_0022b6e8","0022b80c","0020b3e0","FUN_0020b3e0",direct
"0022b6e8","FUN_0022b6e8","0022b82c","0022b6e8","FUN_0022b6e8",tail
"0022b6e8","FUN_0022b6e8","0022b83c","0022b6e8","FUN_0022b6e8",tail
"0022b6e8","FUN_0022b6e8","0022b864","0020b3c0","FUN_0020b3c0",direct
"0022b6e8","FUN_0022b6e8","0022b870","0022b6e8","FUN_0022b6e8",tail
"0022b6e8","FUN_0022b6e8","0022b8b4","0022bf94","FUN_0022bf94",direct
"0022b6e8","FUN_0022b6e8","0022b8bc","0022b6e8","FUN_0022b6e8",tail
"0022b6e8","FUN_0022b6e8","0022b8d4","0022c208","FUN_0022c208",direct
"0022b6e8","FUN_0022b6e8","0022b8e8","0022b6e8","FUN_0022b6e8",tail
"0022b928","FUN_0022b928","0022b978","0022b928","FUN_0022b928",tail
"0022b928","FUN_0022b928","0022b984","0022c4c8","FUN_0022c4c8",direct
"0022b928","FUN_0022b928","0022b9f8","0022b928","FUN_0022b928",tail
"0022b928","FUN_0022b928","0022ba1c","0020b3c0","FUN_0020b3c0",direct
"0022b928","FUN_0022b928","0022ba28","0022b928","FUN_0022b928",tail
"0022b928","FUN_0022b928","0022ba44","0022b928","FUN_0022b928",tail
"0022b928","FUN_0022b928","0022ba4c","0020b3e0","FUN_0020b3e0",direct
"0022b928","FUN_0022b928","0022ba6c","0022b928","FUN_0022b928",tail
"0022b928","FUN_0022b928","0022ba7c","0022b928","FUN_0022b928",tail
"0022b928","FUN_0022b928","0022baa4","0020b3c0","FUN_0020b3c0",direct
"0022b928","FUN_0022b928","0022bab0","0022b928","FUN_0022b928",tail
"0022b928","FUN_0022b928","0022baf4","0022bf94","FUN_0022bf94",direct
"0022b928","FUN_0022b928","0022bafc","0022b928","FUN_0022b928",tail
"0022b928","FUN_0022b928","0022bb14","0022c0e0","FUN_0022c0e0",direct
"0022b928","FUN_0022b928","0022bb28","0022b928","FUN_0022b928",tail
"0022b928","FUN_0022b928","0022bb38","00233980","FUN_00233980",direct
"0022b928","FUN_0022b928","0022bb60","00233980","FUN_00233980",direct
"0022bba0","FUN_0022bba0","0022bbc8","0022bba0","FUN_0022bba0",tail
"0022bba0","FUN_0022bba0","0022bcc0","0022bba0","FUN_0022bba0",tail
"0022bba0","FUN_0022bba0","0022bcf0","0022bba0","FUN_0022bba0",tail
"0022bba0","FUN_0022bba0","0022bd80","0022bba0","FUN_0022bba0",tail
"0022bba0","FUN_0022bba0","0022bd88","0022bba0","FUN_0022bba0",tail
"0022bba0","FUN_0022bba0","0022bda8","0022bba0","FUN_0022bba0",tail
"0022bba0","FUN_0022bba0","0022be00","0022bec4","FUN_0022bec4",direct
"0022bba0","FUN_0022bba0","0022be1c","0022bba0","FUN_0022bba0",tail
"0022bba0","FUN_0022bba0","0022be5c","0022bba0","FUN_0022bba0",tail
"0022bba0","FUN_0022bba0","0022be64","0022bba0","FUN_0022bba0",tail
"0022bba0","FUN_0022bba0","0022be6c","0022bba0","FUN_0022bba0",tail
"0022bba0","FUN_0022bba0","0022be74","0022bba0","FUN_0022bba0",tail
"0022bf94","FUN_0022bf94","0022c0d0","0022bf94","FUN_0022bf94",tail
"0022c0e0","FUN_0022c0e0","0022c140","0022c0e0","FUN_0022c0e0",tail
"0022c0e0","FUN_0022c0e0","0022c1a0","0022c0e0","FUN_0022c0e0",tail
"0022c0e0","FUN_0022c0e0","0022c1a8","0022c0e0","FUN_0022c0e0",tail
"0022c0e0","FUN_0022c0e0","0022c1b8","0022c0e0","FUN_0022c0e0",tail
"0022c208","FUN_0022c208","0022c26c","0022c208","FUN_0022c208",tail
"0022c208","FUN_0022c208","0022c274","0022c208","FUN_0022c208",tail
"0022c208","FUN_0022c208","0022c27c","0022c208","FUN_0022c208",tail
"0022c208","FUN_0022c208","0022c334","0022c208","FUN_0022c208",tail
"0022c208","FUN_0022c208","0022c33c","0022c208","FUN_0022c208",tail
"0022c208","FUN_0022c208","0022c34c","0022c208","FUN_0022c208",tail
"0022c208","FUN_0022c208","0022c3b4","0022c208","FUN_0022c208",tail
"0022c208","FUN_0022c208","0022c3ec","0022c208","FUN_0022c208",tail
"0022c208","FUN_0022c208","0022c4bc","0022c208","FUN_0022c208",tail
"0022c4c8","FUN_0022c4c8","0022c578","0022c4c8","FUN_0022c4c8",tail
"0022c4c8","FUN_0022c4c8","0022c580","0022c4c8","FUN_0022c4c8",tail
"0022c4c8","FUN_0022c4c8","0022c588","0022c4c8","FUN_0022c4c8",tail
"0022c4c8","FUN_0022c4c8","0022c598","0022c4c8","FUN_0022c4c8",tail
"0022c5a8","FUN_0022c5a8","0022c5c8","00213358","FUN_00213358",direct
"0022c5a8","FUN_0022c5a8","0022c5e0","001f9a10","FUN_001f9a10",direct
"0022c5a8","FUN_0022c5a8","0022c5fc","001efa68","FUN_001efa68",direct
"0022c5a8","FUN_0022c5a8","0022c604","0022c5a8","FUN_0022c5a8",tail
"0022c5a8","FUN_0022c5a8","0022c614","001f9a28","FUN_001f9a28",direct
"0022c5a8","FUN_0022c5a8","0022c628","001f9a68","FUN_001f9a68",direct
"0022c5a8","FUN_0022c5a8","0022c638","001f9a10","FUN_001f9a10",direct
"0022c658","FUN_0022c658","0022c684","001f9a28","FUN_001f9a28",direct
"0022c658","FUN_0022c658","0022c698","001f9a68","FUN_001f9a68",direct
"0022c658","FUN_0022c658","0022c6ac","001f9c90","FUN_001f9c90",direct
"0022c658","FUN_0022c658","0022c6bc","001f9a10","FUN_001f9a10",direct
"0022c658","FUN_0022c658","0022c6d4","001efa68","FUN_001efa68",direct
"0022c6f8","FUN_0022c6f8","0022c724","0022c6f8","FUN_0022c6f8",tail
"0022c6f8","FUN_0022c6f8","0022c734","0022c6f8","FUN_0022c6f8",tail
"0022c6f8","FUN_0022c6f8","0022c744","0022c6f8","FUN_0022c6f8",tail
"0022c6f8","FUN_0022c6f8","0022c754","001fa6c0","FUN_001fa6c0",direct
"0022c6f8","FUN_0022c6f8","0022c768","0022c6f8","FUN_0022c6f8",tail
"0022c6f8","FUN_0022c6f8","0022c778","0022c6f8","FUN_0022c6f8",tail
"0022c6f8","FUN_0022c6f8","0022c780","0022c6f8","FUN_0022c6f8",tail
"0022c6f8","FUN_0022c6f8","0022c790","0022c6f8","FUN_0022c6f8",tail
"0022c6f8","FUN_0022c6f8","0022c798","0022c6f8","FUN_0022c6f8",tail
"0022c6f8","FUN_0022c6f8","0022c7a4","001fa6c0","FUN_001fa6c0",direct
"0022c6f8","FUN_0022c6f8","0022c7b8","001fa6d0","FUN_001fa6d0",direct
"0022c7e8","FUN_0022c7e8","0022c800","001f9b48","FUN_001f9b48",direct
"0022c7e8","FUN_0022c7e8","0022c814","0022c6f8","FUN_0022c6f8",direct
"0022c830","FUN_0022c830","0022c84c","001f9a28","FUN_001f9a28",direct
"0022c830","FUN_0022c830","0022c85c","001f9d20","FUN_001f9d20",direct
"0022c830","FUN_0022c830","0022c864","001f9b20","FUN_001f9b20",direct
"0022c830","FUN_0022c830","0022c87c","001f99e8","FUN_001f99e8",direct
"0022c830","FUN_0022c830","0022c88c","001f9e90","FUN_001f9e90",direct
"0022c830","FUN_0022c830","0022c8b4","001fa6d0","FUN_001fa6d0",direct
"0022c8d0","FUN_0022c8d0","0022c8fc","0022c8d0","FUN_0022c8d0",tail
"0022c8d0","FUN_0022c8d0","0022c934","0022c8d0","FUN_0022c8d0",tail
"0022c8d0","FUN_0022c8d0","0022c93c","0012da28","FUN_0012da28",direct
"0022c8d0","FUN_0022c8d0","0022c94c","0012e240","FUN_0012e240",direct
"0022c8d0","FUN_0022c8d0","0022c958","0012e280","FUN_0012e280",direct
"0022c8d0","FUN_0022c8d0","0022c964","0012efa8","FUN_0012efa8",direct
"0022c8d0","FUN_0022c8d0","0022c974","0012e2b8","FUN_0012e2b8",direct
"0022c8d0","FUN_0022c8d0","0022c984","0012e2b8","FUN_0012e2b8",direct
"0022c8d0","FUN_0022c8d0","0022c994","0012e2b8","FUN_0012e2b8",direct
"0022c8d0","FUN_0022c8d0","0022c9a8","0022c8d0","FUN_0022c8d0",tail
"0022c8d0","FUN_0022c8d0","0022c9ec","00215390","FUN_00215390",direct
"0022c8d0","FUN_0022c8d0","0022c9f8","0012e208","FUN_0012e208",direct
"0022c8d0","FUN_0022c8d0","0022ca04","0012e208","FUN_0012e208",direct
"0022c8d0","FUN_0022c8d0","0022ca10","0012e208","FUN_0012e208",direct
"0022c8d0","FUN_0022c8d0","0022ca1c","0012e208","FUN_0012e208",direct
"0022c8d0","FUN_0022c8d0","0022ca28","0012e208","FUN_0012e208",direct
"0022c8d0","FUN_0022c8d0","0022ca34","0012e208","FUN_0012e208",direct
"0022ca50","FUN_0022ca50","0022ca90","0022ca50","FUN_0022ca50",tail
"0022ca50","FUN_0022ca50","0022caa0","0012dc80","FUN_0012dc80",direct
"0022ca50","FUN_0022ca50","0022cab8","0022ca50","FUN_0022ca50",tail
"0022ca50","FUN_0022ca50","0022cacc","0012ef68","FUN_0012ef68",direct
"0022ca50","FUN_0022ca50","0022cad4","0022ca50","FUN_0022ca50",tail
"0022ca50","FUN_0022ca50","0022cae0","0022ca50","FUN_0022ca50",tail
"0022ca50","FUN_0022ca50","0022caf8","0012ef68","FUN_0012ef68",direct
"0022ca50","FUN_0022ca50","0022cb00","0022ca50","FUN_0022ca50",tail
"0022ca50","FUN_0022ca50","0022cb08","0022ca50","FUN_0022ca50",tail
"0022ca50","FUN_0022ca50","0022cb18","0012efe0","FUN_0012efe0",direct
"0022ca50","FUN_0022ca50","0022cb30","0022ca50","FUN_0022ca50",tail
"0022ca50","FUN_0022ca50","0022cb3c","0022ca50","FUN_0022ca50",tail
"0022ca50","FUN_0022ca50","0022cb4c","0022ca50","FUN_0022ca50",tail
"0022ca50","FUN_0022ca50","0022cb54","0022c5a8","FUN_0022c5a8",direct
"0022ca50","FUN_0022ca50","0022cbf4","0022ca50","FUN_0022ca50",tail
"0022ca50","FUN_0022ca50","0022cc24","001f9a28","FUN_001f9a28",direct
"0022ca50","FUN_0022ca50","0022cc2c","001f9af0","FUN_001f9af0",direct
"0022ca50","FUN_0022ca50","0022cc48","0022ca50","FUN_0022ca50",tail
"0022ca50","FUN_0022ca50","0022cc58","001f9a10","FUN_001f9a10",direct
"0022ca50","FUN_0022ca50","0022cc84","0022ca50","FUN_0022ca50",tail
"0022ca50","FUN_0022ca50","0022cc90","0022ca50","FUN_0022ca50",tail
"0022ca50","FUN_0022ca50","0022cc98","001fa6c0","FUN_001fa6c0",direct
"0022ca50","FUN_0022ca50","0022ccb0","001f9a68","FUN_001f9a68",direct
"0022ca50","FUN_0022ca50","0022ccc4","0022ca50","FUN_0022ca50",tail
"0022ca50","FUN_0022ca50","0022ccd0","0012e208","FUN_0012e208",direct
"0022ca50","FUN_0022ca50","0022ccf0","0012e208","FUN_0012e208",direct
"0022ca50","FUN_0022ca50","0022cd08","0012e208","FUN_0012e208",direct
"0022ca50","FUN_0022ca50","0022cd10","0022ca50","FUN_0022ca50",tail
"0022ca50","FUN_0022ca50","0022cd20","0022ca50","FUN_0022ca50",tail
"0022ca50","FUN_0022ca50","0022cd34","0022ca50","FUN_0022ca50",tail
"0022ca50","FUN_0022ca50","0022cd48","0012e208","FUN_0012e208",direct
"0022ca50","FUN_0022ca50","0022cd54","0012e208","FUN_0012e208",direct
"0022ca50","FUN_0022ca50","0022cd60","0012e208","FUN_0012e208",direct
"0022ca50","FUN_0022ca50","0022cd84","0012e208","FUN_0012e208",direct
"0022ca50","FUN_0022ca50","0022cda8","0012e208","FUN_0012e208",direct
"0022ca50","FUN_0022ca50","0022cdb4","0012e208","FUN_0012e208",direct
"0022ca50","FUN_0022ca50","0022cdc4","001f97e8","FUN_001f97e8",direct
"0022ca50","FUN_0022ca50","0022cdd4","001f97e8","FUN_001f97e8",direct
"0022ca50","FUN_0022ca50","0022cde4","001f97e8","FUN_001f97e8",direct
"0022ca50","FUN_0022ca50","0022cdf8","0022ca50","FUN_0022ca50",tail
"0022ca50","FUN_0022ca50","0022ce04","0022ca50","FUN_0022ca50",tail
"0022ca50","FUN_0022ca50","0022ce14","0022ca50","FUN_0022ca50",tail
"0022ca50","FUN_0022ca50","0022ce20","0022ca50","FUN_0022ca50",tail
"0022ca50","FUN_0022ca50","0022ce30","0022ca50","FUN_0022ca50",tail
"0022ca50","FUN_0022ca50","0022ce38","0022ca50","FUN_0022ca50",tail
"0022ca50","FUN_0022ca50","0022ce44","0022ca50","FUN_0022ca50",tail
"0022ca50","FUN_0022ca50","0022ce54","0022ca50","FUN_0022ca50",tail
"0022ca50","FUN_0022ca50","0022ce5c","0022ca50","FUN_0022ca50",tail
"0022ca50","FUN_0022ca50","0022ce64","0022ca50","FUN_0022ca50",tail
"0022ca50","FUN_0022ca50","0022ce74","0022ca50","FUN_0022ca50",tail
"0022ca50","FUN_0022ca50","0022ce80","0022ca50","FUN_0022ca50",tail
"0022ca50","FUN_0022ca50","0022ce88","0022ca50","FUN_0022ca50",tail
"0022ca50","FUN_0022ca50","0022ce90","0022ca50","FUN_0022ca50",tail
"0022ca50","FUN_0022ca50","0022ce98","0022ca50","FUN_0022ca50",tail
"0022ca50","FUN_0022ca50","0022cea4","0022ca50","FUN_0022ca50",tail
"0022ca50","FUN_0022ca50","0022cebc","0022ca50","FUN_0022ca50",tail
"0022ca50","FUN_0022ca50","0022cecc","0022ca50","FUN_0022ca50",tail
"0022ca50","FUN_0022ca50","0022ced8","0022ca50","FUN_0022ca50",tail
"0022ca50","FUN_0022ca50","0022cee8","001f9cf8","FUN_001f9cf8",direct
"0022ca50","FUN_0022ca50","0022cef8","001f9a10","FUN_001f9a10",direct
"0022ca50","FUN_0022ca50","0022cf08","001f9a28","FUN_001f9a28",direct
"0022ca50","FUN_0022ca50","0022cf1c","0022ca50","FUN_0022ca50",tail
"0022ca50","FUN_0022ca50","0022cf44","001f9a28","FUN_001f9a28",direct
"0022ca50","FUN_0022ca50","0022cf6c","0022ca50","FUN_0022ca50",tail
"0022ca50","FUN_0022ca50","0022cf88","001f9a28","FUN_001f9a28",direct
"0022ca50","FUN_0022ca50","0022cf9c","001f9a28","FUN_001f9a28",direct
"0022ca50","FUN_0022ca50","0022cfb0","001f9bf8","FUN_001f9bf8",direct
"0022ca50","FUN_0022ca50","0022cfbc","001f9ab0","FUN_001f9ab0",direct
"0022ca50","FUN_0022ca50","0022cfec","0022ca50","FUN_0022ca50",tail
"0022ca50","FUN_0022ca50","0022d004","0022c7e8","FUN_0022c7e8",direct
"0022ca50","FUN_0022ca50","0022d03c","0022ca50","FUN_0022ca50",tail
"0022ca50","FUN_0022ca50","0022d04c","0022ca50","FUN_0022ca50",tail
"0022ca50","FUN_0022ca50","0022d068","0022ca50","FUN_0022ca50",tail
"0022ca50","FUN_0022ca50","0022d07c","0022ca50","FUN_0022ca50",tail
"0022ca50","FUN_0022ca50","0022d090","0022ca50","FUN_0022ca50",tail
"0022ca50","FUN_0022ca50","0022d0b8","0022ca50","FUN_0022ca50",tail
"0022ca50","FUN_0022ca50","0022d0d0","0022ca50","FUN_0022ca50",tail
"0022ca50","FUN_0022ca50","0022d0e0","0022ca50","FUN_0022ca50",tail
"0022ca50","FUN_0022ca50","0022d0e8","0022ca50","FUN_0022ca50",tail
"0022ca50","FUN_0022ca50","0022d0fc","0022ca50","FUN_0022ca50",tail
"0022ca50","FUN_0022ca50","0022d114","0022ca50","FUN_0022ca50",tail
"0022ca50","FUN_0022ca50","0022d150","0022ca50","FUN_0022ca50",tail
"0022ca50","FUN_0022ca50","0022d184","0022ca50","FUN_0022ca50",tail
"0022ca50","FUN_0022ca50","0022d1a0","0022ca50","FUN_0022ca50",tail
"0022ca50","FUN_0022ca50","0022d1a8","0022ca50","FUN_0022ca50",tail
"0022ca50","FUN_0022ca50","0022d1b0","0022ca50","FUN_0022ca50",tail
"0022ca50","FUN_0022ca50","0022d1c0","0022ca50","FUN_0022ca50",tail
"0022ca50","FUN_0022ca50","0022d1d4","0022ca50","FUN_0022ca50",tail
"0022ca50","FUN_0022ca50","0022d1ec","0022c5a8","FUN_0022c5a8",direct
"0022ca50","FUN_0022ca50","0022d1fc","0022ca50","FUN_0022ca50",tail
"0022ca50","FUN_0022ca50","0022d254","0022c658","FUN_0022c658",direct
"0022ca50","FUN_0022ca50","0022d2a4","0022ca50","FUN_0022ca50",tail
"0022ca50","FUN_0022ca50","0022d2c4","0022ca50","FUN_0022ca50",tail
"0022ca50","FUN_0022ca50","0022d2d0","0022ca50","FUN_0022ca50",tail
"0022ca50","FUN_0022ca50","0022d2d8","0022ca50","FUN_0022ca50",tail
"0022ca50","FUN_0022ca50","0022d2f0","0022ca50","FUN_0022ca50",tail
"0022ca50","FUN_0022ca50","0022d2f8","0022ca50","FUN_0022ca50",tail
"0022ca50","FUN_0022ca50","0022d300","0022ca50","FUN_0022ca50",tail
"0022ca50","FUN_0022ca50","0022d310","0022ca50","FUN_0022ca50",tail
"0022ca50","FUN_0022ca50","0022d320","0022ca50","FUN_0022ca50",tail
"0022ca50","FUN_0022ca50","0022d350","0022ca50","FUN_0022ca50",tail
"0022ca50","FUN_0022ca50","0022d364","0022ca50","FUN_0022ca50",tail
"0022ca50","FUN_0022ca50","0022d374","0022c658","FUN_0022c658",direct
"0022ca50","FUN_0022ca50","0022d394","0022ca50","FUN_0022ca50",tail
"0022ca50","FUN_0022ca50","0022d3a8","0022ca50","FUN_0022ca50",tail
"0022ca50","FUN_0022ca50","0022d3dc","001f9d98","FUN_001f9d98",direct
"0022ca50","FUN_0022ca50","0022d3ec","0022ca50","FUN_0022ca50",tail
"0022ca50","FUN_0022ca50","0022d3f4","0022ca50","FUN_0022ca50",tail
"0022ca50","FUN_0022ca50","0022d3fc","0022ca50","FUN_0022ca50",tail
"0022ca50","FUN_0022ca50","0022d418","0022ca50","FUN_0022ca50",tail
"0022ca50","FUN_0022ca50","0022d460","0022ca50","FUN_0022ca50",tail
"0022ca50","FUN_0022ca50","0022d474","001fa2d8","FUN_001fa2d8",direct
"0022ca50","FUN_0022ca50","0022d49c","0022ca50","FUN_0022ca50",tail
"0022ca50","FUN_0022ca50","0022d4bc","0022ca50","FUN_0022ca50",tail
"0022ca50","FUN_0022ca50","0022d4cc","0022ca50","FUN_0022ca50",tail
"0022ca50","FUN_0022ca50","0022d4dc","0022ca50","FUN_0022ca50",tail
"0022ca50","FUN_0022ca50","0022d4e4","0012e368","FUN_0012e368",direct
"0022ca50","FUN_0022ca50","0022d508","0012e448","FUN_0012e448",direct
"0022ca50","FUN_0022ca50","0022d510","0022ca50","FUN_0022ca50",tail
"0022ca50","FUN_0022ca50","0022d51c","0022ca50","FUN_0022ca50",tail
"0022ca50","FUN_0022ca50","0022d534","0012e448","FUN_0012e448",direct
"0022ca50","FUN_0022ca50","0022d53c","0022ca50","FUN_0022ca50",tail
"0022ca50","FUN_0022ca50","0022d55c","0022ca50","FUN_0022ca50",tail
"0022ca50","FUN_0022ca50","0022d578","0022c830","FUN_0022c830",direct
"0022ca50","FUN_0022ca50","0022d590","0022ca50","FUN_0022ca50",tail
"0022ca50","FUN_0022ca50","0022d5a8","001fa6d0","FUN_001fa6d0",direct
"0022ca50","FUN_0022ca50","0022d5b0","0012f1a0","FUN_0012f1a0",direct
"0022ca50","FUN_0022ca50","0022d5c0","0022ca50","FUN_0022ca50",tail
"0022ca50","FUN_0022ca50","0022d5d4","0022ca50","FUN_0022ca50",tail
"0022ca50","FUN_0022ca50","0022d5f8","0022ca50","FUN_0022ca50",tail
"0022ca50","FUN_0022ca50","0022d61c","0012e4c0","FUN_0012e4c0",direct
"0022ca50","FUN_0022ca50","0022d624","0022ca50","FUN_0022ca50",tail
"0022ca50","FUN_0022ca50","0022d660","0012e308","FUN_0012e308",direct
"0022ca50","FUN_0022ca50","0022d694","0022ca50","FUN_0022ca50",tail
"0022ca50","FUN_0022ca50","0022d69c","00216290","FUN_00216290",direct
"0022ca50","FUN_0022ca50","0022d6a4","0012eb00","FUN_0012eb00",direct
"0022ca50","FUN_0022ca50","0022d6ac","0012dc80","FUN_0012dc80",direct
"0022ca50","FUN_0022ca50","0022d6b4","0012eaf0","FUN_0012eaf0",direct
"0022d708","FUN_0022d708","0022d72c","0022d708","FUN_0022d708",tail
"0022d708","FUN_0022d708","0022d73c","00120c30","FUN_00120c30",direct
"0022d708","FUN_0022d708","0022d748","0012df20","FUN_0012df20",direct
"0022d708","FUN_0022d708","0022d754","0012ed30","FUN_0012ed30",direct
"0022d708","FUN_0022d708","0022d75c","0012ee08","FUN_0012ee08",direct
"0022d708","FUN_0022d708","0022d764","0012e1a8","FUN_0012e1a8",direct
"0022d798","FUN_0022d798","0022d798","0022d798","FUN_0022d798",tail
"0022d798","FUN_0022d798","0022d7b8","0022d798","FUN_0022d798",tail
"0022d798","FUN_0022d798","0022d7d0","0022d798","FUN_0022d798",tail
"0022d798","FUN_0022d798","0022d7d8","0022d798","FUN_0022d798",tail
"0022d7f0","FUN_0022d7f0","0022d820","0022d7f0","FUN_0022d7f0",tail
"0022d7f0","FUN_0022d7f0","0022d82c","0022d7f0","FUN_0022d7f0",tail
"0022d7f0","FUN_0022d7f0","0022d834","0022d7f0","FUN_0022d7f0",tail
"0022d7f0","FUN_0022d7f0","0022d83c","0022d7f0","FUN_0022d7f0",tail
"0022d7f0","FUN_0022d7f0","0022d848","0022d7f0","FUN_0022d7f0",tail
"0022d7f0","FUN_0022d7f0","0022d858","0022d7f0","FUN_0022d7f0",tail
"0022d7f0","FUN_0022d7f0","0022d864","0022d7f0","FUN_0022d7f0",tail
"0022d7f0","FUN_0022d7f0","0022d870","0022d7f0","FUN_0022d7f0",tail
"0022d7f0","FUN_0022d7f0","0022d87c","0022d7f0","FUN_0022d7f0",tail
"0022d7f0","FUN_0022d7f0","0022d894","0022d7f0","FUN_0022d7f0",tail
"0022d7f0","FUN_0022d7f0","0022d8ac","0022d7f0","FUN_0022d7f0",tail
"0022d7f0","FUN_0022d7f0","0022d8bc","0022d7f0","FUN_0022d7f0",tail
"0022d7f0","FUN_0022d7f0","0022d8c8","0022d7f0","FUN_0022d7f0",tail
"0022d7f0","FUN_0022d7f0","0022d908","0022d7f0","FUN_0022d7f0",tail
"0022d7f0","FUN_0022d7f0","0022d910","0022d7f0","FUN_0022d7f0",tail
"0022d7f0","FUN_0022d7f0","0022d918","0022d7f0","FUN_0022d7f0",tail
"0022d7f0","FUN_0022d7f0","0022d958","0022d7f0","FUN_0022d7f0",tail
"0022d7f0","FUN_0022d7f0","0022d978","0022d7f0","FUN_0022d7f0",tail
"0022d7f0","FUN_0022d7f0","0022d990","001f99f8","FUN_001f99f8",direct
"0022d7f0","FUN_0022d7f0","0022d99c","0022d7f0","FUN_0022d7f0",tail
"0022d7f0","FUN_0022d7f0","0022d9bc","0022c7e8","FUN_0022c7e8",direct
"0022d7f0","FUN_0022d7f0","0022d9c4","0022d7f0","FUN_0022d7f0",tail
"0022d7f0","FUN_0022d7f0","0022d9d0","0022d7f0","FUN_0022d7f0",tail
"0022d7f0","FUN_0022d7f0","0022da00","0022d7f0","FUN_0022d7f0",tail
"0022d7f0","FUN_0022d7f0","0022da08","00213260","FUN_00213260",direct
"0022d7f0","FUN_0022d7f0","0022da34","0022d7f0","FUN_0022d7f0",tail
"0022da68","FUN_0022da68","0022da80","0022da68","FUN_0022da68",tail
"0022da68","FUN_0022da68","0022da8c","0022da68","FUN_0022da68",tail
"0022da68","FUN_0022da68","0022da98","0022da68","FUN_0022da68",tail
"0022da68","FUN_0022da68","0022daa0","0022da68","FUN_0022da68",tail
"0022da68","FUN_0022da68","0022dab4","0022da68","FUN_0022da68",tail
"0022da68","FUN_0022da68","0022dac8","0022d7f0","FUN_0022d7f0",direct
"0022da68","FUN_0022da68","0022dad4","0022da68","FUN_0022da68",tail
"0022db10","FUN_0022db10","0022db30","0022db10","FUN_0022db10",tail
"0022db10","FUN_0022db10","0022db38","0022db10","FUN_0022db10",tail
"0022db10","FUN_0022db10","0022db58","0022d7f0","FUN_0022d7f0",direct
"0022db10","FUN_0022db10","0022db64","0022db10","FUN_0022db10",tail
"0022dba0","FUN_0022dba0","0022dbc8","0022dba0","FUN_0022dba0",tail
"0022dba0","FUN_0022dba0","0022dbd0","0022dba0","FUN_0022dba0",tail
"0022dba0","FUN_0022dba0","0022dbf0","0022d7f0","FUN_0022d7f0",direct
"0022dba0","FUN_0022dba0","0022dbfc","0022dba0","FUN_0022dba0",tail
"0022dc50","FUN_0022dc50","0022dc70","0022dc50","FUN_0022dc50",tail
"0022dc50","FUN_0022dc50","0022dc8c","0022dc50","FUN_0022dc50",tail
"0022dc50","FUN_0022dc50","0022dca8","0022dc50","FUN_0022dc50",tail
"0022dcd0","FUN_0022dcd0","0022dcd8","0012eb00","FUN_0012eb00",direct
"0022dcd0","FUN_0022dcd0","0022dce0","0012dc80","FUN_0012dc80",direct
"0022dcd0","FUN_0022dcd0","0022dce8","0012e3b8","FUN_0012e3b8",direct
"0022dcd0","FUN_0022dcd0","0022dcf0","0012dc80","FUN_0012dc80",direct
"0022dcd0","FUN_0022dcd0","0022dd04","0022dcd0","FUN_0022dcd0",tail
"0022dcd0","FUN_0022dcd0","0022dd2c","0022dcd0","FUN_0022dcd0",tail
"0022dcd0","FUN_0022dcd0","0022dd64","0022dcd0","FUN_0022dcd0",tail
"0022de10","FUN_0022de10","0022de50","001f2d98","FUN_001f2d98",direct
"0022de10","FUN_0022de10","0022de68","00125218","FUN_00125218",direct
"0022de10","FUN_0022de10","0022de78","00125360","FUN_00125360",direct
"0022de10","FUN_0022de10","0022de88","00125408","FUN_00125408",direct
"0022de10","FUN_0022de10","0022de98","001252b8","FUN_001252b8",direct
"0022de10","FUN_0022de10","0022df08","0022de10","FUN_0022de10",tail
"0022de10","FUN_0022de10","0022df18","001f9ad8","FUN_001f9ad8",direct
"0022df40","FUN_0022df40","0022df88","001f9a80","FUN_001f9a80",direct
"0022df40","FUN_0022df40","0022df9c","001fa820","FUN_001fa820",direct
"0022df40","FUN_0022df40","0022dfa4","0022df40","FUN_0022df40",tail
"0022df40","FUN_0022df40","0022dfb0","0022df40","FUN_0022df40",tail
"0022df40","FUN_0022df40","0022dfc4","0022df40","FUN_0022df40",tail
"0022df40","FUN_0022df40","0022dfd0","001f96f8","FUN_001f96f8",direct
"0022df40","FUN_0022df40","0022dfdc","0022df40","FUN_0022df40",tail
"0022df40","FUN_0022df40","0022dfe4","001f96f8","FUN_001f96f8",direct
"0022df40","FUN_0022df40","0022e000","0022df40","FUN_0022df40",tail
"0022df40","FUN_0022df40","0022e014","001f44b8","FUN_001f44b8",direct
"0022df40","FUN_0022df40","0022e054","001f98d0","FUN_001f98d0",direct
"0022df40","FUN_0022df40","0022e068","001f9a68","FUN_001f9a68",direct
"0022df40","FUN_0022df40","0022e080","0022df40","FUN_0022df40",tail
"0022df40","FUN_0022df40","0022e094","00213508","FUN_00213508",direct
"0022df40","FUN_0022df40","0022e0fc","001f9cf8","FUN_001f9cf8",direct
"0022df40","FUN_0022df40","0022e110","001f9a10","FUN_001f9a10",direct
"0022df40","FUN_0022df40","0022e11c","0022df40","FUN_0022df40",tail
"0022df40","FUN_0022df40","0022e12c","001f7d30","FUN_001f7d30",direct
"0022e420","FUN_0022e420","0022e464","0022e420","FUN_0022e420",tail
"0022e420","FUN_0022e420","0022e478","0022e420","FUN_0022e420",tail
"0022e420","FUN_0022e420","0022e480","0022e420","FUN_0022e420",tail
"0022e420","FUN_0022e420","0022e48c","001f44b8","FUN_001f44b8",direct
"0022e420","FUN_0022e420","0022e4ec","0022e420","FUN_0022e420",tail
"0022e420","FUN_0022e420","0022e500","0022e420","FUN_0022e420",tail
"0022e420","FUN_0022e420","0022e5e0","001f9a28","FUN_001f9a28",direct
"0022e420","FUN_0022e420","0022e5fc","001f9a28","FUN_001f9a28",direct
"0022e420","FUN_0022e420","0022e60c","001f9a28","FUN_001f9a28",direct
"0022e420","FUN_0022e420","0022e61c","001f9a28","FUN_001f9a28",direct
"0022e420","FUN_0022e420","0022e630","001f9a28","FUN_001f9a28",direct
"0022e420","FUN_0022e420","0022e644","001f9a28","FUN_001f9a28",direct
"0022e420","FUN_0022e420","0022e64c","0022e420","FUN_0022e420",tail
"0022e420","FUN_0022e420","0022e674","001f9ad8","FUN_001f9ad8",direct
"0022e420","FUN_0022e420","0022e68c","001f9ad8","FUN_001f9ad8",direct
"0022e420","FUN_0022e420","0022e6a0","001f9ad8","FUN_001f9ad8",direct
"0022e420","FUN_0022e420","0022e6b4","001f9ad8","FUN_001f9ad8",direct
"0022e420","FUN_0022e420","0022e6d4","001fa6c0","FUN_001fa6c0",direct
"0022e420","FUN_0022e420","0022e710","001fa6e0","FUN_001fa6e0",direct
"0022e420","FUN_0022e420","0022e750","001f9bf8","FUN_001f9bf8",direct
"0022e420","FUN_0022e420","0022e77c","001f9a10","FUN_001f9a10",direct
"0022e420","FUN_0022e420","0022e788","0022e420","FUN_0022e420",tail
"0022e420","FUN_0022e420","0022e7a8","001f7d30","FUN_001f7d30",direct
"0022e420","FUN_0022e420","0022e7d4","001fa6c0","FUN_001fa6c0",direct
"0022e420","FUN_0022e420","0022e808","001f9bf8","FUN_001f9bf8",direct
"0022e420","FUN_0022e420","0022e834","001f9a10","FUN_001f9a10",direct
"0022e420","FUN_0022e420","0022e840","0022e420","FUN_0022e420",tail
"0022e420","FUN_0022e420","0022e854","001f7d30","FUN_001f7d30",direct
"0022e420","FUN_0022e420","0022e860","0022e420","FUN_0022e420",tail
"0022e420","FUN_0022e420","0022e880","0022e420","FUN_0022e420",tail
"0022e8c8","FUN_0022e8c8","0022e8f0","00233980","FUN_00233980",direct
"0022e8c8","FUN_0022e8c8","0022e93c","001f98d0","FUN_001f98d0",direct
"0022e8c8","FUN_0022e8c8","0022e950","0022e8c8","FUN_0022e8c8",tail
"0022e8c8","FUN_0022e8c8","0022e994","001f9a68","FUN_001f9a68",direct
"0022e8c8","FUN_0022e8c8","0022e9ac","001f9a10","FUN_001f9a10",direct
"0022e8c8","FUN_0022e8c8","0022e9b8","0022e8c8","FUN_0022e8c8",tail
"0022e8c8","FUN_0022e8c8","0022e9c8","001f7d30","FUN_001f7d30",direct
"0022e8c8","FUN_0022e8c8","0022e9d8","00233980","FUN_00233980",direct
"0022ea08","FUN_0022ea08","0022ea20","00233980","FUN_00233980",direct
"0022ea08","FUN_0022ea08","0022ea34","00233980","FUN_00233980",direct
"0022ea08","FUN_0022ea08","0022ea80","001f5450","FUN_001f5450",direct
"0022ea08","FUN_0022ea08","0022ea90","00233980","FUN_00233980",direct
"0022eaa8","FUN_0022eaa8","0022ead4","001e9430","FUN_001e9430",direct
"0022eaa8","FUN_0022eaa8","0022eb1c","0022eaa8","FUN_0022eaa8",tail
"0022eaa8","FUN_0022eaa8","0022eb30","0022eaa8","FUN_0022eaa8",tail
"0022eaa8","FUN_0022eaa8","0022eb40","0022eaa8","FUN_0022eaa8",tail
"0022eaa8","FUN_0022eaa8","0022eb48","0022eaa8","FUN_0022eaa8",tail
"0022eaa8","FUN_0022eaa8","0022eb54","0022eaa8","FUN_0022eaa8",tail
"0022eaa8","FUN_0022eaa8","0022eb5c","0012eaf0","FUN_0012eaf0",direct
"0022eaa8","FUN_0022eaa8","0022eb94","0012e308","FUN_0012e308",direct
"0022eaa8","FUN_0022eaa8","0022eb9c","0012eb00","FUN_0012eb00",direct
"0022eaa8","FUN_0022eaa8","0022eba4","0012dc80","FUN_0012dc80",direct
"0022eaa8","FUN_0022eaa8","0022ebbc","0022eaa8","FUN_0022eaa8",tail
"0022eaa8","FUN_0022eaa8","0022ebc8","0022eaa8","FUN_0022eaa8",tail
"0022eaa8","FUN_0022eaa8","0022ebdc","0022eaa8","FUN_0022eaa8",tail
"0022eaa8","FUN_0022eaa8","0022ec04","0020c828","FUN_0020c828",direct
"0022eaa8","FUN_0022eaa8","0022ec18","0022eaa8","FUN_0022eaa8",tail
"0022eaa8","FUN_0022eaa8","0022ec28","0022eaa8","FUN_0022eaa8",tail
"0022eaa8","FUN_0022eaa8","0022ec30","0022eaa8","FUN_0022eaa8",tail
"0022eaa8","FUN_0022eaa8","0022ec40","0022eaa8","FUN_0022eaa8",tail
"0022eaa8","FUN_0022eaa8","0022ec4c","0022eaa8","FUN_0022eaa8",tail
"0022eaa8","FUN_0022eaa8","0022ec64","0022eaa8","FUN_0022eaa8",tail
"0022eaa8","FUN_0022eaa8","0022ec6c","0022eaa8","FUN_0022eaa8",tail
"0022eaa8","FUN_0022eaa8","0022ec74","001160d8","FUN_001160d8",direct
"0022eaa8","FUN_0022eaa8","0022ec88","0022eaa8","FUN_0022eaa8",tail
"0022eaa8","FUN_0022eaa8","0022ecdc","001f97e8","FUN_001f97e8",direct
"0022eaa8","FUN_0022eaa8","0022ed44","0022eaa8","FUN_0022eaa8",tail
"0022eaa8","FUN_0022eaa8","0022ed78","0022eaa8","FUN_0022eaa8",tail
"0022eaa8","FUN_0022eaa8","0022ed84","0022eaa8","FUN_0022eaa8",tail
"0022eaa8","FUN_0022eaa8","0022ed8c","002049f0","FUN_002049f0",direct
"0022eaa8","FUN_0022eaa8","0022ed94","0022eaa8","FUN_0022eaa8",tail
"0022eaa8","FUN_0022eaa8","0022eda4","0022eaa8","FUN_0022eaa8",tail
"0022eaa8","FUN_0022eaa8","0022edb4","0022eaa8","FUN_0022eaa8",tail
"0022eaa8","FUN_0022eaa8","0022edcc","0022eaa8","FUN_0022eaa8",tail
"0022eaa8","FUN_0022eaa8","0022eddc","002049f0","FUN_002049f0",direct
"0022eaa8","FUN_0022eaa8","0022ede4","0022de10","FUN_0022de10",direct
"0022eaa8","FUN_0022eaa8","0022ee10","0022eaa8","FUN_0022eaa8",tail
"0022eaa8","FUN_0022eaa8","0022ee18","001f2d98","FUN_001f2d98",direct
"0022eaa8","FUN_0022eaa8","0022ee30","0022eaa8","FUN_0022eaa8",tail
"0022eaa8","FUN_0022eaa8","0022ee6c","001f9a68","FUN_001f9a68",direct
"0022eaa8","FUN_0022eaa8","0022ee7c","001f9a10","FUN_001f9a10",direct
"0022eaa8","FUN_0022eaa8","0022ee98","001f96f8","FUN_001f96f8",direct
"0022eaa8","FUN_0022eaa8","0022eecc","001f9a68","FUN_001f9a68",direct
"0022eaa8","FUN_0022eaa8","0022eef0","0022eaa8","FUN_0022eaa8",tail
"0022eaa8","FUN_0022eaa8","0022ef94","001fa6c0","FUN_001fa6c0",direct
"0022eaa8","FUN_0022eaa8","0022efe0","001f9a68","FUN_001f9a68",direct
"0022eaa8","FUN_0022eaa8","0022eff4","001f9a68","FUN_001f9a68",direct
"0022eaa8","FUN_0022eaa8","0022f004","001f9a10","FUN_001f9a10",direct
"0022eaa8","FUN_0022eaa8","0022f024","0020c880","FUN_0020c880",direct
"0022eaa8","FUN_0022eaa8","0022f038","001f98d0","FUN_001f98d0",direct
"0022eaa8","FUN_0022eaa8","0022f04c","001f98d0","FUN_001f98d0",direct
"0022eaa8","FUN_0022eaa8","0022f068","0020def8","FUN_0020def8",direct
"0022eaa8","FUN_0022eaa8","0022f094","0020cca8","FUN_0020cca8",direct
"0022eaa8","FUN_0022eaa8","0022f0a4","0020cca8","FUN_0020cca8",direct
"0022eaa8","FUN_0022eaa8","0022f0c0","0022eaa8","FUN_0022eaa8",tail
"0022eaa8","FUN_0022eaa8","0022f108","0022eaa8","FUN_0022eaa8",tail
"0022eaa8","FUN_0022eaa8","0022f118","0022eaa8","FUN_0022eaa8",tail
"0022eaa8","FUN_0022eaa8","0022f120","0022eaa8","FUN_0022eaa8",tail
"0022eaa8","FUN_0022eaa8","0022f134","0022eaa8","FUN_0022eaa8",tail
"0022eaa8","FUN_0022eaa8","0022f15c","0022eaa8","FUN_0022eaa8",tail
"0022eaa8","FUN_0022eaa8","0022f1dc","0022eaa8","FUN_0022eaa8",tail
"0022eaa8","FUN_0022eaa8","0022f1e4","0022eaa8","FUN_0022eaa8",tail
"0022eaa8","FUN_0022eaa8","0022f21c","0022eaa8","FUN_0022eaa8",tail
"0022eaa8","FUN_0022eaa8","0022f22c","0022eaa8","FUN_0022eaa8",tail
"0022eaa8","FUN_0022eaa8","0022f240","0022eaa8","FUN_0022eaa8",tail
"0022eaa8","FUN_0022eaa8","0022f248","001e9428","FUN_001e9428",direct
"0022f288","FUN_0022f288","0022f29c","001fb368","FUN_001fb368",direct
"0022f288","FUN_0022f288","0022f2a4","001f2260","FUN_001f2260",direct
"0022f288","FUN_0022f288","0022f2ac","0020cc60","FUN_0020cc60",direct
"0022f288","FUN_0022f288","0022f2b4","001f3868","FUN_001f3868",direct
"0022f288","FUN_0022f288","0022f2e0","0022f288","FUN_0022f288",tail
"0022f288","FUN_0022f288","0022f2ec","001f2d98","FUN_001f2d98",direct
"0022f288","FUN_0022f288","0022f2f4","001f2260","FUN_001f2260",direct
"0022f288","FUN_0022f288","0022f2fc","0022b288","FUN_0022b288",direct
"0022f288","FUN_0022f288","0022f304","001f2d98","FUN_001f2d98",direct
"0022f288","FUN_0022f288","0022f30c","001f2260","FUN_001f2260",direct
"0022f288","FUN_0022f288","0022f328","0022f288","FUN_0022f288",tail
"0022f288","FUN_0022f288","0022f330","001f4280","FUN_001f4280",direct
"0022f288","FUN_0022f288","0022f338","0022e8c8","FUN_0022e8c8",direct
"0022f288","FUN_0022f288","0022f340","001f4398","FUN_001f4398",direct
"0022f288","FUN_0022f288","0022f348","0020d460","FUN_0020d460",direct
"0022f288","FUN_0022f288","0022f350","00233f78","FUN_00233f78",direct
"0022f288","FUN_0022f288","0022f358","001f4280","FUN_001f4280",direct
"0022f288","FUN_0022f288","0022f368","0022f288","FUN_0022f288",tail
"0022f288","FUN_0022f288","0022f370","0022f288","FUN_0022f288",tail
"0022f288","FUN_0022f288","0022f380","0022f288","FUN_0022f288",tail
"0022f288","FUN_0022f288","0022f388","0022e420","FUN_0022e420",direct
"0022f288","FUN_0022f288","0022f39c","0022f288","FUN_0022f288",tail
"0022f288","FUN_0022f288","0022f3b0","0022f288","FUN_0022f288",tail
"0022f288","FUN_0022f288","0022f3c8","0022ea08","FUN_0022ea08",direct
"0022f288","FUN_0022f288","0022f3d8","0022f288","FUN_0022f288",tail
"0022f288","FUN_0022f288","0022f3e0","0022f288","FUN_0022f288",tail
"0022f288","FUN_0022f288","0022f3f0","0022f288","FUN_0022f288",tail
"0022f288","FUN_0022f288","0022f3f8","002327a0","FUN_002327a0",direct
"0022f288","FUN_0022f288","0022f410","0022f288","FUN_0022f288",tail
"0022f288","FUN_0022f288","0022f41c","0022f288","FUN_0022f288",tail
"0022f288","FUN_0022f288","0022f42c","00233980","FUN_00233980",direct
"0022f288","FUN_0022f288","0022f43c","001f44b8","FUN_001f44b8",direct
"0022f288","FUN_0022f288","0022f480","001f5450","FUN_001f5450",direct
"0022f288","FUN_0022f288","0022f4a0","0022f288","FUN_0022f288",tail
"0022f288","FUN_0022f288","0022f4e4","001f44b8","FUN_001f44b8",direct
"0022f288","FUN_0022f288","0022f50c","00200600","FUN_00200600",direct
"0022f288","FUN_0022f288","0022f514","001f4398","FUN_001f4398",direct
"0022f288","FUN_0022f288","0022f534","0022f288","FUN_0022f288",tail
"0022f288","FUN_0022f288","0022f550","0022f288","FUN_0022f288",tail
"0022f288","FUN_0022f288","0022f568","001fa6d0","FUN_001fa6d0",direct
"0022f288","FUN_0022f288","0022f57c","001f5210","FUN_001f5210",direct
"0022f288","FUN_0022f288","0022f584","002337b0","FUN_002337b0",direct
"0022f288","FUN_0022f288","0022f58c","0020cef8","FUN_0020cef8",direct
"0022f5b0","FUN_0022f5b0","0022f608","002132a8","FUN_002132a8",direct
"0022f5b0","FUN_0022f5b0","0022f61c","002132a8","FUN_002132a8",direct
"0022f5b0","FUN_0022f5b0","0022f644","002132a8","FUN_002132a8",direct
"0022f5b0","FUN_0022f5b0","0022f6b8","001f9cf8","FUN_001f9cf8",direct
"0022f5b0","FUN_0022f5b0","0022f6c8","001f9a10","FUN_001f9a10",direct
"0022f5b0","FUN_0022f5b0","0022f6d0","001f96f8","FUN_001f96f8",direct
"0022f5b0","FUN_0022f5b0","0022f6dc","001f96f8","FUN_001f96f8",direct
"0022f5b0","FUN_0022f5b0","0022f6e8","001f96f8","FUN_001f96f8",direct
"0022f5b0","FUN_0022f5b0","0022f6f4","001f96f8","FUN_001f96f8",direct
"0022f5b0","FUN_0022f5b0","0022f6fc","00213260","FUN_00213260",direct
"0022f5b0","FUN_0022f5b0","0022f730","00218888","FUN_00218888",direct
"0022f5b0","FUN_0022f5b0","0022f73c","0022f5b0","FUN_0022f5b0",tail
"0022f778","FUN_0022f778","0022f7c8","0022f778","FUN_0022f778",tail
"0022f778","FUN_0022f778","0022f7e4","0022f778","FUN_0022f778",computed
"0022f778","FUN_0022f778","0022f7e4","0022f778","FUN_0022f778",computed
"0022f778","FUN_0022f778","0022f7e4","0022f778","FUN_0022f778",computed
"0022f778","FUN_0022f778","0022f7e4","0022f778","FUN_0022f778",computed
"0022f778","FUN_0022f778","0022f7ec","001e9430","FUN_001e9430",direct
"0022f778","FUN_0022f778","0022f7f8","00212e28","FUN_00212e28",direct
"0022f778","FUN_0022f778","0022f800","0022dc50","FUN_0022dc50",direct
"0022f778","FUN_0022f778","0022f808","001e9420","FUN_001e9420",direct
"0022f778","FUN_0022f778","0022f810","00217b88","FUN_00217b88",direct
"0022f778","FUN_0022f778","0022f850","0022f778","FUN_0022f778",tail
"0022f778","FUN_0022f778","0022f884","0022f778","FUN_0022f778",tail
"0022f778","FUN_0022f778","0022f88c","001f96f8","FUN_001f96f8",direct
"0022f778","FUN_0022f778","0022f89c","0022f778","FUN_0022f778",tail
"0022f778","FUN_0022f778","0022f8ac","0022f778","FUN_0022f778",tail
"0022f778","FUN_0022f778","0022f8b8","0022f778","FUN_0022f778",tail
"0022f778","FUN_0022f778","0022f8d4","001f96f8","FUN_001f96f8",direct
"0022f778","FUN_0022f778","0022f8f4","0022f778","FUN_0022f778",tail
"0022f778","FUN_0022f778","0022f8fc","001f96f8","FUN_001f96f8",direct
"0022f778","FUN_0022f778","0022f91c","0022f778","FUN_0022f778",tail
"0022f778","FUN_0022f778","0022f934","0022f778","FUN_0022f778",tail
"0022f778","FUN_0022f778","0022f948","0022f778","FUN_0022f778",tail
"0022f778","FUN_0022f778","0022f968","001f96f8","FUN_001f96f8",direct
"0022f778","FUN_0022f778","0022f978","0022f778","FUN_0022f778",tail
"0022f778","FUN_0022f778","0022f988","002049f0","FUN_002049f0",direct
"0022f778","FUN_0022f778","0022f994","0022f778","FUN_0022f778",tail
"0022f778","FUN_0022f778","0022f9a8","0022f778","FUN_0022f778",tail
"0022f778","FUN_0022f778","0022f9b0","0022f778","FUN_0022f778",tail
"0022f778","FUN_0022f778","0022f9b8","001f4a58","FUN_001f4a58",direct
"0022f778","FUN_0022f778","0022f9c8","0022f778","FUN_0022f778",tail
"0022f778","FUN_0022f778","0022f9f0","0022f778","FUN_0022f778",tail
"0022f778","FUN_0022f778","0022fa0c","0022f778","FUN_0022f778",tail
"0022f778","FUN_0022f778","0022fa18","002335a0","FUN_002335a0",direct
"0022f778","FUN_0022f778","0022fa30","001f2d98","FUN_001f2d98",direct
"0022f778","FUN_0022f778","0022fa3c","0022f778","FUN_0022f778",tail
"0022f778","FUN_0022f778","0022fa54","0022f778","FUN_0022f778",tail
"0022f778","FUN_0022f778","0022fa7c","0020c828","FUN_0020c828",direct
"0022f778","FUN_0022f778","0022fa88","0022f778","FUN_0022f778",tail
"0022f778","FUN_0022f778","0022fa90","0020c828","FUN_0020c828",direct
"0022f778","FUN_0022f778","0022faa4","0022f778","FUN_0022f778",tail
"0022f778","FUN_0022f778","0022facc","0022f778","FUN_0022f778",tail
"0022f778","FUN_0022f778","0022fae0","0022f778","FUN_0022f778",tail
"0022f778","FUN_0022f778","0022faec","0022f778","FUN_0022f778",tail
"0022f778","FUN_0022f778","0022faf4","0022f778","FUN_0022f778",tail
"0022f778","FUN_0022f778","0022fb10","0022f778","FUN_0022f778",tail
"0022f778","FUN_0022f778","0022fb20","0022f778","FUN_0022f778",tail
"0022f778","FUN_0022f778","0022fb28","00218d78","FUN_00218d78",direct
"0022f778","FUN_0022f778","0022fb40","0022f778","FUN_0022f778",tail
"0022f778","FUN_0022f778","0022fb48","00216088","FUN_00216088",direct
"0022f778","FUN_0022f778","0022fb60","001e9438","FUN_001e9438",direct
"0022f778","FUN_0022f778","0022fb6c","0022f778","FUN_0022f778",tail
"0022f778","FUN_0022f778","0022fb74","001e9408","FUN_001e9408",direct
"0022f778","FUN_0022f778","0022fb7c","0022f778","FUN_0022f778",tail
"0022f778","FUN_0022f778","0022fb8c","001e9440","FUN_001e9440",direct
"0022f778","FUN_0022f778","0022fb94","0022f778","FUN_0022f778",tail
"0022f778","FUN_0022f778","0022fbb0","0022f778","FUN_0022f778",tail
"0022f778","FUN_0022f778","0022fbc4","002049f0","FUN_002049f0",direct
"0022f778","FUN_0022f778","0022fbf0","001f2d98","FUN_001f2d98",direct
"0022f778","FUN_0022f778","0022fc14","001f9cf8","FUN_001f9cf8",direct
"0022f778","FUN_0022f778","0022fc28","001f9a10","FUN_001f9a10",direct
"0022f778","FUN_0022f778","0022fc38","001fa580","FUN_001fa580",direct
"0022f778","FUN_0022f778","0022fc44","00125218","FUN_00125218",direct
"0022f778","FUN_0022f778","0022fc54","00125360","FUN_00125360",direct
"0022f778","FUN_0022f778","0022fc64","00125408","FUN_00125408",direct
"0022f778","FUN_0022f778","0022fc74","001252b8","FUN_001252b8",direct
"0022f778","FUN_0022f778","0022fce4","0022f778","FUN_0022f778",tail
"0022f778","FUN_0022f778","0022fcf4","001f9ad8","FUN_001f9ad8",direct
"0022f778","FUN_0022f778","0022fd00","0022f778","FUN_0022f778",tail
"0022f778","FUN_0022f778","0022fd54","0020c880","FUN_0020c880",direct
"0022f778","FUN_0022f778","0022fd60","001fa6c0","FUN_001fa6c0",direct
"0022f778","FUN_0022f778","0022fd80","0022f778","FUN_0022f778",tail
"0022f778","FUN_0022f778","0022fd90","0022f778","FUN_0022f778",tail
"0022f778","FUN_0022f778","0022fdd0","001f9a68","FUN_001f9a68",direct
"0022f778","FUN_0022f778","0022fde8","001f9a68","FUN_001f9a68",direct
"0022f778","FUN_0022f778","0022fdf8","001f9a10","FUN_001f9a10",direct
"0022f778","FUN_0022f778","0022fe0c","001f9cf8","FUN_001f9cf8",direct
"0022f778","FUN_0022f778","0022fe20","001f9a10","FUN_001f9a10",direct
"0022f778","FUN_0022f778","0022fe3c","0020def8","FUN_0020def8",direct
"0022f778","FUN_0022f778","0022fe48","0022f778","FUN_0022f778",tail
"0022f778","FUN_0022f778","0022fe54","0022f778","FUN_0022f778",tail
"0022f778","FUN_0022f778","0022fe60","0022f778","FUN_0022f778",tail
"0022f778","FUN_0022f778","0022fe70","0022f778","FUN_0022f778",tail
"0022f778","FUN_0022f778","0022fe78","001f96f8","FUN_001f96f8",direct
"0022f778","FUN_0022f778","0022fe88","0022f778","FUN_0022f778",tail
"0022f778","FUN_0022f778","0022fe90","0022f778","FUN_0022f778",tail
"0022f778","FUN_0022f778","0022fe98","001f96f8","FUN_001f96f8",direct
"0022f778","FUN_0022f778","0022fea8","0022f778","FUN_0022f778",tail
"0022f778","FUN_0022f778","0022feb4","0022f778","FUN_0022f778",tail
"0022f778","FUN_0022f778","0022fec8","0022f778","FUN_0022f778",tail
"0022f778","FUN_0022f778","0022fed0","0022f778","FUN_0022f778",tail
"0022f778","FUN_0022f778","0022fed8","0022f778","FUN_0022f778",tail
"0022f778","FUN_0022f778","0022fee4","0022f778","FUN_0022f778",tail
"0022f778","FUN_0022f778","0022feec","001f96f8","FUN_001f96f8",direct
"0022f778","FUN_0022f778","0022fefc","0022f778","FUN_0022f778",tail
"0022f778","FUN_0022f778","0022ff08","0022f778","FUN_0022f778",tail
"0022f778","FUN_0022f778","0022ff10","001f96f8","FUN_001f96f8",direct
"0022f778","FUN_0022f778","0022ff20","0022f778","FUN_0022f778",tail
"0022f778","FUN_0022f778","0022ff28","0022f778","FUN_0022f778",tail
"0022f778","FUN_0022f778","0022ff38","0022f778","FUN_0022f778",tail
"0022f778","FUN_0022f778","0022ff40","00213700","FUN_00213700",direct
"0022f778","FUN_0022f778","0022ff50","0022f778","FUN_0022f778",tail
"0022f778","FUN_0022f778","0022ff58","001e9418","FUN_001e9418",direct
"0022f778","FUN_0022f778","0022ff64","0022f778","FUN_0022f778",tail
"0022f778","FUN_0022f778","0022ff6c","001e9410","FUN_001e9410",direct
"0022f778","FUN_0022f778","0022ff7c","0022f778","FUN_0022f778",tail
"0022f778","FUN_0022f778","0022ff90","0022f778","FUN_0022f778",tail
"0022f778","FUN_0022f778","0022ff9c","0022f778","FUN_0022f778",tail
"0022f778","FUN_0022f778","0022ffac","0022f778","FUN_0022f778",tail
"0022f778","FUN_0022f778","0022ffb4","0020c4f8","FUN_0020c4f8",direct
"0022f778","FUN_0022f778","0022fff0","0022f778","FUN_0022f778",tail
"0022f778","FUN_0022f778","00230004","001e9450","FUN_001e9450",direct
"0022f778","FUN_0022f778","00230018","0022f778","FUN_0022f778",tail
"0022f778","FUN_0022f778","00230024","001f47b8","FUN_001f47b8",direct
"0022f778","FUN_0022f778","00230034","001f4600","FUN_001f4600",direct
"0022f778","FUN_0022f778","00230044","0022f778","FUN_0022f778",tail
"0022f778","FUN_0022f778","00230054","001f96f8","FUN_001f96f8",direct
"0022f778","FUN_0022f778","00230064","0022f778","FUN_0022f778",tail
"0022f778","FUN_0022f778","0023006c","001fa6c0","FUN_001fa6c0",direct
"0022f778","FUN_0022f778","00230074","001f9dc8","FUN_001f9dc8",direct
"0022f778","FUN_0022f778","0023008c","0022f778","FUN_0022f778",tail
"0022f778","FUN_0022f778","002300a4","0022f778","FUN_0022f778",tail
"0022f778","FUN_0022f778","002300ac","001f96f8","FUN_001f96f8",direct
"0022f778","FUN_0022f778","002300bc","0022f778","FUN_0022f778",tail
"0022f778","FUN_0022f778","002300cc","001f96e8","FUN_001f96e8",direct
"0022f778","FUN_0022f778","0023010c","0022f778","FUN_0022f778",tail
"0022f778","FUN_0022f778","00230118","0022f778","FUN_0022f778",tail
"0022f778","FUN_0022f778","0023013c","001f96f8","FUN_001f96f8",direct
"0022f778","FUN_0022f778","0023014c","0022f778","FUN_0022f778",tail
"0022f778","FUN_0022f778","0023015c","001f96e8","FUN_001f96e8",direct
"0022f778","FUN_0022f778","002301ac","001f4600","FUN_001f4600",direct
"0022f778","FUN_0022f778","002301b4","001f96f8","FUN_001f96f8",direct
"0022f778","FUN_0022f778","002301c4","0022f778","FUN_0022f778",tail
"0022f778","FUN_0022f778","002301e8","0022f778","FUN_0022f778",tail
"0022f778","FUN_0022f778","0023021c","0022f778","FUN_0022f778",tail
"0022f778","FUN_0022f778","00230224","0022f778","FUN_0022f778",tail
"0022f778","FUN_0022f778","00230230","001f96f8","FUN_001f96f8",direct
"0022f778","FUN_0022f778","00230240","0022f778","FUN_0022f778",tail
"0022f778","FUN_0022f778","00230248","001f96f8","FUN_001f96f8",direct
"0022f778","FUN_0022f778","00230258","0022f778","FUN_0022f778",tail
"0022f778","FUN_0022f778","0023026c","0022f5b0","FUN_0022f5b0",direct
"0022f778","FUN_0022f778","00230288","0022f5b0","FUN_0022f5b0",direct
"0022f778","FUN_0022f778","00230298","001fa6c0","FUN_001fa6c0",direct
"0022f778","FUN_0022f778","002302a0","001f9dc8","FUN_001f9dc8",direct
"0022f778","FUN_0022f778","002302b8","0022f778","FUN_0022f778",tail
"0022f778","FUN_0022f778","002302d0","0022f778","FUN_0022f778",tail
"0022f778","FUN_0022f778","00230304","001f4600","FUN_001f4600",direct
"0022f778","FUN_0022f778","0023030c","0022f778","FUN_0022f778",tail
"0022f778","FUN_0022f778","00230314","001f96f8","FUN_001f96f8",direct
"0022f778","FUN_0022f778","00230324","0022f778","FUN_0022f778",tail
"0022f778","FUN_0022f778","0023032c","001f96f8","FUN_001f96f8",direct
"0022f778","FUN_0022f778","0023033c","0022f778","FUN_0022f778",tail
"0022f778","FUN_0022f778","0023034c","001f96e8","FUN_001f96e8",direct
"0022f778","FUN_0022f778","00230398","001f4600","FUN_001f4600",direct
"0022f778","FUN_0022f778","002303a8","001f96e8","FUN_001f96e8",direct
"0022f778","FUN_0022f778","002303e0","0022f778","FUN_0022f778",tail
"0022f778","FUN_0022f778","002303e8","0022f778","FUN_0022f778",tail
"0022f778","FUN_0022f778","002303f0","001fa6c0","FUN_001fa6c0",direct
"0022f778","FUN_0022f778","002303f8","001f9dc8","FUN_001f9dc8",direct
"0022f778","FUN_0022f778","00230410","0022f778","FUN_0022f778",tail
"0022f778","FUN_0022f778","00230428","0022f778","FUN_0022f778",tail
"0022f778","FUN_0022f778","00230450","0022f778","FUN_0022f778",tail
"0022f778","FUN_0022f778","00230458","0022f778","FUN_0022f778",tail
"0022f778","FUN_0022f778","00230460","001e9430","FUN_001e9430",direct
"0022f778","FUN_0022f778","00230468","00212e28","FUN_00212e28",direct
"0022f778","FUN_0022f778","00230470","0022dc50","FUN_0022dc50",direct
"0022f778","FUN_0022f778","00230478","001e9420","FUN_001e9420",direct
"0022f778","FUN_0022f778","00230480","00217b88","FUN_00217b88",direct
"0022f778","FUN_0022f778","0023048c","0022f778","FUN_0022f778",tail
"0022f778","FUN_0022f778","00230494","00216050","FUN_00216050",direct
"0022f778","FUN_0022f778","0023049c","002168a8","FUN_002168a8",direct
"0022f778","FUN_0022f778","002304bc","001f96f8","FUN_001f96f8",direct
"0022f778","FUN_0022f778","002304c4","001f4a58","FUN_001f4a58",direct
"0022f778","FUN_0022f778","002304d4","0022f778","FUN_0022f778",tail
"0022f778","FUN_0022f778","002304e8","0022ca50","FUN_0022ca50",direct
"0022f778","FUN_0022f778","002304f0","00122298","FUN_00122298",direct
"0022f778","FUN_0022f778","002304fc","0022f778","FUN_0022f778",tail
"0022f778","FUN_0022f778","00230504","00215b10","FUN_00215b10",direct
"0022f778","FUN_0022f778","00230530","0020c880","FUN_0020c880",direct
"0022f778","FUN_0022f778","0023054c","0022f778","FUN_0022f778",tail
"0022f778","FUN_0022f778","00230554","0020c4f8","FUN_0020c4f8",direct
"0022f778","FUN_0022f778","0023059c","0020c4f8","FUN_0020c4f8",direct
"0022f778","FUN_0022f778","002305f0","001e93f0","FUN_001e93f0",direct
"0022f778","FUN_0022f778","00230600","0022f778","FUN_0022f778",tail
"0022f778","FUN_0022f778","00230628","0022f778","FUN_0022f778",tail
"0022f778","FUN_0022f778","00230658","001f9e90","FUN_001f9e90",direct
"0022f778","FUN_0022f778","00230680","001f9e90","FUN_001f9e90",direct
"0022f778","FUN_0022f778","0023068c","001fa5c8","FUN_001fa5c8",direct
"0022f778","FUN_0022f778","00230698","001f99c0","FUN_001f99c0",direct
"0022f778","FUN_0022f778","002306a8","0022f778","FUN_0022f778",tail
"0022f778","FUN_0022f778","002306b0","001f99c0","FUN_001f99c0",direct
"0022f778","FUN_0022f778","002306c8","0022f778","FUN_0022f778",tail
"0022f778","FUN_0022f778","00230708","001f9e90","FUN_001f9e90",direct
"0022f778","FUN_0022f778","00230738","001f9e90","FUN_001f9e90",direct
"0022f778","FUN_0022f778","00230744","001fa5c8","FUN_001fa5c8",direct
"0022f778","FUN_0022f778","00230774","0022f778","FUN_0022f778",tail
"0022f778","FUN_0022f778","00230798","0022f778","FUN_0022f778",tail
"0022f778","FUN_0022f778","002307a4","001f9b48","FUN_001f9b48",direct
"0022f778","FUN_0022f778","002307f8","001f9b80","FUN_001f9b80",direct
"0022f778","FUN_0022f778","0023080c","001f9e90","FUN_001f9e90",direct
"0022f778","FUN_0022f778","0023082c","001f9e90","FUN_001f9e90",direct
"0022f778","FUN_0022f778","00230840","0022f778","FUN_0022f778",tail
"0022f778","FUN_0022f778","0023084c","0022f778","FUN_0022f778",tail
"0022f778","FUN_0022f778","00230888","00213f38","FUN_00213f38",direct
"0022f778","FUN_0022f778","002308bc","001f9a40","FUN_001f9a40",direct
"0022f778","FUN_0022f778","002308c8","001f99f8","FUN_001f99f8",direct
"0022f778","FUN_0022f778","002308f4","001fa5c8","FUN_001fa5c8",direct
"0022f778","FUN_0022f778","0023091c","001fa580","FUN_001fa580",direct
"0022f778","FUN_0022f778","0023094c","001fa5c8","FUN_001fa5c8",direct
"0022f778","FUN_0022f778","00230974","001fa580","FUN_001fa580",direct
"0022f778","FUN_0022f778","00230980","001e93f8","FUN_001e93f8",direct
"0022f778","FUN_0022f778","00230988","001e9400","FUN_001e9400",direct
"0022f778","FUN_0022f778","00230998","0022f778","FUN_0022f778",tail
"0022f778","FUN_0022f778","002309a4","001f96f8","FUN_001f96f8",direct
"0022f778","FUN_0022f778","002309b0","0022f778","FUN_0022f778",tail
"0022f778","FUN_0022f778","002309c0","001fa6c0","FUN_001fa6c0",direct
"0022f778","FUN_0022f778","002309cc","001f96f8","FUN_001f96f8",direct
"0022f778","FUN_0022f778","002309d4","001fa6c0","FUN_001fa6c0",direct
"0022f778","FUN_0022f778","002309f0","001f9dc8","FUN_001f9dc8",direct
"0022f778","FUN_0022f778","00230a0c","001f96f8","FUN_001f96f8",direct
"0022f778","FUN_0022f778","00230a18","0022f778","FUN_0022f778",tail
"0022f778","FUN_0022f778","00230a38","001f9a40","FUN_001f9a40",direct
"0022f778","FUN_0022f778","00230a4c","001fa5c8","FUN_001fa5c8",direct
"0022f778","FUN_0022f778","00230a58","001fa580","FUN_001fa580",direct
"0022f778","FUN_0022f778","00230a6c","001fa5c8","FUN_001fa5c8",direct
"0022f778","FUN_0022f778","00230a78","001fa580","FUN_001fa580",direct
"0022f778","FUN_0022f778","00230a98","0022f778","FUN_0022f778",tail
"0022f778","FUN_0022f778","00230ab8","0022f778","FUN_0022f778",tail
"0022f778","FUN_0022f778","00230adc","0022f778","FUN_0022f778",tail
"0022f778","FUN_0022f778","00230af0","0022f5b0","FUN_0022f5b0",direct
"0022f778","FUN_0022f778","00230af8","0022f778","FUN_0022f778",tail
"0022f778","FUN_0022f778","00230b34","0022f778","FUN_0022f778",tail
"0022f778","FUN_0022f778","00230b4c","0022f778","FUN_0022f778",tail
"0022f778","FUN_0022f778","00230b68","0022f778","FUN_0022f778",tail
"0022f778","FUN_0022f778","00230b94","0022f778","FUN_0022f778",tail
"0022f778","FUN_0022f778","00230bb0","0022f778","FUN_0022f778",tail
"0022f778","FUN_0022f778","00230bc4","0022f778","FUN_0022f778",tail
"0022f778","FUN_0022f778","00230be8","001f4600","FUN_001f4600",direct
"0022f778","FUN_0022f778","00230c30","0022f778","FUN_0022f778",tail
"0022f778","FUN_0022f778","00230c54","0022f778","FUN_0022f778",tail
"0022f778","FUN_0022f778","00230c64","0022f778","FUN_0022f778",tail
"0022f778","FUN_0022f778","00230c7c","00214e58","FUN_00214e58",direct
"0022f778","FUN_0022f778","00230ca4","0022f778","FUN_0022f778",tail
"0022f778","FUN_0022f778","00230ce0","001f9cf8","FUN_001f9cf8",direct
"0022f778","FUN_0022f778","00230cfc","001f9a10","FUN_001f9a10",direct
"0022f778","FUN_0022f778","00230d34","001f9cf8","FUN_001f9cf8",direct
"0022f778","FUN_0022f778","00230d50","001f9a10","FUN_001f9a10",direct
"0022f778","FUN_0022f778","00230d70","001f4600","FUN_001f4600",direct
"0022f778","FUN_0022f778","00230d90","0022f778","FUN_0022f778",tail
"0022f778","FUN_0022f778","00230db0","0022f778","FUN_0022f778",tail
"0022f778","FUN_0022f778","00230df4","001f9cf8","FUN_001f9cf8",direct
"0022f778","FUN_0022f778","00230e0c","001f9a10","FUN_001f9a10",direct
"0022f778","FUN_0022f778","00230e14","0020def8","FUN_0020def8",direct
"0022f778","FUN_0022f778","00230e4c","001f9cf8","FUN_001f9cf8",direct
"0022f778","FUN_0022f778","00230e64","001f9a10","FUN_001f9a10",direct
"0022f778","FUN_0022f778","00230e6c","0020def8","FUN_0020def8",direct
"0022f778","FUN_0022f778","00230e74","001edaa8","FUN_001edaa8",direct
"0022f778","FUN_0022f778","00230e7c","0022ca50","FUN_0022ca50",direct
"0022f778","FUN_0022f778","00230e84","00201a28","FUN_00201a28",direct
"0022f778","FUN_0022f778","00230e8c","0020cfd0","FUN_0020cfd0",direct
"0022f778","FUN_0022f778","00230e94","001e9428","FUN_001e9428",direct
"0022f778","FUN_0022f778","00230e9c","0022f778","FUN_0022f778",tail
"0022f778","FUN_0022f778","00230ea4","0022eaa8","FUN_0022eaa8",direct
"00230ee8","FUN_00230ee8","00230ef4","00230ee8","FUN_00230ee8",tail
"00230ee8","FUN_00230ee8","00230f08","00230ee8","FUN_00230ee8",tail
"00230ee8","FUN_00230ee8","00230f20","00230ee8","FUN_00230ee8",computed
"00230ee8","FUN_00230ee8","00230f20","00230ee8","FUN_00230ee8",computed
"00230ee8","FUN_00230ee8","00230f20","00230ee8","FUN_00230ee8",computed
"00230ee8","FUN_00230ee8","00230f20","00230ee8","FUN_00230ee8",computed
"00230ee8","FUN_00230ee8","00230f28","001f4248","FUN_001f4248",direct
"00230ee8","FUN_00230ee8","00230f30","00230ee8","FUN_00230ee8",tail
"00230ee8","FUN_00230ee8","00230f3c","001f39d0","FUN_001f39d0",direct
"00230ee8","FUN_00230ee8","00230f44","00230ee8","FUN_00230ee8",tail
"00230ee8","FUN_00230ee8","00230f4c","0022f288","FUN_0022f288",direct
"00230f60","FUN_00230f60","00230fe4","002015d8","FUN_002015d8",direct
"00230f60","FUN_00230f60","00231014","001f97e8","FUN_001f97e8",direct
"00230f60","FUN_00230f60","00231028","001f97e8","FUN_001f97e8",direct
"00230f60","FUN_00230f60","0023103c","001f97e8","FUN_001f97e8",direct
"00230f60","FUN_00230f60","00231050","001f97e8","FUN_001f97e8",direct
"00230f60","FUN_00230f60","00231058","001f2c60","FUN_001f2c60",direct
"00230f60","FUN_00230f60","00231060","001f2d98","FUN_001f2d98",direct
"00230f60","FUN_00230f60","00231068","002335d0","FUN_002335d0",direct
"00230f60","FUN_00230f60","00231084","00216728","FUN_00216728",direct
"00230f60","FUN_00230f60","0023108c","001f96f8","FUN_001f96f8",direct
"00230f60","FUN_00230f60","00231094","001f4a58","FUN_001f4a58",direct
"00230f60","FUN_00230f60","0023109c","00120c30","FUN_00120c30",direct
"00230f60","FUN_00230f60","002310a4","00118a80","FlushCache",direct
"00230f60","FUN_00230f60","002310b4","0020b618","FUN_0020b618",direct
"00230f60","FUN_00230f60","002310c0","00118a80","FlushCache",direct
"00230f60","FUN_00230f60","002310dc","00203120","FUN_00203120",direct
"00230f60","FUN_00230f60","00231180","00230f60","FUN_00230f60",tail
"00230f60","FUN_00230f60","0023119c","001f97a0","FUN_001f97a0",direct
"00230f60","FUN_00230f60","002311c8","00230f60","FUN_00230f60",tail
"00230f60","FUN_00230f60","002311e8","001f98d0","FUN_001f98d0",direct
"00230f60","FUN_00230f60","002311f8","002028e0","FUN_002028e0",direct
"00230f60","FUN_00230f60","0023120c","00230f60","FUN_00230f60",tail
"00230f60","FUN_00230f60","00231234","00203640","FUN_00203640",direct
"00230f60","FUN_00230f60","00231244","00230f60","FUN_00230f60",tail
"00230f60","FUN_00230f60","00231268","00202800","FUN_00202800",direct
"00230f60","FUN_00230f60","0023128c","002026c8","FUN_002026c8",direct
"00230f60","FUN_00230f60","002312c8","00202270","FUN_00202270",direct
"00230f60","FUN_00230f60","00231300","00202270","FUN_00202270",direct
"00230f60","FUN_00230f60","00231344","001f9810","FUN_001f9810",direct
"00230f60","FUN_00230f60","00231354","001f9810","FUN_001f9810",direct
"00230f60","FUN_00230f60","00231360","001f9810","FUN_001f9810",direct
"00230f60","FUN_00230f60","00231374","001f98d0","FUN_001f98d0",direct
"00230f60","FUN_00230f60","0023138c","001f97e8","FUN_001f97e8",direct
"00230f60","FUN_00230f60","002313f4","001f9810","FUN_001f9810",direct
"00230f60","FUN_00230f60","002313fc","001f37e8","FUN_001f37e8",direct
"00230f60","FUN_00230f60","00231418","001160d8","FUN_001160d8",direct
"00230f60","FUN_00230f60","00231458","00230f60","FUN_00230f60",tail
"00230f60","FUN_00230f60","00231460","00230f60","FUN_00230f60",tail
"00230f60","FUN_00230f60","00231470","00230f60","FUN_00230f60",tail
"00230f60","FUN_00230f60","00231498","001f97e8","FUN_001f97e8",direct
"00230f60","FUN_00230f60","002314ac","001f97e8","FUN_001f97e8",direct
"00230f60","FUN_00230f60","002314c0","001f97e8","FUN_001f97e8",direct
"00230f60","FUN_00230f60","0023151c","00230f60","FUN_00230f60",tail
"00230f60","FUN_00230f60","00231550","00230f60","FUN_00230f60",tail
"00230f60","FUN_00230f60","0023155c","00230f60","FUN_00230f60",tail
"00230f60","FUN_00230f60","00231568","002049f0","FUN_002049f0",direct
"00230f60","FUN_00230f60","0023159c","0012e088","FUN_0012e088",direct
"00230f60","FUN_00230f60","002315a8","00118a80","FlushCache",direct
"00230f60","FUN_00230f60","002315b0","00122298","FUN_00122298",direct
"00230f60","FUN_00230f60","002315b8","0012dc80","FUN_0012dc80",direct
"00230f60","FUN_00230f60","002315c8","00230f60","FUN_00230f60",tail
"00230f60","FUN_00230f60","002315d0","0012e1a8","FUN_0012e1a8",direct
"00231608","FUN_00231608","00231618","00231608","FUN_00231608",tail
"00231608","FUN_00231608","00231638","00231608","FUN_00231608",tail
"00231608","FUN_00231608","0023169c","0023a3b8","FUN_0023a3b8",direct
"00231608","FUN_00231608","002316a4","00122298","FUN_00122298",direct
"00231608","FUN_00231608","002316b0","00120558","FUN_00120558",direct
"00231608","FUN_00231608","002316bc","00122e68","FUN_00122e68",direct
"00231608","FUN_00231608","002316c4","001f4a58","FUN_001f4a58",direct
"00231878","FUN_00231878","002318e8","00216728","FUN_00216728",direct
"00231878","FUN_00231878","002318f0","00120c30","FUN_00120c30",direct
"00231878","FUN_00231878","002318f8","00118a80","FlushCache",direct
"00231878","FUN_00231878","00231904","0020b618","FUN_0020b618",direct
"00231878","FUN_00231878","0023190c","00118a80","FlushCache",direct
"00231878","FUN_00231878","00231948","00231878","FUN_00231878",tail
"00231878","FUN_00231878","00231978","00122330","FUN_00122330",direct
"00231878","FUN_00231878","00231984","00231878","FUN_00231878",tail
"00231878","FUN_00231878","0023198c","00231878","FUN_00231878",tail
"00231878","FUN_00231878","002319bc","00122330","FUN_00122330",direct
"00231878","FUN_00231878","002319c8","00231878","FUN_00231878",tail
"00231878","FUN_00231878","002319d0","00231878","FUN_00231878",tail
"00231878","FUN_00231878","00231a00","00122330","FUN_00122330",direct
"00231878","FUN_00231878","00231a0c","00231878","FUN_00231878",tail
"00231878","FUN_00231878","00231a14","00231878","FUN_00231878",tail
"00231878","FUN_00231878","00231a44","00122330","FUN_00122330",direct
"00231878","FUN_00231878","00231a50","00231878","FUN_00231878",tail
"00231878","FUN_00231878","00231a58","00231878","FUN_00231878",tail
"00231878","FUN_00231878","00231a80","00122330","FUN_00122330",direct
"00231878","FUN_00231878","00231a94","00231878","FUN_00231878",tail
"00231878","FUN_00231878","00231abc","00122330","FUN_00122330",direct
"00231878","FUN_00231878","00231ad8","00118a80","FlushCache",direct
"00231878","FUN_00231878","00231ae4","00122658","FUN_00122658",direct
"00231878","FUN_00231878","00231af0","00120558","FUN_00120558",direct
"00231878","FUN_00231878","00231b18","00231878","FUN_00231878",tail
"00231bd8","FUN_00231bd8","00231c2c","00231878","FUN_00231878",direct
"00231bd8","FUN_00231bd8","00231c34","00231bd8","FUN_00231bd8",tail
"00231bd8","FUN_00231bd8","00231c3c","0012f368","FUN_0012f368",direct
"00231bd8","FUN_00231bd8","00231c58","00122298","FUN_00122298",direct
"00231bd8","FUN_00231bd8","00231c60","002335d0","FUN_002335d0",direct
"00231bd8","FUN_00231bd8","00231c68","00231bd8","FUN_00231bd8",tail
"00231bd8","FUN_00231bd8","00231c7c","00231bd8","FUN_00231bd8",tail
"00231bd8","FUN_00231bd8","00231c88","00231bd8","FUN_00231bd8",tail
"00231bd8","FUN_00231bd8","00231ca0","001f3868","FUN_001f3868",direct
"00231bd8","FUN_00231bd8","00231ca8","001fb3d0","FUN_001fb3d0",direct
"00231bd8","FUN_00231bd8","00231cb8","00233980","FUN_00233980",direct
"00231bd8","FUN_00231bd8","00231cc4","00233980","FUN_00233980",direct
"00231bd8","FUN_00231bd8","00231d38","00231bd8","FUN_00231bd8",tail
"00231bd8","FUN_00231bd8","00231d4c","00231bd8","FUN_00231bd8",tail
"00231bd8","FUN_00231bd8","00231d58","001fa6c0","FUN_001fa6c0",direct
"00231bd8","FUN_00231bd8","00231d70","00231bd8","FUN_00231bd8",tail
"00231bd8","FUN_00231bd8","00231db8","002316e8","FUN_002316e8",direct
"00231bd8","FUN_00231bd8","00231e00","001f5450","FUN_001f5450",direct
"00231bd8","FUN_00231bd8","00231e08","00231bd8","FUN_00231bd8",tail
"00231bd8","FUN_00231bd8","00231e58","002316e8","FUN_002316e8",direct
"00231bd8","FUN_00231bd8","00231e98","001f5450","FUN_001f5450",direct
"00231bd8","FUN_00231bd8","00231ea4","00231bd8","FUN_00231bd8",tail
"00231bd8","FUN_00231bd8","00231eac","00231bd8","FUN_00231bd8",tail
"00231bd8","FUN_00231bd8","00231ee4","002316e8","FUN_002316e8",direct
"00231bd8","FUN_00231bd8","00231f14","001f5450","FUN_001f5450",direct
"00231bd8","FUN_00231bd8","00231f1c","002093d8","FUN_002093d8",direct
"00231bd8","FUN_00231bd8","00231f24","00208840","FUN_00208840",direct
"00231bd8","FUN_00231bd8","00231f2c","002337b0","FUN_002337b0",direct
"00231bd8","FUN_00231bd8","00231f34","00122298","FUN_00122298",direct
"00231bd8","FUN_00231bd8","00231f3c","001f3958","FUN_001f3958",direct
"00231bd8","FUN_00231bd8","00231f44","002336a0","FUN_002336a0",direct
"00231bd8","FUN_00231bd8","00231f4c","00233630","FUN_00233630",direct
"00231bd8","FUN_00231bd8","00231f54","00231bd8","FUN_00231bd8",tail
"00231bd8","FUN_00231bd8","00231f5c","00204428","FUN_00204428",direct
"00231bd8","FUN_00231bd8","00231f64","00231bd8","FUN_00231bd8",tail
"00231bd8","FUN_00231bd8","00231f80","00231bd8","FUN_00231bd8",tail
"00231bd8","FUN_00231bd8","00231f94","00231bd8","FUN_00231bd8",tail
"00231bd8","FUN_00231bd8","00231fa0","00231bd8","FUN_00231bd8",tail
"00231bd8","FUN_00231bd8","00231fa8","001f4a58","FUN_001f4a58",direct
"00231ff0","FUN_00231ff0","00232060","00231ff0","FUN_00231ff0",tail
"00231ff0","FUN_00231ff0","00232074","00231ff0","FUN_00231ff0",tail
"00231ff0","FUN_00231ff0","0023208c","00231ff0","FUN_00231ff0",tail
"00231ff0","FUN_00231ff0","002320a0","00231ff0","FUN_00231ff0",tail
"00231ff0","FUN_00231ff0","002320b0","00118a80","FlushCache",direct
"00231ff0","FUN_00231ff0","002320c8","0012ef68","FUN_0012ef68",direct
"00231ff0","FUN_00231ff0","002320d0","0012eb00","FUN_0012eb00",direct
"00231ff0","FUN_00231ff0","002320d8","0012dc80","FUN_0012dc80",direct
"00231ff0","FUN_00231ff0","002320e0","0022dcd0","FUN_0022dcd0",direct
"00231ff0","FUN_00231ff0","002320e8","00215ee8","FUN_00215ee8",direct
"00231ff0","FUN_00231ff0","00232108","00231ff0","FUN_00231ff0",tail
"00231ff0","FUN_00231ff0","00232110","0012e1d8","FUN_0012e1d8",direct
"00231ff0","FUN_00231ff0","00232118","0012e1a8","FUN_0012e1a8",direct
"00231ff0","FUN_00231ff0","00232130","001e93b0","FUN_001e93b0",direct
"00231ff0","FUN_00231ff0","0023213c","0012ef28","FUN_0012ef28",direct
"00231ff0","FUN_00231ff0","00232144","0012ee08","FUN_0012ee08",direct
"00231ff0","FUN_00231ff0","00232194","001fb280","FUN_001fb280",direct
"00231ff0","FUN_00231ff0","002321a4","00231ff0","FUN_00231ff0",tail
"00231ff0","FUN_00231ff0","002321b8","00231ff0","FUN_00231ff0",tail
"00231ff0","FUN_00231ff0","002321c4","00231ff0","FUN_00231ff0",tail
"00231ff0","FUN_00231ff0","002321d0","002093d8","FUN_002093d8",direct
"00231ff0","FUN_00231ff0","002321d8","00208840","FUN_00208840",direct
"00231ff0","FUN_00231ff0","002321ec","00231ff0","FUN_00231ff0",tail
"00231ff0","FUN_00231ff0","002321f8","00231ff0","FUN_00231ff0",tail
"00231ff0","FUN_00231ff0","00232200","001f96f8","FUN_001f96f8",direct
"00231ff0","FUN_00231ff0","00232208","001f4a58","FUN_001f4a58",direct
"00231ff0","FUN_00231ff0","00232218","002043b0","FUN_002043b0",direct
"00231ff0","FUN_00231ff0","00232220","00120c30","FUN_00120c30",direct
"00231ff0","FUN_00231ff0","0023222c","00233d90","FUN_00233d90",direct
"00231ff0","FUN_00231ff0","00232234","00231ff0","FUN_00231ff0",tail
"00231ff0","FUN_00231ff0","0023223c","00231ff0","FUN_00231ff0",tail
"00231ff0","FUN_00231ff0","0023224c","00231ff0","FUN_00231ff0",tail
"00231ff0","FUN_00231ff0","00232254","001f96f8","FUN_001f96f8",direct
"00231ff0","FUN_00231ff0","0023225c","001f4a58","FUN_001f4a58",direct
"00231ff0","FUN_00231ff0","00232264","001f96f8","FUN_001f96f8",direct
"00231ff0","FUN_00231ff0","0023227c","00231bd8","FUN_00231bd8",direct
"00231ff0","FUN_00231ff0","00232284","00231608","FUN_00231608",direct
"00231ff0","FUN_00231ff0","0023228c","001f96f8","FUN_001f96f8",direct
"00231ff0","FUN_00231ff0","002322a4","00231bd8","FUN_00231bd8",direct
"00231ff0","FUN_00231ff0","002322ac","00231608","FUN_00231608",direct
"00231ff0","FUN_00231ff0","002322c0","001f96f8","FUN_001f96f8",direct
"00231ff0","FUN_00231ff0","002322d8","00231bd8","FUN_00231bd8",direct
"00231ff0","FUN_00231ff0","002322e0","00231608","FUN_00231608",direct
"00231ff0","FUN_00231ff0","002322e8","00231ff0","FUN_00231ff0",tail
"00231ff0","FUN_00231ff0","002322f0","00231ff0","FUN_00231ff0",tail
"00231ff0","FUN_00231ff0","002322fc","00231ff0","FUN_00231ff0",tail
"00231ff0","FUN_00231ff0","00232310","00231ff0","FUN_00231ff0",tail
"00231ff0","FUN_00231ff0","00232318","001f96f8","FUN_001f96f8",direct
"00231ff0","FUN_00231ff0","00232320","001f4a58","FUN_001f4a58",direct
"00231ff0","FUN_00231ff0","00232328","001f96f8","FUN_001f96f8",direct
"00231ff0","FUN_00231ff0","00232340","00231bd8","FUN_00231bd8",direct
"00231ff0","FUN_00231ff0","00232348","00231608","FUN_00231608",direct
"00231ff0","FUN_00231ff0","00232350","00231608","FUN_00231608",direct
"00231ff0","FUN_00231ff0","00232358","001f96f8","FUN_001f96f8",direct
"00231ff0","FUN_00231ff0","00232370","00231bd8","FUN_00231bd8",direct
"00231ff0","FUN_00231ff0","00232378","00231608","FUN_00231608",direct
"00231ff0","FUN_00231ff0","002323a0","001f96f8","FUN_001f96f8",direct
"00231ff0","FUN_00231ff0","002323b8","00231bd8","FUN_00231bd8",direct
"00231ff0","FUN_00231ff0","002323c0","00231ff0","FUN_00231ff0",tail
"00231ff0","FUN_00231ff0","002323cc","00231ff0","FUN_00231ff0",tail
"00231ff0","FUN_00231ff0","002323dc","00231ff0","FUN_00231ff0",tail
"00231ff0","FUN_00231ff0","002323e4","001f96f8","FUN_001f96f8",direct
"00231ff0","FUN_00231ff0","002323ec","001f4a58","FUN_001f4a58",direct
"00231ff0","FUN_00231ff0","002323f4","001f96f8","FUN_001f96f8",direct
"00231ff0","FUN_00231ff0","0023240c","00231bd8","FUN_00231bd8",direct
"00231ff0","FUN_00231ff0","00232414","00231608","FUN_00231608",direct
"00231ff0","FUN_00231ff0","00232428","00231ff0","FUN_00231ff0",tail
"00231ff0","FUN_00231ff0","0023243c","00231ff0","FUN_00231ff0",tail
"00231ff0","FUN_00231ff0","00232448","00231ff0","FUN_00231ff0",tail
"00231ff0","FUN_00231ff0","00232450","001f96f8","FUN_001f96f8",direct
"00231ff0","FUN_00231ff0","00232458","001f4a58","FUN_001f4a58",direct
"00231ff0","FUN_00231ff0","00232460","001f96f8","FUN_001f96f8",direct
"00231ff0","FUN_00231ff0","00232478","00231bd8","FUN_00231bd8",direct
"00231ff0","FUN_00231ff0","00232480","00231608","FUN_00231608",direct
"00231ff0","FUN_00231ff0","00232494","00231ff0","FUN_00231ff0",tail
"00231ff0","FUN_00231ff0","002324a4","00231ff0","FUN_00231ff0",tail
"00231ff0","FUN_00231ff0","002324ac","001f96f8","FUN_001f96f8",direct
"00231ff0","FUN_00231ff0","002324b4","001f4a58","FUN_001f4a58",direct
"00231ff0","FUN_00231ff0","002324bc","001f96f8","FUN_001f96f8",direct
"00231ff0","FUN_00231ff0","002324d4","00231bd8","FUN_00231bd8",direct
"00231ff0","FUN_00231ff0","002324dc","00231608","FUN_00231608",direct
"00231ff0","FUN_00231ff0","002324f0","00231ff0","FUN_00231ff0",tail
"00231ff0","FUN_00231ff0","00232504","00231ff0","FUN_00231ff0",tail
"00231ff0","FUN_00231ff0","00232510","00231ff0","FUN_00231ff0",tail
"00231ff0","FUN_00231ff0","00232518","001f96f8","FUN_001f96f8",direct
"00231ff0","FUN_00231ff0","00232520","001f4a58","FUN_001f4a58",direct
"00231ff0","FUN_00231ff0","00232528","001f96f8","FUN_001f96f8",direct
"00231ff0","FUN_00231ff0","00232540","00231bd8","FUN_00231bd8",direct
"00231ff0","FUN_00231ff0","00232548","00231608","FUN_00231608",direct
"00231ff0","FUN_00231ff0","0023255c","00231ff0","FUN_00231ff0",tail
"00231ff0","FUN_00231ff0","0023256c","00231ff0","FUN_00231ff0",tail
"00231ff0","FUN_00231ff0","00232574","001f96f8","FUN_001f96f8",direct
"00231ff0","FUN_00231ff0","0023257c","001f4a58","FUN_001f4a58",direct
"00231ff0","FUN_00231ff0","00232584","001f96f8","FUN_001f96f8",direct
"00231ff0","FUN_00231ff0","0023259c","00231bd8","FUN_00231bd8",direct
"00231ff0","FUN_00231ff0","002325a4","00231608","FUN_00231608",direct
"00231ff0","FUN_00231ff0","002325b8","00231ff0","FUN_00231ff0",tail
"00231ff0","FUN_00231ff0","002325c0","00231ff0","FUN_00231ff0",tail
"00231ff0","FUN_00231ff0","002325d8","00231ff0","FUN_00231ff0",tail
"00231ff0","FUN_00231ff0","002325e8","00231ff0","FUN_00231ff0",tail
"00231ff0","FUN_00231ff0","00232624","00230f60","FUN_00230f60",direct
"00231ff0","FUN_00231ff0","0023262c","0012f368","FUN_0012f368",direct
"00231ff0","FUN_00231ff0","0023263c","00231ff0","FUN_00231ff0",tail
"00231ff0","FUN_00231ff0","00232648","002336a0","FUN_002336a0",direct
"00231ff0","FUN_00231ff0","00232650","00233630","FUN_00233630",direct
"00231ff0","FUN_00231ff0","00232658","001fb3d0","FUN_001fb3d0",direct
"00231ff0","FUN_00231ff0","00232660","001fb6e0","FUN_001fb6e0",direct
"00231ff0","FUN_00231ff0","00232668","001fb2d0","FUN_001fb2d0",direct
"00231ff0","FUN_00231ff0","00232670","00217a10","FUN_00217a10",direct
"00231ff0","FUN_00231ff0","00232678","0022f778","FUN_0022f778",direct
"00231ff0","FUN_00231ff0","00232680","00230ee8","FUN_00230ee8",direct
"00231ff0","FUN_00231ff0","00232688","002093d8","FUN_002093d8",direct
"00231ff0","FUN_00231ff0","00232690","00208840","FUN_00208840",direct
"00231ff0","FUN_00231ff0","00232698","002337b0","FUN_002337b0",direct
"00231ff0","FUN_00231ff0","002326a0","00122298","FUN_00122298",direct
"00231ff0","FUN_00231ff0","002326b4","00226e08","FUN_00226e08",direct
"00231ff0","FUN_00231ff0","002326bc","00231ff0","FUN_00231ff0",tail
"00231ff0","FUN_00231ff0","002326c4","00204428","FUN_00204428",direct
"00231ff0","FUN_00231ff0","002326d8","00231ff0","FUN_00231ff0",tail
"00231ff0","FUN_00231ff0","002326e0","00231ff0","FUN_00231ff0",tail
"00231ff0","FUN_00231ff0","002326e8","00118a80","FlushCache",direct
"00231ff0","FUN_00231ff0","002326f0","00122298","FUN_00122298",direct
"00231ff0","FUN_00231ff0","002326f8","002093d8","FUN_002093d8",direct
"00231ff0","FUN_00231ff0","00232700","00208840","FUN_00208840",direct
"00231ff0","FUN_00231ff0","00232708","00226e08","FUN_00226e08",direct
"00231ff0","FUN_00231ff0","00232710","00204428","FUN_00204428",direct
"00231ff0","FUN_00231ff0","00232718","00231ff0","FUN_00231ff0",tail
"00231ff0","FUN_00231ff0","00232720","00231ff0","FUN_00231ff0",tail
"00231ff0","FUN_00231ff0","00232728","00118a80","FlushCache",direct
"00231ff0","FUN_00231ff0","00232730","00122298","FUN_00122298",direct
"00231ff0","FUN_00231ff0","00232738","002093d8","FUN_002093d8",direct
"00231ff0","FUN_00231ff0","00232740","00208840","FUN_00208840",direct
"00231ff0","FUN_00231ff0","00232748","00226e08","FUN_00226e08",direct
"00231ff0","FUN_00231ff0","0023275c","00231ff0","FUN_00231ff0",tail
"00231ff0","FUN_00231ff0","00232768","00231ff0","FUN_00231ff0",tail
"00231ff0","FUN_00231ff0","00232770","00120c30","FUN_00120c30",direct
"00231ff0","FUN_00231ff0","0023277c","00233d90","FUN_00233d90",direct
"002327a0","FUN_002327a0","00232838","002327a0","FUN_002327a0",tail
"002327a0","FUN_002327a0","0023284c","002327a0","FUN_002327a0",tail
"002327a0","FUN_002327a0","00232854","002327a0","FUN_002327a0",tail
"002327a0","FUN_002327a0","00232860","001f44b8","FUN_001f44b8",direct
"002327a0","FUN_002327a0","002328bc","0020cca8","FUN_0020cca8",direct
"002327a0","FUN_002327a0","002328cc","002327a0","FUN_002327a0",tail
"002327a0","FUN_002327a0","002328ec","001f99c0","FUN_001f99c0",direct
"002327a0","FUN_002327a0","002328fc","002327a0","FUN_002327a0",tail
"002327a0","FUN_002327a0","0023290c","001f99c0","FUN_001f99c0",direct
"002327a0","FUN_002327a0","0023291c","002327a0","FUN_002327a0",tail
"002327a0","FUN_002327a0","00232934","002327a0","FUN_002327a0",tail
"002327a0","FUN_002327a0","00232948","002327a0","FUN_002327a0",tail
"002327a0","FUN_002327a0","00232958","002327a0","FUN_002327a0",tail
"002327a0","FUN_002327a0","00232968","001f9740","FUN_001f9740",direct
"002327a0","FUN_002327a0","00232970","001fa6c0","FUN_001fa6c0",direct
"002327a0","FUN_002327a0","0023297c","001f96f8","FUN_001f96f8",direct
"002327a0","FUN_002327a0","00232984","001fa6c0","FUN_001fa6c0",direct
"002327a0","FUN_002327a0","00232990","002327a0","FUN_002327a0",tail
"002327a0","FUN_002327a0","002329e0","001f9d20","FUN_001f9d20",direct
"002327a0","FUN_002327a0","002329f4","001f9a28","FUN_001f9a28",direct
"002327a0","FUN_002327a0","00232a04","001f9bf8","FUN_001f9bf8",direct
"002327a0","FUN_002327a0","00232a14","001f9d20","FUN_001f9d20",direct
"002327a0","FUN_002327a0","00232a2c","001f9bf8","FUN_001f9bf8",direct
"002327a0","FUN_002327a0","00232a38","001f9ab0","FUN_001f9ab0",direct
"002327a0","FUN_002327a0","00232a48","001f9a68","FUN_001f9a68",direct
"002327a0","FUN_002327a0","00232a58","001f9a28","FUN_001f9a28",direct
"002327a0","FUN_002327a0","00232a68","001f9bf8","FUN_001f9bf8",direct
"002327a0","FUN_002327a0","00232a7c","001f9988","FUN_001f9988",direct
"002327a0","FUN_002327a0","00232a8c","002327a0","FUN_002327a0",tail
"002327a0","FUN_002327a0","00232a98","002327a0","FUN_002327a0",tail
"002327a0","FUN_002327a0","00232ab8","002327a0","FUN_002327a0",tail
"002327a0","FUN_002327a0","00232b10","002327a0","FUN_002327a0",tail
"002327a0","FUN_002327a0","00232b20","002327a0","FUN_002327a0",tail
"002327a0","FUN_002327a0","00232b2c","002327a0","FUN_002327a0",tail
"002327a0","FUN_002327a0","00232b34","002327a0","FUN_002327a0",tail
"002327a0","FUN_002327a0","00232b40","002327a0","FUN_002327a0",tail
"002327a0","FUN_002327a0","00232b84","001f9d20","FUN_001f9d20",direct
"002327a0","FUN_002327a0","00232b98","002327a0","FUN_002327a0",tail
"002327a0","FUN_002327a0","00232ba0","002327a0","FUN_002327a0",tail
"002327a0","FUN_002327a0","00232ba8","002327a0","FUN_002327a0",tail
"002327a0","FUN_002327a0","00232bcc","001f9d20","FUN_001f9d20",direct
"002327a0","FUN_002327a0","00232bd8","002327a0","FUN_002327a0",tail
"002327a0","FUN_002327a0","00232be0","001f96f8","FUN_001f96f8",direct
"002327a0","FUN_002327a0","00232bf0","002327a0","FUN_002327a0",tail
"002327a0","FUN_002327a0","00232c78","002327a0","FUN_002327a0",tail
"002327a0","FUN_002327a0","00232c8c","001f7d30","FUN_001f7d30",direct
"002327a0","FUN_002327a0","00232c9c","002327a0","FUN_002327a0",tail
"00232ce0","FUN_00232ce0","00232ce8","0011ab20","FUN_0011ab20",direct
"00232d00","FUN_00232d00","00232d2c","0011aff8","FUN_0011aff8",direct
"00232d00","FUN_00232d00","00232d34","00232d00","FUN_00232d00",tail
"00232d00","FUN_00232d00","00232d54","00232d00","FUN_00232d00",tail
"00232d00","FUN_00232d00","00232d60","0011b3b8","FUN_0011b3b8",direct
"00232d00","FUN_00232d00","00232d74","00232d00","FUN_00232d00",tail
"00232d00","FUN_00232d00","00232d80","00232d00","FUN_00232d00",tail
"00232d00","FUN_00232d00","00232da4","00232d00","FUN_00232d00",tail
"00232d00","FUN_00232d00","00232dac","00232d00","FUN_00232d00",tail
"00232d00","FUN_00232d00","00232dd8","0011b1c8","FUN_0011b1c8",direct
"00232d00","FUN_00232d00","00232e1c","00232d00","FUN_00232d00",tail
"00232e40","FUN_00232e40","00232e80","00232e40","FUN_00232e40",tail
"00232e40","FUN_00232e40","00232e88","00232e40","FUN_00232e40",tail
"00232e40","FUN_00232e40","00232e98","00232e40","FUN_00232e40",tail
"00232e40","FUN_00232e40","00232eb4","00118b20","sceSifSetDma",direct
"00232e40","FUN_00232e40","00232ef8","00232e40","FUN_00232e40",tail
"00232f20","FUN_00232f20","00232f54","00232f20","FUN_00232f20",tail
"00232f20","FUN_00232f20","00232f5c","00233038","FUN_00233038",direct
"00232f20","FUN_00232f20","00232f6c","00232f20","FUN_00232f20",tail
"00232f20","FUN_00232f20","00232f84","00232f20","FUN_00232f20",tail
"00232f20","FUN_00232f20","00232f8c","00232f20","FUN_00232f20",tail
"00232f20","FUN_00232f20","00232f98","00232f20","FUN_00232f20",tail
"00232f20","FUN_00232f20","00232fb0","00232f20","FUN_00232f20",tail
"00232f20","FUN_00232f20","00232ff4","0011b1c8","FUN_0011b1c8",direct
"00232f20","FUN_00232f20","00233008","00232f20","FUN_00232f20",tail
"00233038","FUN_00233038","0023303c","00233038","FUN_00233038",tail
"00233068","FUN_00233068","002330b4","001fa6d0","FUN_001fa6d0",direct
"00233068","FUN_00233068","002330cc","001fa6d0","FUN_001fa6d0",direct
"00233068","FUN_00233068","002330dc","001fa6d0","FUN_001fa6d0",direct
"00233068","FUN_00233068","00233124","001f9810","FUN_001f9810",direct
"002331c0","FUN_002331c0","0023322c","002331c0","FUN_002331c0",tail
"002331c0","FUN_002331c0","00233238","002331c0","FUN_002331c0",tail
"002331c0","FUN_002331c0","00233240","00234bd8","FUN_00234bd8",direct
"002331c0","FUN_002331c0","00233248","00234d48","FUN_00234d48",direct
"002331c0","FUN_002331c0","00233250","00233b68","FUN_00233b68",direct
"002331c0","FUN_002331c0","00233260","002331c0","FUN_002331c0",tail
"002331c0","FUN_002331c0","00233268","001e93b0","FUN_001e93b0",direct
"002331c0","FUN_002331c0","0023327c","002331c0","FUN_002331c0",tail
"00233308","FUN_00233308","00233310","00233308","FUN_00233308",tail
"00233308","FUN_00233308","00233324","00233308","FUN_00233308",tail
"00233308","FUN_00233308","00233350","00233308","FUN_00233308",tail
"00233308","FUN_00233308","0023336c","00233308","FUN_00233308",tail
"00233308","FUN_00233308","00233384","00233308","FUN_00233308",tail
"00233308","FUN_00233308","00233394","00233308","FUN_00233308",tail
"002333a8","FUN_002333a8","002333ec","001f21b8","FUN_001f21b8",direct
"002333a8","FUN_002333a8","002333f4","001f9fc8","FUN_001f9fc8",direct
"002333a8","FUN_002333a8","00233410","001f9a68","FUN_001f9a68",direct
"002333a8","FUN_002333a8","0023342c","001fa378","FUN_001fa378",direct
"002333a8","FUN_002333a8","0023343c","00233888","FUN_00233888",direct
"002333a8","FUN_002333a8","0023344c","00233888","FUN_00233888",direct
"002333a8","FUN_002333a8","00233460","002333a8","FUN_002333a8",tail
"002333a8","FUN_002333a8","00233468","00118a80","FlushCache",direct
"002333a8","FUN_002333a8","00233470","00233fb0","FUN_00233fb0",direct
"002333a8","FUN_002333a8","00233484","001f21b8","FUN_001f21b8",direct
"002333a8","FUN_002333a8","0023348c","002331c0","FUN_002331c0",direct
"002333a8","FUN_002333a8","00233498","002333a8","FUN_002333a8",tail
"002333a8","FUN_002333a8","002334a8","001f9928","FUN_001f9928",direct
"002333a8","FUN_002333a8","002334b4","001f21b0","FUN_001f21b0",direct
"002334d8","FUN_002334d8","002334fc","002334d8","FUN_002334d8",tail
"002334d8","FUN_002334d8","00233508","001f97c0","FUN_001f97c0",direct
"002334d8","FUN_002334d8","0023351c","002334d8","FUN_002334d8",tail
"002334d8","FUN_002334d8","00233560","002334d8","FUN_002334d8",tail
"002334d8","FUN_002334d8","00233570","001f97c0","FUN_001f97c0",direct
"002334d8","FUN_002334d8","00233584","002334d8","FUN_002334d8",tail
"002336a0","FUN_002336a0","002336f8","002336a0","FUN_002336a0",tail
"002336a0","FUN_002336a0","00233704","002336a0","FUN_002336a0",tail
"002336a0","FUN_002336a0","00233710","001e93b0","FUN_001e93b0",direct
"002336a0","FUN_002336a0","0023371c","002336a0","FUN_002336a0",tail
"002336a0","FUN_002336a0","00233750","00122fe0","FUN_00122fe0",direct
"002336a0","FUN_002336a0","00233768","00118a80","FlushCache",direct
"002336a0","FUN_002336a0","00233788","001232c8","FUN_001232c8",direct
"002336a0","FUN_002336a0","00233790","002336a0","FUN_002336a0",tail
"002337b0","FUN_002337b0","002337e8","002337b0","FUN_002337b0",tail
"002337b0","FUN_002337b0","002337f0","001f97c0","FUN_001f97c0",direct
"002337b0","FUN_002337b0","002337fc","002337b0","FUN_002337b0",tail
"002337b0","FUN_002337b0","00233804","001e93b0","FUN_001e93b0",direct
"002337b0","FUN_002337b0","0023380c","001f21c0","FUN_001f21c0",direct
"00233888","FUN_00233888","00233900","001f98d0","FUN_001f98d0",direct
"00233d00","FUN_00233d00","00233d0c","00233d00","FUN_00233d00",tail
"00233d00","FUN_00233d00","00233d1c","00233d00","FUN_00233d00",tail
"00233d00","FUN_00233d00","00233d38","00233d00","FUN_00233d00",tail
"00233d00","FUN_00233d00","00233d50","001187b0","AddDmacHandler",direct
"00233d00","FUN_00233d00","00233d6c","001187b0","AddDmacHandler",direct
"00233d00","FUN_00233d00","00233d7c","00119160","FUN_00119160",direct
"00233d90","FUN_00233d90","00233dac","00233d90","FUN_00233d90",tail
"00233d90","FUN_00233d90","00233dc4","001187d0","RemoveDmacHandler",direct
"00233d90","FUN_00233d90","00233dd4","001187d0","RemoveDmacHandler",direct
"00233d90","FUN_00233d90","00233ddc","001190f8","FUN_001190f8",direct
"00233f00","FUN_00233f00","00233f2c","001e93b0","FUN_001e93b0",direct
"00233f00","FUN_00233f00","00233f40","001e93b0","FUN_001e93b0",direct
"00233f00","FUN_00233f00","00233f4c","001e93b0","FUN_001e93b0",direct
"00233f00","FUN_00233f00","00233f6c","00233f00","FUN_00233f00",tail
"00233fb0","FUN_00233fb0","00234050","00233fb0","FUN_00233fb0",tail
"00233fb0","FUN_00233fb0","00234150","00233fb0","FUN_00233fb0",tail
"00233fb0","FUN_00233fb0","00234168","00233fb0","FUN_00233fb0",tail
"00233fb0","FUN_00233fb0","00234194","00233fb0","FUN_00233fb0",tail
"00233fb0","FUN_00233fb0","002341a4","00233fb0","FUN_00233fb0",tail
"00233fb0","FUN_00233fb0","002341b4","00233fb0","FUN_00233fb0",tail
"00233fb0","FUN_00233fb0","002341e4","00233fb0","FUN_00233fb0",tail
"00233fb0","FUN_00233fb0","0023423c","00233fb0","FUN_00233fb0",tail
"00233fb0","FUN_00233fb0","00234294","00233fb0","FUN_00233fb0",tail
"00233fb0","FUN_00233fb0","0023429c","00233fb0","FUN_00233fb0",tail
"00233fb0","FUN_00233fb0","002342b4","00233fb0","FUN_00233fb0",tail
"00233fb0","FUN_00233fb0","002342bc","00233fb0","FUN_00233fb0",tail
"00233fb0","FUN_00233fb0","002342c4","00233fb0","FUN_00233fb0",tail
"00233fb0","FUN_00233fb0","002342cc","00233fb0","FUN_00233fb0",tail
"00233fb0","FUN_00233fb0","002342e4","00233fb0","FUN_00233fb0",tail
"00233fb0","FUN_00233fb0","002342ec","00233fb0","FUN_00233fb0",tail
"00233fb0","FUN_00233fb0","002342f4","00233fb0","FUN_00233fb0",tail
"00233fb0","FUN_00233fb0","0023432c","00233fb0","FUN_00233fb0",tail
"00233fb0","FUN_00233fb0","0023433c","00233fb0","FUN_00233fb0",tail
"00233fb0","FUN_00233fb0","00234374","00233fb0","FUN_00233fb0",tail
"00233fb0","FUN_00233fb0","0023437c","00233fb0","FUN_00233fb0",tail
"00233fb0","FUN_00233fb0","00234384","00233fb0","FUN_00233fb0",tail
"00233fb0","FUN_00233fb0","0023438c","00233fb0","FUN_00233fb0",tail
"00233fb0","FUN_00233fb0","00234394","00233fb0","FUN_00233fb0",tail
"00233fb0","FUN_00233fb0","0023439c","00233fb0","FUN_00233fb0",tail
"00233fb0","FUN_00233fb0","002343a4","00233fb0","FUN_00233fb0",tail
"00233fb0","FUN_00233fb0","002343ac","00233fb0","FUN_00233fb0",tail
"00233fb0","FUN_00233fb0","002343b4","00233fb0","FUN_00233fb0",tail
"00233fb0","FUN_00233fb0","00234454","00233fb0","FUN_00233fb0",tail
"00233fb0","FUN_00233fb0","0023445c","00233fb0","FUN_00233fb0",tail
"00233fb0","FUN_00233fb0","00234464","00233fb0","FUN_00233fb0",tail
"00233fb0","FUN_00233fb0","002344e4","00233fb0","FUN_00233fb0",tail
"00233fb0","FUN_00233fb0","002344ec","00233fb0","FUN_00233fb0",tail
"00233fb0","FUN_00233fb0","00234564","00233fb0","FUN_00233fb0",tail
"00233fb0","FUN_00233fb0","00234590","00233fb0","FUN_00233fb0",tail
"00233fb0","FUN_00233fb0","002345b8","00233fb0","FUN_00233fb0",tail
"00233fb0","FUN_00233fb0","00234618","00233fb0","FUN_00233fb0",tail
"00233fb0","FUN_00233fb0","00234780","00233fb0","FUN_00233fb0",tail
"00233fb0","FUN_00233fb0","00234790","00233fb0","FUN_00233fb0",tail
"00233fb0","FUN_00233fb0","002347a8","00233fb0","FUN_00233fb0",tail
"00233fb0","FUN_00233fb0","002347b0","00233fb0","FUN_00233fb0",tail
"00233fb0","FUN_00233fb0","002347b8","00233fb0","FUN_00233fb0",tail
"00233fb0","FUN_00233fb0","002347d8","00233fb0","FUN_00233fb0",tail
"00233fb0","FUN_00233fb0","002347f0","00233fb0","FUN_00233fb0",tail
"00233fb0","FUN_00233fb0","00234800","00233fb0","FUN_00233fb0",tail
"00233fb0","FUN_00233fb0","00234838","00233fb0","FUN_00233fb0",tail
"00233fb0","FUN_00233fb0","00234894","00233fb0","FUN_00233fb0",tail
"00233fb0","FUN_00233fb0","002348e4","00233fb0","FUN_00233fb0",tail
"00233fb0","FUN_00233fb0","00234900","00233fb0","FUN_00233fb0",tail
"00233fb0","FUN_00233fb0","00234908","00233fb0","FUN_00233fb0",tail
"00233fb0","FUN_00233fb0","00234940","00233fb0","FUN_00233fb0",tail
"00233fb0","FUN_00233fb0","0023495c","00233fb0","FUN_00233fb0",tail
"00233fb0","FUN_00233fb0","00234964","00233fb0","FUN_00233fb0",tail
"00233fb0","FUN_00233fb0","00234974","00233fb0","FUN_00233fb0",tail
"00233fb0","FUN_00233fb0","002349d4","00233fb0","FUN_00233fb0",tail
"00233fb0","FUN_00233fb0","002349dc","00233fb0","FUN_00233fb0",tail
"00233fb0","FUN_00233fb0","00234a7c","00233fb0","FUN_00233fb0",tail
"00233fb0","FUN_00233fb0","00234aa8","00233fb0","FUN_00233fb0",tail
"00233fb0","FUN_00233fb0","00234ad0","00233fb0","FUN_00233fb0",tail
"00233fb0","FUN_00233fb0","00234b2c","00233fb0","FUN_00233fb0",tail
"00233fb0","FUN_00233fb0","00234b6c","00233fb0","FUN_00233fb0",tail
"00233fb0","FUN_00233fb0","00234b88","00233fb0","FUN_00233fb0",tail
"00233fb0","FUN_00233fb0","00234b90","00233fb0","FUN_00233fb0",tail
"00234bd8","FUN_00234bd8","00234c0c","00234bd8","FUN_00234bd8",tail
"00234bd8","FUN_00234bd8","00234c1c","00234bd8","FUN_00234bd8",tail
"00234bd8","FUN_00234bd8","00234c2c","00234bd8","FUN_00234bd8",tail
"00234bd8","FUN_00234bd8","00234c6c","00234bd8","FUN_00234bd8",tail
"00234bd8","FUN_00234bd8","00234cec","00234bd8","FUN_00234bd8",tail
"00234bd8","FUN_00234bd8","00234cf4","00234bd8","FUN_00234bd8",tail
"00234bd8","FUN_00234bd8","00234d1c","00234bd8","FUN_00234bd8",tail
"00234bd8","FUN_00234bd8","00234d24","00234bd8","FUN_00234bd8",tail
"00234bd8","FUN_00234bd8","00234d2c","00234bd8","FUN_00234bd8",tail
"00234bd8","FUN_00234bd8","00234d34","00234bd8","FUN_00234bd8",tail
"00234d48","FUN_00234d48","00234d9c","00234d48","FUN_00234d48",tail
"00234d48","FUN_00234d48","00234da4","00234d48","FUN_00234d48",tail
"00234d48","FUN_00234d48","00234dbc","00234d48","FUN_00234d48",tail
"00234d48","FUN_00234d48","00234dcc","00234d48","FUN_00234d48",tail
"00234d48","FUN_00234d48","00234dfc","00234d48","FUN_00234d48",tail
"00234d48","FUN_00234d48","00234e64","00234d48","FUN_00234d48",tail
"00234d48","FUN_00234d48","00234e9c","00234d48","FUN_00234d48",tail
"00234d48","FUN_00234d48","00234f0c","00234d48","FUN_00234d48",tail
"00234d48","FUN_00234d48","00234f14","00234d48","FUN_00234d48",tail
"00234d48","FUN_00234d48","00234f5c","00234d48","FUN_00234d48",tail
"00234d48","FUN_00234d48","00234f78","00234d48","FUN_00234d48",tail
"00234d48","FUN_00234d48","00234f80","00234d48","FUN_00234d48",tail
"00234d48","FUN_00234d48","00234f90","00234d48","FUN_00234d48",tail
"00234f98","FUN_00234f98","0023505c","00234f98","FUN_00234f98",tail
"00234f98","FUN_00234f98","0023506c","00234f98","FUN_00234f98",tail
"00234f98","FUN_00234f98","0023509c","00234f98","FUN_00234f98",tail
"00234f98","FUN_00234f98","00235224","00234f98","FUN_00234f98",tail
"00234f98","FUN_00234f98","0023522c","00234f98","FUN_00234f98",tail
"00234f98","FUN_00234f98","00235244","00234f98","FUN_00234f98",tail
"00234f98","FUN_00234f98","002352fc","00234f98","FUN_00234f98",tail
"00234f98","FUN_00234f98","00235404","00234f98","FUN_00234f98",tail
"00234f98","FUN_00234f98","0023540c","00234f98","FUN_00234f98",tail
"00234f98","FUN_00234f98","00235424","00234f98","FUN_00234f98",tail
"00234f98","FUN_00234f98","0023543c","00234f98","FUN_00234f98",tail
"00234f98","FUN_00234f98","00235500","00234f98","FUN_00234f98",tail
"00234f98","FUN_00234f98","0023556c","00234f98","FUN_00234f98",tail
"00234f98","FUN_00234f98","00235574","00234f98","FUN_00234f98",tail
"00234f98","FUN_00234f98","00235598","00234f98","FUN_00234f98",tail
"00234f98","FUN_00234f98","002355e0","00234f98","FUN_00234f98",tail
"00234f98","FUN_00234f98","00235604","00234f98","FUN_00234f98",tail
"00235640","FUN_00235640","002356ac","00235640","FUN_00235640",tail
"00235640","FUN_00235640","002356b8","00235640","FUN_00235640",tail
"00235640","FUN_00235640","002356c0","002370c0","FUN_002370c0",direct
"00235640","FUN_00235640","002356c8","00233b68","FUN_00233b68",direct
"00235640","FUN_00235640","002356d8","00235640","FUN_00235640",tail
"00235640","FUN_00235640","002356e0","001e93b0","FUN_001e93b0",direct
"00235640","FUN_00235640","002356f4","00235640","FUN_00235640",tail
"00235780","FUN_00235780","00235788","00235780","FUN_00235780",tail
"00235780","FUN_00235780","002357bc","00235780","FUN_00235780",tail
"00235780","FUN_00235780","002357e0","00235780","FUN_00235780",tail
"00235780","FUN_00235780","002357fc","00235780","FUN_00235780",tail
"00235780","FUN_00235780","00235820","00235780","FUN_00235780",tail
"00235780","FUN_00235780","00235830","00235780","FUN_00235780",tail
"00235840","FUN_00235840","00235848","00235780","FUN_00235780",direct
"00235840","FUN_00235840","00235860","001f98d0","FUN_001f98d0",direct
"00235840","FUN_00235840","00235878","001f98d0","FUN_001f98d0",direct
"00235840","FUN_00235840","00235880","00235780","FUN_00235780",direct
"00235898","FUN_00235898","002358a4","00237370","FUN_00237370",direct
"00235898","FUN_00235898","002358b0","00237370","FUN_00237370",direct
"002358c8","FUN_002358c8","00235908","001f21b8","FUN_001f21b8",direct
"002358c8","FUN_002358c8","00235918","002358c8","FUN_002358c8",tail
"002358c8","FUN_002358c8","00235920","00118a80","FlushCache",direct
"002358c8","FUN_002358c8","00235928","00235be8","FUN_00235be8",direct
"002358c8","FUN_002358c8","0023593c","001f9928","FUN_001f9928",direct
"002358c8","FUN_002358c8","0023594c","001f21b8","FUN_001f21b8",direct
"002358c8","FUN_002358c8","00235954","00235640","FUN_00235640",direct
"002358c8","FUN_002358c8","0023596c","001f98d0","FUN_001f98d0",direct
"002358c8","FUN_002358c8","00235978","001f21b0","FUN_001f21b0",direct
"00235990","FUN_00235990","002359b4","00235990","FUN_00235990",tail
"00235990","FUN_00235990","002359e0","00235990","FUN_00235990",tail
"00235990","FUN_00235990","00235a18","001f21b8","FUN_001f21b8",direct
"00235990","FUN_00235990","00235a28","00235990","FUN_00235990",tail
"00235990","FUN_00235990","00235a30","00118a80","FlushCache",direct
"00235990","FUN_00235990","00235a38","00235be8","FUN_00235be8",direct
"00235990","FUN_00235990","00235a4c","001f9928","FUN_001f9928",direct
"00235990","FUN_00235990","00235a54","00235640","FUN_00235640",direct
"00235990","FUN_00235990","00235a6c","001f98d0","FUN_001f98d0",direct
"00235990","FUN_00235990","00235a84","001f98d0","FUN_001f98d0",direct
"00235990","FUN_00235990","00235a9c","00235990","FUN_00235990",tail
"00235990","FUN_00235990","00235ac8","00235990","FUN_00235990",tail
"00235990","FUN_00235990","00235ad8","00235990","FUN_00235990",tail
"00235990","FUN_00235990","00235b00","00235990","FUN_00235990",tail
"00235990","FUN_00235990","00235b34","00235990","FUN_00235990",tail
"00235990","FUN_00235990","00235b3c","00118a80","FlushCache",direct
"00235990","FUN_00235990","00235b44","00235be8","FUN_00235be8",direct
"00235990","FUN_00235990","00235b58","001f9928","FUN_001f9928",direct
"00235990","FUN_00235990","00235b64","001f21b8","FUN_001f21b8",direct
"00235990","FUN_00235990","00235b6c","00235640","FUN_00235640",direct
"00235990","FUN_00235990","00235b7c","00235990","FUN_00235990",tail
"00235990","FUN_00235990","00235ba8","00235990","FUN_00235990",tail
"00235990","FUN_00235990","00235bc0","001f98d0","FUN_001f98d0",direct
"00235990","FUN_00235990","00235bcc","001f21b0","FUN_001f21b0",direct
"00235be8","FUN_00235be8","00235c84","00235be8","FUN_00235be8",tail
"00235be8","FUN_00235be8","00235cb4","00235be8","FUN_00235be8",tail
"00235be8","FUN_00235be8","00235ce4","00235be8","FUN_00235be8",tail
"00235be8","FUN_00235be8","00235e54","00235be8","FUN_00235be8",tail
"00235be8","FUN_00235be8","00235e94","00235be8","FUN_00235be8",tail
"00235be8","FUN_00235be8","00235eac","00235be8","FUN_00235be8",tail
"00235be8","FUN_00235be8","00235f24","00235be8","FUN_00235be8",tail
"00235be8","FUN_00235be8","00235f4c","00235be8","FUN_00235be8",tail
"00235be8","FUN_00235be8","00235f84","00235be8","FUN_00235be8",tail
"00235be8","FUN_00235be8","00235fe4","00235be8","FUN_00235be8",tail
"00235be8","FUN_00235be8","00235fec","00235be8","FUN_00235be8",tail
"00235be8","FUN_00235be8","0023600c","00235be8","FUN_00235be8",tail
"00235be8","FUN_00235be8","00236014","00235be8","FUN_00235be8",tail
"00235be8","FUN_00235be8","0023601c","00235be8","FUN_00235be8",tail
"00235be8","FUN_00235be8","00236024","00235be8","FUN_00235be8",tail
"00235be8","FUN_00235be8","00236034","00235be8","FUN_00235be8",tail
"00235be8","FUN_00235be8","00236044","00235be8","FUN_00235be8",tail
"00235be8","FUN_00235be8","00236214","00235be8","FUN_00235be8",tail
"00235be8","FUN_00235be8","0023623c","00235be8","FUN_00235be8",tail
"00235be8","FUN_00235be8","00236244","00235be8","FUN_00235be8",tail
"00235be8","FUN_00235be8","00236274","00235be8","FUN_00235be8",tail
"00235be8","FUN_00235be8","00236280","00235be8","FUN_00235be8",tail
"00235be8","FUN_00235be8","002362a8","00235be8","FUN_00235be8",tail
"00235be8","FUN_00235be8","002362b0","00235be8","FUN_00235be8",tail
"00235be8","FUN_00235be8","002362e0","00235be8","FUN_00235be8",tail
"00235be8","FUN_00235be8","00236310","00235be8","FUN_00235be8",tail
"00235be8","FUN_00235be8","00236318","00235be8","FUN_00235be8",tail
"00235be8","FUN_00235be8","00236320","00235be8","FUN_00235be8",tail
"00235be8","FUN_00235be8","00236350","00235be8","FUN_00235be8",tail
"00235be8","FUN_00235be8","00236358","00235be8","FUN_00235be8",tail
"00235be8","FUN_00235be8","002363b0","00235be8","FUN_00235be8",tail
"00235be8","FUN_00235be8","002363b8","00235be8","FUN_00235be8",tail
"00235be8","FUN_00235be8","002363e8","00235be8","FUN_00235be8",tail
"00235be8","FUN_00235be8","002363f0","00235be8","FUN_00235be8",tail
"00235be8","FUN_00235be8","00236448","00235be8","FUN_00235be8",tail
"00235be8","FUN_00235be8","00236450","00235be8","FUN_00235be8",tail
"00235be8","FUN_00235be8","00236458","00235be8","FUN_00235be8",tail
"00235be8","FUN_00235be8","00236488","00235be8","FUN_00235be8",tail
"00235be8","FUN_00235be8","00236490","00235be8","FUN_00235be8",tail
"00235be8","FUN_00235be8","00236498","00235be8","FUN_00235be8",tail
"00235be8","FUN_00235be8","002364c8","00235be8","FUN_00235be8",tail
"00235be8","FUN_00235be8","002364f8","00235be8","FUN_00235be8",tail
"00235be8","FUN_00235be8","00236560","00235be8","FUN_00235be8",tail
"00235be8","FUN_00235be8","0023658c","00235be8","FUN_00235be8",tail
"00235be8","FUN_00235be8","002365b4","00235be8","FUN_00235be8",tail
"00235be8","FUN_00235be8","002365d4","00235be8","FUN_00235be8",tail
"00235be8","FUN_00235be8","002365f4","00235be8","FUN_00235be8",tail
"00235be8","FUN_00235be8","00236614","00235be8","FUN_00235be8",tail
"00235be8","FUN_00235be8","0023663c","00235be8","FUN_00235be8",tail
"00235be8","FUN_00235be8","00236684","00235be8","FUN_00235be8",tail
"00235be8","FUN_00235be8","0023668c","00235be8","FUN_00235be8",tail
"00235be8","FUN_00235be8","002366dc","00235be8","FUN_00235be8",tail
"00235be8","FUN_00235be8","00236724","00235be8","FUN_00235be8",tail
"00235be8","FUN_00235be8","002367cc","00235be8","FUN_00235be8",tail
"00235be8","FUN_00235be8","0023681c","00235be8","FUN_00235be8",computed
"00235be8","FUN_00235be8","00236854","00235be8","FUN_00235be8",tail
"00235be8","FUN_00235be8","00236874","00235be8","FUN_00235be8",tail
"00235be8","FUN_00235be8","0023687c","00235be8","FUN_00235be8",tail
"00235be8","FUN_00235be8","0023689c","00235be8","FUN_00235be8",tail
"00235be8","FUN_00235be8","002368a4","00235be8","FUN_00235be8",tail
"00235be8","FUN_00235be8","002368c4","00235be8","FUN_00235be8",tail
"00235be8","FUN_00235be8","002368cc","00235be8","FUN_00235be8",tail
"00235be8","FUN_00235be8","002368dc","00235be8","FUN_00235be8",tail
"00235be8","FUN_00235be8","00236934","00235be8","FUN_00235be8",tail
"00235be8","FUN_00235be8","00236a64","00235be8","FUN_00235be8",tail
"00235be8","FUN_00235be8","00236a6c","00235be8","FUN_00235be8",tail
"00235be8","FUN_00235be8","00236a74","00235be8","FUN_00235be8",tail
"00235be8","FUN_00235be8","00236aa0","00235be8","FUN_00235be8",tail
"00235be8","FUN_00235be8","00236ac8","00235be8","FUN_00235be8",tail
"00235be8","FUN_00235be8","00236ad0","00235be8","FUN_00235be8",tail
"00235be8","FUN_00235be8","00236ad8","00235be8","FUN_00235be8",computed
"00235be8","FUN_00235be8","00236b00","00235be8","FUN_00235be8",tail
"00235be8","FUN_00235be8","00236b4c","00235be8","FUN_00235be8",tail
"00235be8","FUN_00235be8","00236b54","00235be8","FUN_00235be8",tail
"00235be8","FUN_00235be8","00236b8c","00235be8","FUN_00235be8",tail
"00235be8","FUN_00235be8","00236c74","00235be8","FUN_00235be8",tail
"00235be8","FUN_00235be8","00236c90","00235be8","FUN_00235be8",tail
"00235be8","FUN_00235be8","00236c98","00235be8","FUN_00235be8",tail
"00235be8","FUN_00235be8","00236cd8","00235be8","FUN_00235be8",tail
"00235be8","FUN_00235be8","00236d30","00235be8","FUN_00235be8",tail
"00235be8","FUN_00235be8","00236d40","00235be8","FUN_00235be8",tail
"00235be8","FUN_00235be8","00236d78","00235be8","FUN_00235be8",tail
"00235be8","FUN_00235be8","00236d80","00235be8","FUN_00235be8",tail
"00235be8","FUN_00235be8","00236d88","00235be8","FUN_00235be8",tail
"00235be8","FUN_00235be8","00236d90","00235be8","FUN_00235be8",tail
"00235be8","FUN_00235be8","00236de8","00235be8","FUN_00235be8",tail
"00235be8","FUN_00235be8","00236f50","00235be8","FUN_00235be8",tail
"00235be8","FUN_00235be8","00236f58","00235be8","FUN_00235be8",tail
"00235be8","FUN_00235be8","00236f60","00235be8","FUN_00235be8",tail
"00235be8","FUN_00235be8","00236f8c","00235be8","FUN_00235be8",tail
"00235be8","FUN_00235be8","00236fb4","00235be8","FUN_00235be8",tail
"00235be8","FUN_00235be8","00236fbc","00235be8","FUN_00235be8",tail
"00235be8","FUN_00235be8","00237008","00235be8","FUN_00235be8",tail
"00235be8","FUN_00235be8","00237050","00235be8","FUN_00235be8",tail
"00235be8","FUN_00235be8","0023706c","00235be8","FUN_00235be8",tail
"00235be8","FUN_00235be8","00237074","00235be8","FUN_00235be8",tail
"002370c0","FUN_002370c0","0023711c","002370c0","FUN_002370c0",tail
"002370c0","FUN_002370c0","00237124","002370c0","FUN_002370c0",tail
"002370c0","FUN_002370c0","0023713c","002370c0","FUN_002370c0",tail
"002370c0","FUN_002370c0","00237154","002370c0","FUN_002370c0",tail
"002370c0","FUN_002370c0","0023715c","002370c0","FUN_002370c0",tail
"002370c0","FUN_002370c0","00237184","002370c0","FUN_002370c0",tail
"002370c0","FUN_002370c0","00237194","002370c0","FUN_002370c0",tail
"002370c0","FUN_002370c0","002371dc","002370c0","FUN_002370c0",tail
"002370c0","FUN_002370c0","002371f4","002370c0","FUN_002370c0",tail
"002370c0","FUN_002370c0","0023720c","002370c0","FUN_002370c0",tail
"002370c0","FUN_002370c0","0023723c","002370c0","FUN_002370c0",tail
"002370c0","FUN_002370c0","002372a4","002370c0","FUN_002370c0",tail
"002370c0","FUN_002370c0","002372dc","002370c0","FUN_002370c0",tail
"002370c0","FUN_002370c0","0023734c","002370c0","FUN_002370c0",tail
"00237370","FUN_00237370","002373dc","00237370","FUN_00237370",tail
"00237370","FUN_00237370","00237404","00237370","FUN_00237370",tail
"00237370","FUN_00237370","002374d4","00237370","FUN_00237370",tail
"00237370","FUN_00237370","002374fc","00237370","FUN_00237370",tail
"00237370","FUN_00237370","00237544","00237370","FUN_00237370",tail
"00237370","FUN_00237370","00237598","00237370","FUN_00237370",tail
"00237370","FUN_00237370","002375c4","00237370","FUN_00237370",tail
"00237370","FUN_00237370","002375cc","00237370","FUN_00237370",tail
"00237370","FUN_00237370","0023787c","00237370","FUN_00237370",tail
"00237370","FUN_00237370","00237984","00237370","FUN_00237370",tail
"00237370","FUN_00237370","00237a3c","00237370","FUN_00237370",tail
"00237370","FUN_00237370","00237a44","00237370","FUN_00237370",tail
"00237a78","FUN_00237a78","00237af0","001f9a28","FUN_001f9a28",direct
"00237a78","FUN_00237a78","00237b04","001f9a28","FUN_001f9a28",direct
"00237a78","FUN_00237a78","00237b14","001f9a68","FUN_001f9a68",direct
"00237a78","FUN_00237a78","00237b24","001f9a68","FUN_001f9a68",direct
"00237a78","FUN_00237a78","00237b3c","001f9d20","FUN_001f9d20",direct
"00237a78","FUN_00237a78","00237b4c","001f9d20","FUN_001f9d20",direct
"00237a78","FUN_00237a78","00237bf4","001fa6d0","FUN_001fa6d0",direct
"00237a78","FUN_00237a78","00237c10","001fa6d0","FUN_001fa6d0",direct
"00237a78","FUN_00237a78","00237c28","001fa6d0","FUN_001fa6d0",direct
"00237a78","FUN_00237a78","00237c40","001fa6d0","FUN_001fa6d0",direct
"00237c80","FUN_00237c80","00237cec","001f9a28","FUN_001f9a28",direct
"00237c80","FUN_00237c80","00237d00","001f9a28","FUN_001f9a28",direct
"00237c80","FUN_00237c80","00237d10","001f9a68","FUN_001f9a68",direct
"00237c80","FUN_00237c80","00237d20","001f9a68","FUN_001f9a68",direct
"00237c80","FUN_00237c80","00237d38","001f9d20","FUN_001f9d20",direct
"00237c80","FUN_00237c80","00237d48","001f9d20","FUN_001f9d20",direct
"00237e90","FUN_00237e90","00237eb0","00116248","FUN_00116248",direct
"00237ed0","FUN_00237ed0","00237ef0","00237ed0","FUN_00237ed0",tail
"00237ed0","FUN_00237ed0","00237f04","00237ed0","FUN_00237ed0",tail
"00237ed0","FUN_00237ed0","00237f0c","0020cb10","FUN_0020cb10",direct
"00237ed0","FUN_00237ed0","00237f2c","00237ed0","FUN_00237ed0",tail
"00237ed0","FUN_00237ed0","00237f40","00237ed0","FUN_00237ed0",tail
"00237ed0","FUN_00237ed0","00237f48","0020cb88","FUN_0020cb88",direct
"00237ed0","FUN_00237ed0","00237f58","00237ed0","FUN_00237ed0",tail
"00237ed0","FUN_00237ed0","00237f70","00237ed0","FUN_00237ed0",computed
"00237ed0","FUN_00237ed0","00237f70","00237ed0","FUN_00237ed0",computed
"00237ed0","FUN_00237ed0","00237f70","00237ed0","FUN_00237ed0",computed
"00237ed0","FUN_00237ed0","00237f70","00237ed0","FUN_00237ed0",computed
"00237ed0","FUN_00237ed0","00237f70","00237ed0","FUN_00237ed0",computed
"00237ed0","FUN_00237ed0","00237f70","00237ed0","FUN_00237ed0",computed
"00237ed0","FUN_00237ed0","00237f70","00237ed0","FUN_00237ed0",computed
"00237ed0","FUN_00237ed0","00237f70","00237ed0","FUN_00237ed0",computed
"00237ed0","FUN_00237ed0","00237f70","00237ed0","FUN_00237ed0",computed
"00237ed0","FUN_00237ed0","00237f70","00237ed0","FUN_00237ed0",computed
"00237ed0","FUN_00237ed0","00237f7c","001f96f8","FUN_001f96f8",direct
"00237ed0","FUN_00237ed0","00237f90","00237ed0","FUN_00237ed0",tail
"00237ed0","FUN_00237ed0","00237f98","00213260","FUN_00213260",direct
"00237ed0","FUN_00237ed0","00237fe8","00237ed0","FUN_00237ed0",tail
"00237ed0","FUN_00237ed0","00237ff0","001f96f8","FUN_001f96f8",direct
"00237ed0","FUN_00237ed0","00238004","00212f90","FUN_00212f90",direct
"00237ed0","FUN_00237ed0","00238010","00237ed0","FUN_00237ed0",tail
"00237ed0","FUN_00237ed0","0023801c","001f96f8","FUN_001f96f8",direct
"00237ed0","FUN_00237ed0","00238030","00237ed0","FUN_00237ed0",tail
"00237ed0","FUN_00237ed0","00238040","00237ed0","FUN_00237ed0",tail
"00237ed0","FUN_00237ed0","00238048","001f96f8","FUN_001f96f8",direct
"00237ed0","FUN_00237ed0","0023805c","00212f90","FUN_00212f90",direct
"00237ed0","FUN_00237ed0","00238078","00237ed0","FUN_00237ed0",tail
"00237ed0","FUN_00237ed0","00238088","00237ed0","FUN_00237ed0",tail
"00237ed0","FUN_00237ed0","00238094","00237ed0","FUN_00237ed0",tail
"00237ed0","FUN_00237ed0","0023809c","001f96f8","FUN_001f96f8",direct
"00237ed0","FUN_00237ed0","002380b0","00212f90","FUN_00212f90",direct
"00237ed0","FUN_00237ed0","002380b8","00237ed0","FUN_00237ed0",tail
"00237ed0","FUN_00237ed0","002380c4","00237ed0","FUN_00237ed0",tail
"00237ed0","FUN_00237ed0","002380d0","00237ed0","FUN_00237ed0",tail
"00237ed0","FUN_00237ed0","002380fc","00214cc8","FUN_00214cc8",direct
"00237ed0","FUN_00237ed0","00238104","00237ed0","FUN_00237ed0",tail
"00237ed0","FUN_00237ed0","0023810c","00237ed0","FUN_00237ed0",tail
"00237ed0","FUN_00237ed0","00238114","00215b10","FUN_00215b10",direct
"00237ed0","FUN_00237ed0","00238124","00237ed0","FUN_00237ed0",tail
"00237ed0","FUN_00237ed0","00238130","00237ed0","FUN_00237ed0",tail
"00237ed0","FUN_00237ed0","00238138","001f96f8","FUN_001f96f8",direct
"00237ed0","FUN_00237ed0","0023814c","00212f90","FUN_00212f90",direct
"00237ed0","FUN_00237ed0","0023815c","00237ed0","FUN_00237ed0",tail
"00237ed0","FUN_00237ed0","00238170","00237ed0","FUN_00237ed0",tail
"00237ed0","FUN_00237ed0","00238180","00237ed0","FUN_00237ed0",tail
"00237ed0","FUN_00237ed0","002381a0","00237ed0","FUN_00237ed0",tail
"00237ed0","FUN_00237ed0","002381bc","00237ed0","FUN_00237ed0",tail
"00237ed0","FUN_00237ed0","002381c4","001f96f8","FUN_001f96f8",direct
"00237ed0","FUN_00237ed0","002381d8","00212f90","FUN_00212f90",direct
"00237ed0","FUN_00237ed0","002381e0","00237ed0","FUN_00237ed0",tail
"00237ed0","FUN_00237ed0","002381f4","00237ed0","FUN_00237ed0",tail
"00237ed0","FUN_00237ed0","00238204","00237ed0","FUN_00237ed0",tail
"00237ed0","FUN_00237ed0","00238234","00237ed0","FUN_00237ed0",tail
"00237ed0","FUN_00237ed0","0023823c","001f96f8","FUN_001f96f8",direct
"00237ed0","FUN_00237ed0","00238250","00212f90","FUN_00212f90",direct
"00237ed0","FUN_00237ed0","00238258","00237ed0","FUN_00237ed0",tail
"00237ed0","FUN_00237ed0","0023826c","00237ed0","FUN_00237ed0",tail
"00237ed0","FUN_00237ed0","0023827c","00237ed0","FUN_00237ed0",tail
"00237ed0","FUN_00237ed0","002382ac","00237ed0","FUN_00237ed0",tail
"00237ed0","FUN_00237ed0","002382b4","001f96f8","FUN_001f96f8",direct
"00237ed0","FUN_00237ed0","002382c8","00212f90","FUN_00212f90",direct
"00238310","FUN_00238310","0023835c","001ff960","FUN_001ff960",direct
"00238310","FUN_00238310","00238364","001ffa10","FUN_001ffa10",direct
"00238310","FUN_00238310","0023837c","00238310","FUN_00238310",tail
"00238310","FUN_00238310","00238398","00238310","FUN_00238310",tail
"00238310","FUN_00238310","002383ac","00238310","FUN_00238310",tail
"00238310","FUN_00238310","002383d0","00238310","FUN_00238310",tail
"00238310","FUN_00238310","002383d8","00238310","FUN_00238310",tail
"00238310","FUN_00238310","002383e0","00238310","FUN_00238310",tail
"00238310","FUN_00238310","002383ec","001f96f8","FUN_001f96f8",direct
"00238310","FUN_00238310","002383f8","001f96f8","FUN_001f96f8",direct
"00238310","FUN_00238310","0023840c","00238310","FUN_00238310",tail
"00238310","FUN_00238310","0023841c","001f96f8","FUN_001f96f8",direct
"00238310","FUN_00238310","00238430","00238310","FUN_00238310",tail
"00238310","FUN_00238310","00238438","00238310","FUN_00238310",tail
"00238310","FUN_00238310","00238450","00238310","FUN_00238310",tail
"00238310","FUN_00238310","0023845c","00238310","FUN_00238310",tail
"00238310","FUN_00238310","00238464","001fa6c0","FUN_001fa6c0",direct
"00238310","FUN_00238310","0023846c","001fa6d0","FUN_001fa6d0",direct
"00238310","FUN_00238310","00238478","001fa6c0","FUN_001fa6c0",direct
"00238310","FUN_00238310","00238480","001fa6d0","FUN_001fa6d0",direct
"00238310","FUN_00238310","002384bc","001f5450","FUN_001f5450",direct
"00238310","FUN_00238310","002384d4","001fa6c0","FUN_001fa6c0",direct
"00238310","FUN_00238310","002384dc","001fa6d0","FUN_001fa6d0",direct
"00238310","FUN_00238310","002384e4","00238310","FUN_00238310",tail
"00238520","FUN_00238520","00238554","001fb8f0","FUN_001fb8f0",direct
"00238520","FUN_00238520","0023855c","001166cc","FUN_001166cc",direct
"00238520","FUN_00238520","0023856c","00238520","FUN_00238520",tail
"00238520","FUN_00238520","00238580","00238520","FUN_00238520",tail
"00238520","FUN_00238520","00238588","00238520","FUN_00238520",tail
"00238520","FUN_00238520","00238598","00213260","FUN_00213260",direct
"00238520","FUN_00238520","002385a8","001fdd10","FUN_001fdd10",direct
"00238520","FUN_00238520","002385b0","00237e90","FUN_00237e90",direct
"00238520","FUN_00238520","002385d0","00238310","FUN_00238310",direct
"00238520","FUN_00238520","002385f0","001fb8f0","FUN_001fb8f0",direct
"00238520","FUN_00238520","00238610","001fb8f0","FUN_001fb8f0",direct
"00238630","FUN_00238630","00238650","001fb8f0","FUN_001fb8f0",direct
"00238630","FUN_00238630","00238664","00238630","FUN_00238630",tail
"00238630","FUN_00238630","00238674","0020d330","FUN_0020d330",direct
"00238688","FUN_00238688","00238694","00238688","FUN_00238688",tail
"00238688","FUN_00238688","002386a8","00238688","FUN_00238688",tail
"00238688","FUN_00238688","002386c0","00116248","FUN_00116248",direct
"00238688","FUN_00238688","002386c8","00238688","FUN_00238688",tail
"00238688","FUN_00238688","002386d4","00116248","FUN_00116248",direct
"002386e8","FUN_002386e8","0023872c","001fb8f0","FUN_001fb8f0",direct
"002386e8","FUN_002386e8","00238744","002386e8","FUN_002386e8",tail
"002386e8","FUN_002386e8","0023876c","001f99a8","FUN_001f99a8",direct
"002386e8","FUN_002386e8","002387a0","001fb8f0","FUN_001fb8f0",direct
"002386e8","FUN_002386e8","002387c0","001fb8f0","FUN_001fb8f0",direct
"002386e8","FUN_002386e8","002387cc","002386e8","FUN_002386e8",tail
"002386e8","FUN_002386e8","002387f8","002386e8","FUN_002386e8",tail
"002386e8","FUN_002386e8","00238800","001ff960","FUN_001ff960",direct
"002386e8","FUN_002386e8","00238808","002386e8","FUN_002386e8",tail
"002386e8","FUN_002386e8","00238810","001ff960","FUN_001ff960",direct
"002386e8","FUN_002386e8","0023882c","001ffc30","FUN_001ffc30",direct
"002386e8","FUN_002386e8","00238844","002386e8","FUN_002386e8",tail
"002386e8","FUN_002386e8","0023884c","002386e8","FUN_002386e8",tail
"002386e8","FUN_002386e8","00238858","002386e8","FUN_002386e8",tail
"002386e8","FUN_002386e8","00238864","002386e8","FUN_002386e8",tail
"002386e8","FUN_002386e8","0023886c","002386e8","FUN_002386e8",tail
"002386e8","FUN_002386e8","00238874","002386e8","FUN_002386e8",tail
"002386e8","FUN_002386e8","00238888","001f99a8","FUN_001f99a8",direct
"002386e8","FUN_002386e8","002388bc","001fb8f0","FUN_001fb8f0",direct
"002386e8","FUN_002386e8","002388dc","001fb8f0","FUN_001fb8f0",direct
"002386e8","FUN_002386e8","00238924","002386e8","FUN_002386e8",tail
"002386e8","FUN_002386e8","0023895c","002386e8","FUN_002386e8",tail
"002386e8","FUN_002386e8","00238964","001ff960","FUN_001ff960",direct
"002386e8","FUN_002386e8","0023896c","002386e8","FUN_002386e8",tail
"002386e8","FUN_002386e8","00238974","001ff960","FUN_001ff960",direct
"002386e8","FUN_002386e8","00238998","001ffc30","FUN_001ffc30",direct
"002386e8","FUN_002386e8","002389a4","002386e8","FUN_002386e8",tail
"002389e0","FUN_002389e0","00238a20","001fb8f0","FUN_001fb8f0",direct
"002389e0","FUN_002389e0","00238a38","0020d330","FUN_0020d330",direct
"002389e0","FUN_002389e0","00238a44","0020d330","FUN_0020d330",direct
"002389e0","FUN_002389e0","00238a60","002389e0","FUN_002389e0",tail
"002389e0","FUN_002389e0","00238a88","001fdd10","FUN_001fdd10",direct
"002389e0","FUN_002389e0","00238aa8","001f65b0","FUN_001f65b0",direct
"002389e0","FUN_002389e0","00238ab0","001fdd10","FUN_001fdd10",direct
"002389e0","FUN_002389e0","00238ad0","001f65b0","FUN_001f65b0",direct
"002389e0","FUN_002389e0","00238afc","00238688","FUN_00238688",direct
"002389e0","FUN_002389e0","00238b1c","001f69d0","FUN_001f69d0",direct
"002389e0","FUN_002389e0","00238b28","002389e0","FUN_002389e0",tail
"002389e0","FUN_002389e0","00238b30","001f6250","FUN_001f6250",direct
"002389e0","FUN_002389e0","00238b58","00200e08","FUN_00200e08",direct
"002389e0","FUN_002389e0","00238b7c","00200e08","FUN_00200e08",direct
"002389e0","FUN_002389e0","00238ba0","00200e08","FUN_00200e08",direct
"002389e0","FUN_002389e0","00238bc4","00200e08","FUN_00200e08",direct
"002389e0","FUN_002389e0","00238be8","00200e08","FUN_00200e08",direct
"002389e0","FUN_002389e0","00238c0c","00200e08","FUN_00200e08",direct
"002389e0","FUN_002389e0","00238c34","00200e08","FUN_00200e08",direct
"002389e0","FUN_002389e0","00238c40","002389e0","FUN_002389e0",tail
"002389e0","FUN_002389e0","00238c5c","002389e0","FUN_002389e0",tail
"002389e0","FUN_002389e0","00238c7c","00238688","FUN_00238688",direct
"002389e0","FUN_002389e0","00238c9c","001f69d0","FUN_001f69d0",direct
"002389e0","FUN_002389e0","00238ca4","002389e0","FUN_002389e0",tail
"002389e0","FUN_002389e0","00238ccc","001fdd10","FUN_001fdd10",direct
"002389e0","FUN_002389e0","00238cec","001f65b0","FUN_001f65b0",direct
"002389e0","FUN_002389e0","00238d18","00238688","FUN_00238688",direct
"002389e0","FUN_002389e0","00238d54","001f69d0","FUN_001f69d0",direct
"002389e0","FUN_002389e0","00238d60","002389e0","FUN_002389e0",tail
"002389e0","FUN_002389e0","00238d68","001f6250","FUN_001f6250",direct
"002389e0","FUN_002389e0","00238d90","00200e08","FUN_00200e08",direct
"002389e0","FUN_002389e0","00238db4","00200e08","FUN_00200e08",direct
"002389e0","FUN_002389e0","00238dd8","00200e08","FUN_00200e08",direct
"002389e0","FUN_002389e0","00238dfc","00200e08","FUN_00200e08",direct
"002389e0","FUN_002389e0","00238e20","00200e08","FUN_00200e08",direct
"002389e0","FUN_002389e0","00238e44","00200e08","FUN_00200e08",direct
"002389e0","FUN_002389e0","00238e6c","00200e08","FUN_00200e08",direct
"002389e0","FUN_002389e0","00238e78","002389e0","FUN_002389e0",tail
"002389e0","FUN_002389e0","00238e94","002389e0","FUN_002389e0",tail
"002389e0","FUN_002389e0","00238eb4","00238688","FUN_00238688",direct
"002389e0","FUN_002389e0","00238ed4","001f69d0","FUN_001f69d0",direct
"00238f08","FUN_00238f08","00238f38","001fb8f0","FUN_001fb8f0",direct
"00238f08","FUN_00238f08","00238f48","001153fc","FUN_001153fc",direct
"00238f08","FUN_00238f08","00238f88","00238f08","FUN_00238f08",tail
"00238f08","FUN_00238f08","00238fa8","00238f08","FUN_00238f08",tail
"00238f08","FUN_00238f08","00238fe4","00238f08","FUN_00238f08",tail
"00238f08","FUN_00238f08","00238fec","00238f08","FUN_00238f08",tail
"00238f08","FUN_00238f08","00239010","00238f08","FUN_00238f08",tail
"00238f08","FUN_00238f08","0023901c","00238f08","FUN_00238f08",tail
"00238f08","FUN_00238f08","00239038","00238f08","FUN_00238f08",tail
"00238f08","FUN_00238f08","00239064","00238f08","FUN_00238f08",tail
"00238f08","FUN_00238f08","00239070","00238f08","FUN_00238f08",tail
"00238f08","FUN_00238f08","0023908c","00238f08","FUN_00238f08",tail
"00238f08","FUN_00238f08","002390c0","00238f08","FUN_00238f08",tail
"00238f08","FUN_00238f08","002390cc","00238f08","FUN_00238f08",tail
"00238f08","FUN_00238f08","002390dc","001fdd10","FUN_001fdd10",direct
"00238f08","FUN_00238f08","002390f8","001f75f0","FUN_001f75f0",direct
"00238f08","FUN_00238f08","00239124","001fdd10","FUN_001fdd10",direct
"00238f08","FUN_00238f08","00239140","001f75f0","FUN_001f75f0",direct
"00239160","FUN_00239160","00239180","001fb8f0","FUN_001fb8f0",direct
"00239160","FUN_00239160","00239194","00239160","FUN_00239160",tail
"00239160","FUN_00239160","002391b4","00239160","FUN_00239160",tail
"00239160","FUN_00239160","002391f0","00239160","FUN_00239160",tail
"00239160","FUN_00239160","002391f8","00239160","FUN_00239160",tail
"00239160","FUN_00239160","00239204","00239160","FUN_00239160",tail
"00239160","FUN_00239160","0023921c","00239160","FUN_00239160",tail
"00239160","FUN_00239160","00239248","00239160","FUN_00239160",tail
"00239160","FUN_00239160","00239250","00239160","FUN_00239160",tail
"00239160","FUN_00239160","00239260","00239160","FUN_00239160",tail
"00239160","FUN_00239160","0023927c","00239160","FUN_00239160",tail
"00239160","FUN_00239160","002392ac","00239160","FUN_00239160",tail
"00239160","FUN_00239160","002392b8","001fdd10","FUN_001fdd10",direct
"00239160","FUN_00239160","002392d8","001f6b88","FUN_001f6b88",direct
"00239160","FUN_00239160","002392e0","00239160","FUN_00239160",tail
"00239160","FUN_00239160","002392e8","001fdd10","FUN_001fdd10",direct
"00239160","FUN_00239160","00239308","001f6b88","FUN_001f6b88",direct
"00239328","FUN_00239328","00239378","00233980","FUN_00233980",direct
"00239328","FUN_00239328","00239398","00239328","FUN_00239328",tail
"00239328","FUN_00239328","002393a0","00239328","FUN_00239328",tail
"00239328","FUN_00239328","002393ac","00239328","FUN_00239328",tail
"00239328","FUN_00239328","002393c8","00239328","FUN_00239328",tail
"00239328","FUN_00239328","002393e4","00213260","FUN_00213260",direct
"00239328","FUN_00239328","002393fc","00213260","FUN_00213260",direct
"00239328","FUN_00239328","00239410","001f99a8","FUN_001f99a8",direct
"00239328","FUN_00239328","00239420","00233980","FUN_00233980",direct
"00239328","FUN_00239328","00239440","00233980","FUN_00233980",direct
"00239328","FUN_00239328","00239478","001f44b8","FUN_001f44b8",direct
"00239328","FUN_00239328","002394a8","001f55d8","FUN_001f55d8",direct
"00239328","FUN_00239328","002394b8","00239328","FUN_00239328",tail
"00239328","FUN_00239328","002394cc","00239328","FUN_00239328",tail
"00239328","FUN_00239328","002394d4","00213260","FUN_00213260",direct
"00239328","FUN_00239328","002394dc","00239328","FUN_00239328",tail
"00239328","FUN_00239328","002394ec","00233980","FUN_00233980",direct
"00239328","FUN_00239328","00239500","00233980","FUN_00233980",direct
"00239328","FUN_00239328","00239508","00239328","FUN_00239328",tail
"00239328","FUN_00239328","0023951c","00239328","FUN_00239328",tail
"00239328","FUN_00239328","00239530","001f99a8","FUN_001f99a8",direct
"00239328","FUN_00239328","00239554","001fa6c0","FUN_001fa6c0",direct
"00239328","FUN_00239328","0023959c","001f44b8","FUN_001f44b8",direct
"00239328","FUN_00239328","002395c8","001f55d8","FUN_001f55d8",direct
"00239328","FUN_00239328","002395d8","00239328","FUN_00239328",tail
"00239328","FUN_00239328","002395e0","00239328","FUN_00239328",tail
"00239328","FUN_00239328","002395e8","00213260","FUN_00213260",direct
"00239328","FUN_00239328","002395f0","00239328","FUN_00239328",tail
"00239328","FUN_00239328","00239604","00239328","FUN_00239328",tail
"00239328","FUN_00239328","00239610","001f44b8","FUN_001f44b8",direct
"00239328","FUN_00239328","00239644","001f55d8","FUN_001f55d8",direct
"00239690","FUN_00239690","002396e0","001fb440","FUN_001fb440",direct
"00239690","FUN_00239690","0023970c","001f33b8","FUN_001f33b8",direct
"00239690","FUN_00239690","00239718","00233980","FUN_00233980",direct
"00239690","FUN_00239690","0023972c","00233980","FUN_00233980",direct
"00239750","FUN_00239750","00239758","001fb2d0","FUN_001fb2d0",direct
"00239750","FUN_00239750","00239760","001f2c60","FUN_001f2c60",direct
"00239750","FUN_00239750","00239768","001f2d98","FUN_001f2d98",direct
"00239780","FUN_00239780","00239880","0020cd48","FUN_0020cd48",direct
"00239780","FUN_00239780","0023989c","001f9a28","FUN_001f9a28",direct
"00239780","FUN_00239780","002398b8","001f9a28","FUN_001f9a28",direct
"00239780","FUN_00239780","002398c0","001f9af0","FUN_001f9af0",direct
"00239780","FUN_00239780","002398d8","001f9bf8","FUN_001f9bf8",direct
"00239780","FUN_00239780","002398e8","001f9a10","FUN_001f9a10",direct
"00239780","FUN_00239780","00239904","001f9bf8","FUN_001f9bf8",direct
"00239780","FUN_00239780","0023990c","001f9af0","FUN_001f9af0",direct
"00239780","FUN_00239780","00239924","001f9bf8","FUN_001f9bf8",direct
"00239780","FUN_00239780","00239934","001f9a10","FUN_001f9a10",direct
"00239780","FUN_00239780","00239950","001f9bf8","FUN_001f9bf8",direct
"00239780","FUN_00239780","00239960","001f9a10","FUN_001f9a10",direct
"00239780","FUN_00239780","00239970","001f9a10","FUN_001f9a10",direct
"00239780","FUN_00239780","0023998c","00237c80","FUN_00237c80",direct
"00239780","FUN_00239780","0023999c","00239780","FUN_00239780",tail
"00239780","FUN_00239780","002399a4","00239780","FUN_00239780",tail
"00239780","FUN_00239780","002399b4","00239780","FUN_00239780",tail
"00239780","FUN_00239780","002399c0","001fa6c0","FUN_001fa6c0",direct
"00239780","FUN_00239780","002399e0","00239780","FUN_00239780",tail
"00239780","FUN_00239780","002399e8","001fa6c0","FUN_001fa6c0",direct
"00239780","FUN_00239780","00239a08","001f9af0","FUN_001f9af0",direct
"00239780","FUN_00239780","00239a2c","001f9bf8","FUN_001f9bf8",direct
"00239780","FUN_00239780","00239a3c","001f9bf8","FUN_001f9bf8",direct
"00239780","FUN_00239780","00239a4c","001f9a10","FUN_001f9a10",direct
"00239780","FUN_00239780","00239a54","001f9af0","FUN_001f9af0",direct
"00239780","FUN_00239780","00239a6c","001f9bf8","FUN_001f9bf8",direct
"00239780","FUN_00239780","00239a7c","001f9bf8","FUN_001f9bf8",direct
"00239780","FUN_00239780","00239a8c","001f9a10","FUN_001f9a10",direct
"00239780","FUN_00239780","00239aa8","001f9a10","FUN_001f9a10",direct
"00239780","FUN_00239780","00239ab8","001f9a10","FUN_001f9a10",direct
"00239780","FUN_00239780","00239ac8","001f9a10","FUN_001f9a10",direct
"00239780","FUN_00239780","00239af4","00237c80","FUN_00237c80",direct
"00239780","FUN_00239780","00239b08","00239690","FUN_00239690",direct
"00239780","FUN_00239780","00239b14","001fb740","FUN_001fb740",direct
"00239780","FUN_00239780","00239b28","00233980","FUN_00233980",direct
"00239780","FUN_00239780","00239b34","00239780","FUN_00239780",tail
"00239780","FUN_00239780","00239bc8","00239328","FUN_00239328",direct
"00239780","FUN_00239780","00239bd0","00239750","FUN_00239750",direct
"00239780","FUN_00239780","00239bdc","001fb740","FUN_001fb740",direct
"00239780","FUN_00239780","00239bf0","00233980","FUN_00233980",direct
"00239780","FUN_00239780","00239bfc","00233980","FUN_00233980",direct
"00239780","FUN_00239780","00239c04","00233b68","FUN_00233b68",direct
"00239780","FUN_00239780","00239c14","00239780","FUN_00239780",tail
"00239780","FUN_00239780","00239c58","001fa6d0","FUN_001fa6d0",direct
"00239780","FUN_00239780","00239c8c","001f55d8","FUN_001f55d8",direct
"00239780","FUN_00239780","00239c94","00239780","FUN_00239780",tail
"00239780","FUN_00239780","00239ce8","001f55d8","FUN_001f55d8",direct
"00239780","FUN_00239780","00239cf4","00233980","FUN_00233980",direct
"00239780","FUN_00239780","00239d04","00239780","FUN_00239780",tail
"00239d60","FUN_00239d60","00239db4","001fa6d0","FUN_001fa6d0",direct
"00239d60","FUN_00239d60","00239dc0","001fa6d0","FUN_001fa6d0",direct
"00239d60","FUN_00239d60","00239dcc","001fa6d0","FUN_001fa6d0",direct
"00239d60","FUN_00239d60","00239de0","00239d60","FUN_00239d60",tail
"00239d60","FUN_00239d60","00239e00","00239d60","FUN_00239d60",tail
"00239d60","FUN_00239d60","00239e10","00239d60","FUN_00239d60",tail
"00239d60","FUN_00239d60","00239e20","00239d60","FUN_00239d60",tail
"00239d60","FUN_00239d60","00239e34","00239d60","FUN_00239d60",tail
"00239d60","FUN_00239d60","00239e48","00239d60","FUN_00239d60",tail
"00239d60","FUN_00239d60","00239e54","00239d60","FUN_00239d60",tail
"00239d60","FUN_00239d60","00239e74","001fa6d0","FUN_001fa6d0",direct
"00239d60","FUN_00239d60","00239e94","001fa6d0","FUN_001fa6d0",direct
"00239d60","FUN_00239d60","00239ebc","00239d60","FUN_00239d60",tail
"00239d60","FUN_00239d60","00239ed8","00239d60","FUN_00239d60",tail
"00239f58","FUN_00239f58","00239f98","00239d60","FUN_00239d60",direct
"00239f58","FUN_00239f58","00239fa4","00239f58","FUN_00239f58",tail
"00239f58","FUN_00239f58","00239fec","001fa6d0","FUN_001fa6d0",direct
"00239f58","FUN_00239f58","00239ffc","001fa6d0","FUN_001fa6d0",direct
"00239f58","FUN_00239f58","0023a008","001fa6c0","FUN_001fa6c0",direct
"00239f58","FUN_00239f58","0023a020","001fa6c0","FUN_001fa6c0",direct
"00239f58","FUN_00239f58","0023a060","00239f58","FUN_00239f58",tail
"00239f58","FUN_00239f58","0023a074","00239f58","FUN_00239f58",tail
"00239f58","FUN_00239f58","0023a098","00239f58","FUN_00239f58",tail
"00239f58","FUN_00239f58","0023a0bc","00239f58","FUN_00239f58",tail
"00239f58","FUN_00239f58","0023a0ec","00239f58","FUN_00239f58",tail
"00239f58","FUN_00239f58","0023a0f4","00239f58","FUN_00239f58",tail
"00239f58","FUN_00239f58","0023a108","00239f58","FUN_00239f58",tail
"00239f58","FUN_00239f58","0023a124","00239f58","FUN_00239f58",tail
"00239f58","FUN_00239f58","0023a12c","00239f58","FUN_00239f58",tail
"00239f58","FUN_00239f58","0023a14c","00239f58","FUN_00239f58",tail
"00239f58","FUN_00239f58","0023a178","00239f58","FUN_00239f58",tail
"00239f58","FUN_00239f58","0023a1b0","00239f58","FUN_00239f58",tail
"00239f58","FUN_00239f58","0023a1f8","001f9ad8","FUN_001f9ad8",direct
"00239f58","FUN_00239f58","0023a208","001f9bf8","FUN_001f9bf8",direct
"0023a318","FUN_0023a318","0023a35c","0020cd48","FUN_0020cd48",direct
"0023a318","FUN_0023a318","0023a36c","001f9a28","FUN_001f9a28",direct
"0023a318","FUN_0023a318","0023a380","001f9a28","FUN_001f9a28",direct
"0023a318","FUN_0023a318","0023a388","001f9af0","FUN_001f9af0",direct
"0023a318","FUN_0023a318","0023a394","001f9af0","FUN_001f9af0",direct
"0023a3b8","FUN_0023a3b8","0023a3e0","001188e0","GetThreadId",direct
"0023a3b8","FUN_0023a3b8","0023a3ec","001188a0","ChangeThreadPriority",direct
"0023a3b8","FUN_0023a3b8","0023a3fc","0023a7c0","FUN_0023a7c0",direct
"0023a3b8","FUN_0023a3b8","0023a404","0023a3b8","FUN_0023a3b8",tail
"0023a3b8","FUN_0023a3b8","0023a424","0023a460","FUN_0023a460",direct
"0023a3b8","FUN_0023a3b8","0023a42c","0023aa68","FUN_0023aa68",direct
"0023a460","FUN_0023a460","0023a4a0","00118a80","FlushCache",direct
"0023a460","FUN_0023a460","0023a4ac","00118a80","FlushCache",direct
"0023a460","FUN_0023a460","0023a4b4","00122298","FUN_00122298",direct
"0023a460","FUN_0023a460","0023a4bc","0023a460","FUN_0023a460",tail
"0023a460","FUN_0023a460","0023a4c8","00217a10","FUN_00217a10",direct
"0023a460","FUN_0023a460","0023a4dc","0023a460","FUN_0023a460",tail
"0023a460","FUN_0023a460","0023a4e4","0023a460","FUN_0023a460",tail
"0023a460","FUN_0023a460","0023a4f4","0023a460","FUN_0023a460",tail
"0023a460","FUN_0023a460","0023a504","0023a460","FUN_0023a460",tail
"0023a460","FUN_0023a460","0023a514","0023a460","FUN_0023a460",tail
"0023a460","FUN_0023a460","0023a524","0023a460","FUN_0023a460",tail
"0023a460","FUN_0023a460","0023a534","0023a460","FUN_0023a460",tail
"0023a460","FUN_0023a460","0023a548","0023a460","FUN_0023a460",tail
"0023a460","FUN_0023a460","0023a574","0023a460","FUN_0023a460",tail
"0023a460","FUN_0023a460","0023a588","0023cc70","FUN_0023cc70",direct
"0023a460","FUN_0023a460","0023a594","0023b960","FUN_0023b960",direct
"0023a460","FUN_0023a460","0023a59c","0023a460","FUN_0023a460",tail
"0023a460","FUN_0023a460","0023a5ac","0023a460","FUN_0023a460",tail
"0023a460","FUN_0023a460","0023a5bc","0023ba60","FUN_0023ba60",direct
"0023a460","FUN_0023a460","0023a5cc","0023b990","FUN_0023b990",direct
"0023a460","FUN_0023a460","0023a5d4","0023aba0","FUN_0023aba0",direct
"0023a460","FUN_0023a460","0023a5dc","0023a770","FUN_0023a770",direct
"0023a460","FUN_0023a460","0023a5e8","0023b9d8","FUN_0023b9d8",direct
"0023a460","FUN_0023a460","0023a5f4","0023a460","FUN_0023a460",tail
"0023a460","FUN_0023a460","0023a60c","0012abd0","FUN_0012abd0",direct
"0023a460","FUN_0023a460","0023a61c","0023ba20","FUN_0023ba20",direct
"0023a460","FUN_0023a460","0023a624","0023aba0","FUN_0023aba0",direct
"0023a460","FUN_0023a460","0023a62c","0023a460","FUN_0023a460",tail
"0023a460","FUN_0023a460","0023a644","0023d1f8","FUN_0023d1f8",direct
"0023a460","FUN_0023a460","0023a64c","0023a460","FUN_0023a460",tail
"0023a460","FUN_0023a460","0023a654","0023a790","FUN_0023a790",direct
"0023a460","FUN_0023a460","0023a65c","0023a460","FUN_0023a460",tail
"0023a460","FUN_0023a460","0023a664","0023b590","FUN_0023b590",direct
"0023a460","FUN_0023a460","0023a67c","0023acb8","FUN_0023acb8",direct
"0023a460","FUN_0023a460","0023a688","0023a460","FUN_0023a460",tail
"0023a460","FUN_0023a460","0023a690","0023cc80","FUN_0023cc80",direct
"0023a460","FUN_0023a460","0023a69c","0023a460","FUN_0023a460",tail
"0023a460","FUN_0023a460","0023a6a4","0023a460","FUN_0023a460",tail
"0023a460","FUN_0023a460","0023a6b0","0023aba0","FUN_0023aba0",direct
"0023a460","FUN_0023a460","0023a6b8","0023a770","FUN_0023a770",direct
"0023a460","FUN_0023a460","0023a6c0","0023cd08","FUN_0023cd08",direct
"0023a460","FUN_0023a460","0023a6c8","0023a460","FUN_0023a460",tail
"0023a460","FUN_0023a460","0023a6d0","0023a460","FUN_0023a460",tail
"0023a460","FUN_0023a460","0023a6d8","0023aba0","FUN_0023aba0",direct
"0023a460","FUN_0023a460","0023a6e0","0023a770","FUN_0023a770",direct
"0023a460","FUN_0023a460","0023a6e8","0023cde0","FUN_0023cde0",direct
"0023a460","FUN_0023a460","0023a6f0","0023a460","FUN_0023a460",tail
"0023a460","FUN_0023a460","0023a6f8","0023cc80","FUN_0023cc80",direct
"0023a460","FUN_0023a460","0023a700","0023a460","FUN_0023a460",tail
"0023a460","FUN_0023a460","0023a708","0023b5e0","FUN_0023b5e0",direct
"0023a460","FUN_0023a460","0023a720","0023ad10","FUN_0023ad10",direct
"0023a460","FUN_0023a460","0023a730","0012e208","FUN_0012e208",direct
"0023a460","FUN_0023a460","0023a738","0012dc80","FUN_0012dc80",direct
"0023a770","FUN_0023a770","0023a778","001188c0","RotateThreadReadyQueue",direct
"0023a790","FUN_0023a790","0023a7a8","0023aee0","FUN_0023aee0",direct
"0023a7c0","FUN_0023a7c0","0023a810","0023b940","FUN_0023b940",direct
"0023a7c0","FUN_0023a7c0","0023a818","0012b730","FUN_0012b730",direct
"0023a7c0","FUN_0023a7c0","0023a870","0023cac8","FUN_0023cac8",direct
"0023a7c0","FUN_0023a7c0","0023a8ac","0023abd0","FUN_0023abd0",direct
"0023a7c0","FUN_0023a7c0","0023a8d0","0023cbd0","FUN_0023cbd0",direct
"0023a7c0","FUN_0023a7c0","0023a8f4","0023cbd0","FUN_0023cbd0",direct
"0023a7c0","FUN_0023a7c0","0023a934","0023d190","FUN_0023d190",direct
"0023a7c0","FUN_0023a7c0","0023a980","00118850","CreateThread",direct
"0023a7c0","FUN_0023a7c0","0023a99c","00118870","_StartThread",direct
"0023a7c0","FUN_0023a7c0","0023a9bc","0023ba48","FUN_0023ba48",direct
"0023a7c0","FUN_0023a7c0","0023a9c4","0023a7c0","FUN_0023a7c0",tail
"0023a7c0","FUN_0023a7c0","0023a9d4","001e93b0","FUN_001e93b0",direct
"0023a7c0","FUN_0023a7c0","0023a9dc","0023a7c0","FUN_0023a7c0",tail
"0023a7c0","FUN_0023a7c0","0023a9f0","00118790","AddIntcHandler",direct
"0023a7c0","FUN_0023a7c0","0023aa10","00119090","FUN_00119090",direct
"0023a7c0","FUN_0023a7c0","0023aa24","001187b0","AddDmacHandler",direct
"0023a7c0","FUN_0023a7c0","0023aa3c","00119160","FUN_00119160",direct
"0023aa68","FUN_0023aa68","0023aa74","00120c30","FUN_00120c30",direct
"0023aa68","FUN_0023aa68","0023aa88","0023b958","FUN_0023b958",direct
"0023aa68","FUN_0023aa68","0023aaa0","0023d1e0","FUN_0023d1e0",direct
"0023aa68","FUN_0023aa68","0023aaa8","00118880","TerminateThread",direct
"0023aa68","FUN_0023aa68","0023aab0","00118860","DeleteThread",direct
"0023aa68","FUN_0023aa68","0023aab8","001190f8","FUN_001190f8",direct
"0023aa68","FUN_0023aa68","0023aad0","001187d0","RemoveDmacHandler",direct
"0023aa68","FUN_0023aa68","0023aad8","00119028","FUN_00119028",direct
"0023aa68","FUN_0023aa68","0023aaf0","001187a0","RemoveIntcHandler",direct
"0023aa68","FUN_0023aa68","0023ab08","0023cc38","FUN_0023cc38",direct
"0023aa68","FUN_0023aa68","0023ab20","0023ac90","FUN_0023ac90",direct
"0023aa68","FUN_0023aa68","0023ab38","0023ba58","FUN_0023ba58",direct
"0023aa68","FUN_0023aa68","0023ab40","00120c30","FUN_00120c30",direct
"0023ab78","FUN_0023ab78","0023ab88","001e93b0","FUN_001e93b0",direct
"0023aba0","FUN_0023aba0","0023abb8","0023aef0","FUN_0023aef0",direct
"0023abd0","FUN_0023abd0","0023abfc","001f9810","FUN_001f9810",direct
"0023abd0","FUN_0023abd0","0023ac5c","0012f068","FUN_0012f068",direct
"0023ac90","FUN_0023ac90","0023ac98","0012f0e0","FUN_0012f0e0",direct
"0023acb8","FUN_0023acb8","0023acf0","0012f108","FUN_0012f108",direct
"0023ad10","FUN_0023ad10","0023ad1c","0012f0a8","FUN_0012f0a8",direct
"0023ad58","FUN_0023ad58","0023ad60","0023ad58","FUN_0023ad58",tail
"0023ad58","FUN_0023ad58","0023ad70","0023ad58","FUN_0023ad58",tail
"0023ad58","FUN_0023ad58","0023add8","0023ad58","FUN_0023ad58",tail
"0023ad58","FUN_0023ad58","0023ade8","0023ad58","FUN_0023ad58",tail
"0023ae28","FUN_0023ae28","0023ae30","0023ae28","FUN_0023ae28",tail
"0023ae28","FUN_0023ae28","0023ae40","0023ae28","FUN_0023ae28",tail
"0023ae28","FUN_0023ae28","0023ae64","0023ae28","FUN_0023ae28",tail
"0023ae28","FUN_0023ae28","0023ae74","0023ae28","FUN_0023ae28",tail
"0023ae28","FUN_0023ae28","0023aeb0","0023ae28","FUN_0023ae28",tail
"0023aef0","FUN_0023aef0","0023aef8","0023aef0","FUN_0023aef0",tail
"0023aef0","FUN_0023aef0","0023af00","0023afc0","FUN_0023afc0",direct
"0023af18","FUN_0023af18","0023af40","00118a80","FlushCache",direct
"0023af18","FUN_0023af18","0023af60","00118b20","sceSifSetDma",direct
"0023af18","FUN_0023af18","0023af74","0023af18","FUN_0023af18",tail
"0023af18","FUN_0023af18","0023af80","00118b10","sceSifDmaStat",direct
"0023af18","FUN_0023af18","0023af94","0023af18","FUN_0023af18",tail
"0023af18","FUN_0023af18","0023af9c","0012f148","FUN_0012f148",direct
"0023afc0","FUN_0023afc0","0023afe0","0023afc0","FUN_0023afc0",tail
"0023afc0","FUN_0023afc0","0023afec","0023afc0","FUN_0023afc0",tail
"0023afc0","FUN_0023afc0","0023aff4","0023afc0","FUN_0023afc0",tail
"0023afc0","FUN_0023afc0","0023affc","0023afc0","FUN_0023afc0",tail
"0023afc0","FUN_0023afc0","0023b008","0023afc0","FUN_0023afc0",tail
"0023afc0","FUN_0023afc0","0023b010","0023afc0","FUN_0023afc0",tail
"0023afc0","FUN_0023afc0","0023b020","0023afc0","FUN_0023afc0",tail
"0023afc0","FUN_0023afc0","0023b030","0023afc0","FUN_0023afc0",tail
"0023afc0","FUN_0023afc0","0023b038","0012f178","FUN_0012f178",direct
"0023afc0","FUN_0023afc0","0023b050","0023afc0","FUN_0023afc0",tail
"0023afc0","FUN_0023afc0","0023b068","0023afc0","FUN_0023afc0",tail
"0023afc0","FUN_0023afc0","0023b074","0023afc0","FUN_0023afc0",tail
"0023afc0","FUN_0023afc0","0023b09c","0023afc0","FUN_0023afc0",tail
"0023afc0","FUN_0023afc0","0023b0d0","0023afc0","FUN_0023afc0",tail
"0023afc0","FUN_0023afc0","0023b0f4","0023afc0","FUN_0023afc0",tail
"0023afc0","FUN_0023afc0","0023b114","0023afc0","FUN_0023afc0",tail
"0023afc0","FUN_0023afc0","0023b128","0023afc0","FUN_0023afc0",tail
"0023afc0","FUN_0023afc0","0023b144","0023afc0","FUN_0023afc0",tail
"0023afc0","FUN_0023afc0","0023b178","0023af18","FUN_0023af18",direct
"0023afc0","FUN_0023afc0","0023b18c","0023afc0","FUN_0023afc0",tail
"0023afc0","FUN_0023afc0","0023b1e0","0023afc0","FUN_0023afc0",tail
"0023afc0","FUN_0023afc0","0023b1ec","0023afc0","FUN_0023afc0",tail
"0023b210","FUN_0023b210","0023b290","0023b210","FUN_0023b210",tail
"0023b210","FUN_0023b210","0023b2a0","0023b210","FUN_0023b210",tail
"0023b210","FUN_0023b210","0023b340","0023b210","FUN_0023b210",tail
"0023b210","FUN_0023b210","0023b350","0023b210","FUN_0023b210",tail
"0023b3d8","FUN_0023b3d8","0023b3ec","00122fe0","FUN_00122fe0",direct
"0023b3d8","FUN_0023b3d8","0023b424","0023b3d8","FUN_0023b3d8",tail
"0023b3d8","FUN_0023b3d8","0023b448","00120558","FUN_00120558",direct
"0023b3d8","FUN_0023b3d8","0023b460","0023b3d8","FUN_0023b3d8",tail
"0023b3d8","FUN_0023b3d8","0023b470","0023d2d8","FUN_0023d2d8",direct
"0023b3d8","FUN_0023b3d8","0023b47c","0023b3d8","FUN_0023b3d8",tail
"0023b3d8","FUN_0023b3d8","0023b48c","0023b3d8","FUN_0023b3d8",tail
"0023b3d8","FUN_0023b3d8","0023b49c","0023b3d8","FUN_0023b3d8",tail
"0023b3d8","FUN_0023b3d8","0023b4a8","0023b3d8","FUN_0023b3d8",tail
"0023b3d8","FUN_0023b3d8","0023b4b0","00120558","FUN_00120558",direct
"0023b3d8","FUN_0023b3d8","0023b4bc","001232c8","FUN_001232c8",direct
"0023b3d8","FUN_0023b3d8","0023b4c8","0023b3d8","FUN_0023b3d8",tail
"0023b3d8","FUN_0023b3d8","0023b4dc","0023b3d8","FUN_0023b3d8",tail
"0023b3d8","FUN_0023b3d8","0023b4e8","0023b3d8","FUN_0023b3d8",tail
"0023b3d8","FUN_0023b3d8","0023b4f4","00120558","FUN_00120558",direct
"0023b3d8","FUN_0023b3d8","0023b508","001232c8","FUN_001232c8",direct
"0023b540","FUN_0023b540","0023b54c","0023b540","FUN_0023b540",tail
"0023b540","FUN_0023b540","0023b564","0023d340","FUN_0023d340",direct
"0023b590","FUN_0023b590","0023b5a0","00122298","FUN_00122298",direct
"0023b590","FUN_0023b590","0023b5b4","0023b590","FUN_0023b590",tail
"0023b5f0","FUN_0023b5f0","0023b660","0023cbf0","FUN_0023cbf0",direct
"0023b5f0","FUN_0023b5f0","0023b6a0","0023b810","FUN_0023b810",direct
"0023b5f0","FUN_0023b5f0","0023b6ac","0023b5f0","FUN_0023b5f0",tail
"0023b5f0","FUN_0023b5f0","0023b6c8","0023cc98","FUN_0023cc98",direct
"0023b5f0","FUN_0023b5f0","0023b6d0","0023b5f0","FUN_0023b5f0",tail
"0023b5f0","FUN_0023b5f0","0023b6dc","0023ab78","FUN_0023ab78",direct
"0023b5f0","FUN_0023b5f0","0023b6f8","0023cc10","FUN_0023cc10",direct
"0023b728","FUN_0023b728","0023b7a4","0023ad58","FUN_0023ad58",direct
"0023b728","FUN_0023b728","0023b7c8","0023b810","FUN_0023b810",direct
"0023b728","FUN_0023b728","0023b7e0","0023ae28","FUN_0023ae28",direct
"0023b810","FUN_0023b810","0023b860","0023b810","FUN_0023b810",tail
"0023b810","FUN_0023b810","0023b86c","0023b810","FUN_0023b810",tail
"0023b810","FUN_0023b810","0023b87c","00115248","FUN_00115248",direct
"0023b810","FUN_0023b810","0023b88c","00115248","FUN_00115248",direct
"0023b810","FUN_0023b810","0023b8a0","00115248","FUN_00115248",direct
"0023b810","FUN_0023b810","0023b8a8","0023b810","FUN_0023b810",tail
"0023b810","FUN_0023b810","0023b8b4","0023b810","FUN_0023b810",tail
"0023b810","FUN_0023b810","0023b8c0","00115248","FUN_00115248",direct
"0023b810","FUN_0023b810","0023b8d0","00115248","FUN_00115248",direct
"0023b810","FUN_0023b810","0023b8e4","00115248","FUN_00115248",direct
"0023b810","FUN_0023b810","0023b8ec","0023b810","FUN_0023b810",tail
"0023b810","FUN_0023b810","0023b8f8","00115248","FUN_00115248",direct
"0023b810","FUN_0023b810","0023b908","00115248","FUN_00115248",direct
"0023b960","FUN_0023b960","0023b974","0023b960","FUN_0023b960",tail
"0023b990","FUN_0023b990","0023b9a4","0023b990","FUN_0023b990",tail
"0023b9d8","FUN_0023b9d8","0023b9e8","0023b9d8","FUN_0023b9d8",tail
"0023b9d8","FUN_0023b9d8","0023ba00","0023b9d8","FUN_0023b9d8",tail
"0023ba60","FUN_0023ba60","0023baac","00121450","FUN_00121450",direct
"0023ba60","FUN_0023ba60","0023bab4","0023ba60","FUN_0023ba60",tail
"0023ba60","FUN_0023ba60","0023bacc","00120c30","FUN_00120c30",direct
"0023baf8","FUN_0023baf8","0023bb1c","0023baf8","FUN_0023baf8",tail
"0023bb40","FUN_0023bb40","0023bb4c","0011d660","FUN_0011d660",direct
"0023bb40","FUN_0023bb40","0023bb94","0011d6a8","FUN_0011d6a8",direct
"0023bbb0","FUN_0023bbb0","0023bbbc","0011d660","FUN_0011d660",direct
"0023bbb0","FUN_0023bbb0","0023bc04","0011d6a8","FUN_0011d6a8",direct
"0023bc48","FUN_0023bc48","0023bc94","00118970","CreateSema",direct
"0023bc48","FUN_0023bc48","0023bca0","0023bcc0","FUN_0023bcc0",direct
"0023bcc0","FUN_0023bcc0","0023bcf8","0023bcc0","FUN_0023bcc0",tail
"0023bcc0","FUN_0023bcc0","0023bd44","0023bcc0","FUN_0023bcc0",tail
"0023bcc0","FUN_0023bcc0","0023bd50","0023bcc0","FUN_0023bcc0",tail
"0023bcc0","FUN_0023bcc0","0023bd88","0023bc20","FUN_0023bc20",direct
"0023bcc0","FUN_0023bcc0","0023bd98","0023bcc0","FUN_0023bcc0",tail
"0023bcc0","FUN_0023bcc0","0023bdbc","0023bc20","FUN_0023bc20",direct
"0023bcc0","FUN_0023bcc0","0023bdfc","0023bbb0","FUN_0023bbb0",direct
"0023be20","FUN_0023be20","0023be50","001189b0","WaitSema",direct
"0023be20","FUN_0023be20","0023be7c","0023be20","FUN_0023be20",tail
"0023be20","FUN_0023be20","0023bea0","0023be20","FUN_0023be20",tail
"0023be20","FUN_0023be20","0023beb8","0023be20","FUN_0023be20",tail
"0023be20","FUN_0023be20","0023beec","00118990","SignalSema",direct
"0023bf18","FUN_0023bf18","0023bf30","001189b0","WaitSema",direct
"0023bf18","FUN_0023bf18","0023bf50","00118990","SignalSema",direct
"0023bf70","FUN_0023bf70","0023bfa0","001189b0","WaitSema",direct
"0023bf70","FUN_0023bf70","0023bfac","0023bf70","FUN_0023bf70",tail
"0023bf70","FUN_0023bf70","0023bfb4","0023ab78","FUN_0023ab78",direct
"0023bf70","FUN_0023bf70","0023bfbc","0023bf70","FUN_0023bf70",tail
"0023bf70","FUN_0023bf70","0023bfc4","0023bbb0","FUN_0023bbb0",direct
"0023bf70","FUN_0023bf70","0023bfe8","0023baf8","FUN_0023baf8",direct
"0023bf70","FUN_0023bf70","0023c000","0023bf70","FUN_0023bf70",tail
"0023bf70","FUN_0023bf70","0023c058","0023bf70","FUN_0023bf70",tail
"0023bf70","FUN_0023bf70","0023c064","0023bf70","FUN_0023bf70",tail
"0023bf70","FUN_0023bf70","0023c098","0023bc20","FUN_0023bc20",direct
"0023bf70","FUN_0023bf70","0023c0a0","0023bf70","FUN_0023bf70",tail
"0023bf70","FUN_0023bf70","0023c0d4","0023bc20","FUN_0023bc20",direct
"0023bf70","FUN_0023bf70","0023c0f0","0023bf70","FUN_0023bf70",tail
"0023bf70","FUN_0023bf70","0023c0fc","0023bf70","FUN_0023bf70",tail
"0023bf70","FUN_0023bf70","0023c10c","0023bf70","FUN_0023bf70",tail
"0023bf70","FUN_0023bf70","0023c114","0023bf70","FUN_0023bf70",tail
"0023bf70","FUN_0023bf70","0023c12c","0023bbb0","FUN_0023bbb0",direct
"0023bf70","FUN_0023bf70","0023c134","00118990","SignalSema",direct
"0023c170","FUN_0023c170","0023c180","001189b0","WaitSema",direct
"0023c170","FUN_0023c170","0023c18c","0023bbb0","FUN_0023bbb0",direct
"0023c170","FUN_0023c170","0023c1e4","0023c170","FUN_0023c170",tail
"0023c170","FUN_0023c170","0023c204","0023c170","FUN_0023c170",tail
"0023c170","FUN_0023c170","0023c20c","0023bb40","FUN_0023bb40",direct
"0023c170","FUN_0023c170","0023c264","00118990","SignalSema",direct
"0023c280","FUN_0023c280","0023c2e4","001189b0","WaitSema",direct
"0023c280","FUN_0023c280","0023c2f4","0023c280","FUN_0023c280",tail
"0023c280","FUN_0023c280","0023c320","0023c280","FUN_0023c280",tail
"0023c280","FUN_0023c280","0023c344","0023c280","FUN_0023c280",tail
"0023c280","FUN_0023c280","0023c360","0023c280","FUN_0023c280",tail
"0023c280","FUN_0023c280","0023c368","0023c280","FUN_0023c280",tail
"0023c280","FUN_0023c280","0023c378","0023c280","FUN_0023c280",tail
"0023c280","FUN_0023c280","0023c38c","0023c280","FUN_0023c280",tail
"0023c280","FUN_0023c280","0023c398","0023baf8","FUN_0023baf8",direct
"0023c280","FUN_0023c280","0023c3a8","0023baf8","FUN_0023baf8",direct
"0023c280","FUN_0023c280","0023c3b4","0023c280","FUN_0023c280",tail
"0023c280","FUN_0023c280","0023c3d0","0023c280","FUN_0023c280",tail
"0023c280","FUN_0023c280","0023c450","0023c280","FUN_0023c280",tail
"0023c280","FUN_0023c280","0023c458","0023c280","FUN_0023c280",tail
"0023c280","FUN_0023c280","0023c464","0023c280","FUN_0023c280",tail
"0023c280","FUN_0023c280","0023c47c","0023c280","FUN_0023c280",tail
"0023c280","FUN_0023c280","0023c488","0023c280","FUN_0023c280",tail
"0023c280","FUN_0023c280","0023c4ac","0023bb40","FUN_0023bb40",direct
"0023c280","FUN_0023c280","0023c4b8","0023c280","FUN_0023c280",tail
"0023c280","FUN_0023c280","0023c4c8","0023c280","FUN_0023c280",tail
"0023c280","FUN_0023c280","0023c4ec","0023c280","FUN_0023c280",tail
"0023c280","FUN_0023c280","0023c508","0023c280","FUN_0023c280",tail
"0023c280","FUN_0023c280","0023c52c","0023c280","FUN_0023c280",tail
"0023c280","FUN_0023c280","0023c55c","0023c280","FUN_0023c280",tail
"0023c280","FUN_0023c280","0023c564","0023bbb0","FUN_0023bbb0",direct
"0023c280","FUN_0023c280","0023c584","00118990","SignalSema",direct
"0023c5b8","FUN_0023c5b8","0023c5c8","0023bbb0","FUN_0023bbb0",direct
"0023c5b8","FUN_0023c5b8","0023c5f4","00118980","DeleteSema",direct
"0023c610","FUN_0023c610","0023c624","001189b0","WaitSema",direct
"0023c610","FUN_0023c610","0023c63c","00118990","SignalSema",direct
"0023c660","FUN_0023c660","0023c670","001189b0","WaitSema",direct
"0023c660","FUN_0023c660","0023c69c","00118990","SignalSema",direct
"0023c6b8","FUN_0023c6b8","0023c6d8","0023c6b8","FUN_0023c6b8",tail
"0023c6b8","FUN_0023c6b8","0023c6f0","0023c6b8","FUN_0023c6b8",tail
"0023c6b8","FUN_0023c6b8","0023c70c","0023c6b8","FUN_0023c6b8",tail
"0023c6b8","FUN_0023c6b8","0023c718","0023c6b8","FUN_0023c6b8",tail
"0023c6b8","FUN_0023c6b8","0023c72c","0023c6b8","FUN_0023c6b8",tail
"0023c6b8","FUN_0023c6b8","0023c74c","0023c6b8","FUN_0023c6b8",tail
"0023c6b8","FUN_0023c6b8","0023c754","0023c6b8","FUN_0023c6b8",tail
"0023c6b8","FUN_0023c6b8","0023c780","0023c6b8","FUN_0023c6b8",tail
"0023c6b8","FUN_0023c6b8","0023c78c","0023c6b8","FUN_0023c6b8",tail
"0023c6b8","FUN_0023c6b8","0023c7b4","0023c6b8","FUN_0023c6b8",tail
"0023c6b8","FUN_0023c6b8","0023c7cc","0023c6b8","FUN_0023c6b8",tail
"0023c6b8","FUN_0023c6b8","0023c7d8","0023c6b8","FUN_0023c6b8",tail
"0023c6b8","FUN_0023c6b8","0023c7f0","0023c6b8","FUN_0023c6b8",tail
"0023c6b8","FUN_0023c6b8","0023c7fc","0023c6b8","FUN_0023c6b8",tail
"0023c810","FUN_0023c810","0023c830","001189b0","WaitSema",direct
"0023c810","FUN_0023c810","0023c844","0023c810","FUN_0023c810",tail
"0023c810","FUN_0023c810","0023c84c","0023c6b8","FUN_0023c6b8",direct
"0023c810","FUN_0023c810","0023c858","0023c810","FUN_0023c810",tail
"0023c810","FUN_0023c810","0023c864","0023c810","FUN_0023c810",tail
"0023c810","FUN_0023c810","0023c8e8","0023c810","FUN_0023c810",tail
"0023c810","FUN_0023c810","0023c8fc","00118990","SignalSema",direct
"0023c920","FUN_0023c920","0023c990","001189b0","WaitSema",direct
"0023c920","FUN_0023c920","0023c9b0","0023c920","FUN_0023c920",tail
"0023c920","FUN_0023c920","0023c9d0","0023c920","FUN_0023c920",tail
"0023c920","FUN_0023c920","0023c9f4","0023c920","FUN_0023c920",tail
"0023c920","FUN_0023c920","0023ca2c","0023c920","FUN_0023c920",tail
"0023c920","FUN_0023c920","0023ca84","0023c920","FUN_0023c920",tail
"0023c920","FUN_0023c920","0023ca8c","0023c920","FUN_0023c920",tail
"0023c920","FUN_0023c920","0023ca94","00118990","SignalSema",direct
"0023cac8","FUN_0023cac8","0023cafc","0012b7d8","FUN_0012b7d8",direct
"0023cac8","FUN_0023cac8","0023cb14","0012bb10","FUN_0012bb10",direct
"0023cac8","FUN_0023cac8","0023cb2c","0012bb10","FUN_0012bb10",direct
"0023cac8","FUN_0023cac8","0023cb44","0012bb10","FUN_0012bb10",direct
"0023cac8","FUN_0023cac8","0023cb5c","0012bb10","FUN_0012bb10",direct
"0023cac8","FUN_0023cac8","0023cb74","0012bb10","FUN_0012bb10",direct
"0023cac8","FUN_0023cac8","0023cb7c","0023cc30","FUN_0023cc30",direct
"0023cac8","FUN_0023cac8","0023cb98","0023bc48","FUN_0023bc48",direct
"0023cbd0","FUN_0023cbd0","0023cbd8","0012aec8","FUN_0012aec8",direct
"0023cbf0","FUN_0023cbf0","0023cbf8","0023be20","FUN_0023be20",direct
"0023cc10","FUN_0023cc10","0023cc18","0023bf18","FUN_0023bf18",direct
"0023cc38","FUN_0023cc38","0023cc48","0023c5b8","FUN_0023c5b8",direct
"0023cc38","FUN_0023cc38","0023cc50","0012b9e0","FUN_0012b9e0",direct
"0023cc98","FUN_0023cc98","0023cccc","0023c810","FUN_0023c810",direct
"0023cce0","FUN_0023cce0","0023cce8","0023c610","FUN_0023c610",direct
"0023cd08","FUN_0023cd08","0023cd3c","0023cbf0","FUN_0023cbf0",direct
"0023cd08","FUN_0023cd08","0023cd54","0023cd08","FUN_0023cd08",tail
"0023cd08","FUN_0023cd08","0023cd8c","0023b810","FUN_0023b810",direct
"0023cd08","FUN_0023cd08","0023cda8","0023cc10","FUN_0023cc10",direct
"0023cd08","FUN_0023cd08","0023cdb0","0023c660","FUN_0023c660",direct
"0023cd08","FUN_0023cd08","0023cdbc","0023cd08","FUN_0023cd08",tail
"0023cde0","FUN_0023cde0","0023cdf4","0023cce0","FUN_0023cce0",direct
"0023cde0","FUN_0023cde0","0023cdfc","0023cde0","FUN_0023cde0",tail
"0023cde0","FUN_0023cde0","0023ce04","0012ba58","FUN_0012ba58",direct
"0023ce28","FUN_0023ce28","0023ce44","0023bcc0","FUN_0023bcc0",direct
"0023ce28","FUN_0023ce28","0023ce64","0023d1e8","FUN_0023d1e8",direct
"0023ce28","FUN_0023ce28","0023ce6c","0023cec8","FUN_0023cec8",direct
"0023ce28","FUN_0023ce28","0023ce88","0023ce28","FUN_0023ce28",tail
"0023ce28","FUN_0023ce28","0023ce90","0023cc80","FUN_0023cc80",direct
"0023ce28","FUN_0023ce28","0023ce98","0023ce28","FUN_0023ce28",tail
"0023ce28","FUN_0023ce28","0023cea4","0023cc88","FUN_0023cc88",direct
"0023cec8","FUN_0023cec8","0023cefc","0023cec8","FUN_0023cec8",tail
"0023cec8","FUN_0023cec8","0023cf08","0023cec8","FUN_0023cec8",tail
"0023cec8","FUN_0023cec8","0023cf10","0023a770","FUN_0023a770",direct
"0023cec8","FUN_0023cec8","0023cf20","0023d288","FUN_0023d288",direct
"0023cec8","FUN_0023cec8","0023cf28","0023cec8","FUN_0023cec8",tail
"0023cec8","FUN_0023cec8","0023cf34","0012b9f0","FUN_0012b9f0",direct
"0023cec8","FUN_0023cec8","0023cf3c","0023cec8","FUN_0023cec8",tail
"0023cec8","FUN_0023cec8","0023cf48","0023ab78","FUN_0023ab78",direct
"0023cec8","FUN_0023cec8","0023cf54","0023cec8","FUN_0023cec8",tail
"0023cec8","FUN_0023cec8","0023cf7c","0023cec8","FUN_0023cec8",tail
"0023cec8","FUN_0023cec8","0023cfc0","0023b210","FUN_0023b210",direct
"0023cec8","FUN_0023cec8","0023cfe0","0023cec8","FUN_0023cec8",tail
"0023cec8","FUN_0023cec8","0023cff8","0023d210","FUN_0023d210",direct
"0023cec8","FUN_0023cec8","0023d000","0023a770","FUN_0023a770",direct
"0023cec8","FUN_0023cec8","0023d008","0012ba48","FUN_0012ba48",direct
"0023cec8","FUN_0023cec8","0023d010","0023cec8","FUN_0023cec8",tail
"0023cec8","FUN_0023cec8","0023d018","0023cc80","FUN_0023cc80",direct
"0023cec8","FUN_0023cec8","0023d024","0023cec8","FUN_0023cec8",tail
"0023cec8","FUN_0023cec8","0023d038","001e93b0","FUN_001e93b0",direct
"0023cec8","FUN_0023cec8","0023d040","0012ba68","FUN_0012ba68",direct
"0023d080","FUN_0023d080","0023d090","001e93b0","FUN_001e93b0",direct
"0023d0a8","FUN_0023d0a8","0023d0b0","0023a770","FUN_0023a770",direct
"0023d0a8","FUN_0023d0a8","0023d0c8","0023bf70","FUN_0023bf70",direct
"0023d140","FUN_0023d140","0023d164","0023c920","FUN_0023c920",direct
"0023d190","FUN_0023d190","0023d1a4","0023d190","FUN_0023d190",tail
"0023d190","FUN_0023d190","0023d1cc","0023d190","FUN_0023d190",tail
"0023d210","FUN_0023d210","0023d21c","0011d660","FUN_0011d660",direct
"0023d210","FUN_0023d210","0023d254","0023d210","FUN_0023d210",tail
"0023d210","FUN_0023d210","0023d270","0011d6a8","FUN_0011d6a8",direct
"0023d288","FUN_0023d288","0023d294","0023d1f8","FUN_0023d1f8",direct
"0023d288","FUN_0023d288","0023d29c","0023d288","FUN_0023d288",tail
"0023d2d8","FUN_0023d2d8","0023d2e4","0023d2c8","FUN_0023d2c8",direct
"0023d2d8","FUN_0023d2d8","0023d2ec","0023d2d8","FUN_0023d2d8",tail
"0023d2d8","FUN_0023d2d8","0023d310","0023d2d8","FUN_0023d2d8",tail
"0023d340","FUN_0023d340","0023d344","0023d340","FUN_0023d340",tail
